StudentID,Gender,City,CollegeTier,Stream,Specialisation,Hostel,HistoryOfBacklogs,SGPA_Sem1,SGPA_Sem2,SGPA_Sem3,SGPA_Sem4,SGPA_Sem5,SGPA_Sem6,SGPA_Sem7,SGPA_Sem8,CGPA,AttendancePercent,Internships,Projects,Workshops,Certifications,Publications,AptitudeTestScore,SoftSkillsRating,CodingTestScore,MockInterviewScore,ExtraCurricular,CGPA_Tier,Archetype
1,Male,Pune,Tier3,Mechanical,Networking,No,Yes,5.41,4.73,4.68,4.64,5.39,5.35,5.12,4.66,4.78,40.0,0,0,1,2,1,49.2,1.9,25.3,61.3,0,Low,Below-Average
2,Female,Mumbai,Tier2,CS,DataScience,No,No,7.68,7.51,7.54,7.48,7.32,7.14,7.47,8.01,7.54,68.9,1,3,1,4,1,57.7,3.6,58.7,67.1,0,Mid,Average
3,Male,Kolkata,Tier3,EE,AI,No,No,4.85,4.13,4.98,5.04,4.64,5.1,4.74,4.41,4.66,69.8,0,1,1,1,0,55.0,2.5,45.3,68.6,1,Low,Below-Average
4,Female,Mumbai,Tier3,Civil,DataScience,No,No,5.28,5.24,5.35,5.26,4.9,5.87,5.01,5.66,5.3,53.7,0,1,0,1,0,35.0,4.5,48.8,36.2,0,Low,Below-Average
5,Male,Hyderabad,Tier1,Civil,AI,No,No,8.27,8.22,8.45,7.6,8.71,8.36,7.71,7.99,8.21,83.9,2,3,4,3,2,87.4,4.3,80.6,65.7,0,High,High-Achiever
6,Female,Kolkata,Tier2,Civil,Networking,No,Yes,6.13,5.9,6.13,5.86,5.64,5.44,6.32,6.15,6.13,81.8,2,2,1,2,1,55.9,2.8,67.5,55.1,1,Low,Specialist
7,Female,Chennai,Tier3,Civil,DataScience,No,No,5.0,4.33,5.52,5.95,5.98,5.07,5.51,4.92,5.05,73.4,1,0,2,1,0,35.4,2.0,26.6,41.2,0,Low,Below-Average
8,Male,Kochi,Tier3,CS,Embedded,No,Yes,5.18,5.7,4.58,5.19,5.29,5.25,5.23,5.47,5.31,65.2,1,1,0,1,0,62.4,3.6,62.5,50.5,1,Low,Below-Average
9,Male,Kolkata,Tier1,CS,Embedded,No,No,8.68,7.95,7.99,9.02,7.66,9.03,8.39,7.9,8.38,85.7,3,4,2,3,1,79.6,4.1,74.4,85.5,0,High,High-Achiever
10,Male,Ahmedabad,Tier2,IT,DataScience,No,No,6.31,6.55,6.73,7.04,7.28,6.54,6.94,6.6,6.56,73.1,2,1,2,1,1,80.3,3.1,72.8,61.3,1,Mid,Average
11,Male,Ahmedabad,Tier2,Civil,AI,Yes,No,6.93,6.96,6.89,7.57,7.26,6.99,7.86,7.02,7.29,68.6,1,2,2,2,1,74.8,3.7,51.6,60.1,1,Mid,Average
12,Female,Delhi,Tier2,Civil,AI,Yes,Yes,5.83,6.54,5.31,6.05,5.81,6.9,5.91,6.39,6.19,61.0,0,2,1,1,1,52.0,3.7,83.5,61.3,0,Low,Specialist
13,Male,Chennai,Tier2,CS,DataScience,Yes,No,6.6,6.54,6.91,7.0,6.87,6.91,7.22,6.64,6.95,66.6,1,4,2,1,0,64.3,3.8,65.6,59.9,0,Mid,Average
14,Male,Kochi,Tier3,Civil,DataScience,No,Yes,4.63,5.57,4.76,5.37,5.38,5.23,5.8,5.44,5.2,53.8,0,0,0,1,0,49.1,2.8,33.8,40.6,0,Low,Below-Average
15,Male,Mumbai,Tier2,IT,Networking,No,Yes,7.41,7.96,7.39,7.07,7.27,7.39,7.59,7.18,7.48,66.7,0,2,0,2,1,77.2,3.6,74.3,70.3,1,Mid,Average
16,Female,Hyderabad,Tier1,ECE,AI,Yes,No,8.37,8.27,8.3,8.63,8.49,8.53,8.0,8.34,8.38,80.2,1,3,3,4,1,82.6,4.3,82.5,86.8,1,High,High-Achiever
17,Female,Mumbai,Tier2,EE,DataScience,No,No,7.14,7.13,6.5,6.23,6.82,6.6,6.82,6.99,6.82,76.8,2,1,1,2,1,66.4,3.7,64.1,70.7,0,Mid,Average
18,Female,Ahmedabad,Tier1,CS,Networking,No,No,8.85,8.51,8.88,8.46,8.97,8.88,9.15,8.34,8.55,89.2,2,4,1,4,0,78.8,4.4,80.1,76.8,0,High,High-Achiever
19,Female,Pune,Tier3,ECE,DataScience,Yes,Yes,6.85,6.69,6.39,6.23,6.79,6.53,7.06,7.33,6.69,77.0,0,1,0,1,0,47.5,3.5,48.6,22.6,0,Mid,Below-Average
20,Male,Ahmedabad,Tier2,IT,Networking,No,No,5.49,6.19,6.27,5.99,6.56,6.95,6.55,6.63,6.2,69.7,2,2,2,2,0,75.4,3.5,74.2,60.8,1,Low,Average
21,Male,Mumbai,Tier3,ECE,DataScience,Yes,Yes,5.66,5.71,5.36,5.86,5.88,5.94,6.69,5.96,6.04,63.0,0,1,2,1,0,48.0,2.3,40.7,36.4,0,Low,Below-Average
22,Female,Chennai,Tier2,ECE,DataScience,No,No,5.84,5.43,6.08,6.36,5.41,6.67,5.53,6.28,5.86,77.5,1,2,2,1,0,61.8,3.4,75.6,61.0,1,Low,Average
23,Female,Kolkata,Tier2,ECE,Embedded,No,Yes,5.81,6.1,6.11,6.0,6.19,6.5,6.09,6.29,6.17,67.7,2,3,2,2,0,54.4,3.7,80.1,46.9,0,Low,Specialist
24,Female,Jaipur,Tier3,EE,AI,Yes,Yes,6.59,6.62,6.36,6.64,6.88,6.63,6.73,7.32,6.6,67.4,0,1,1,1,0,43.0,1.7,49.6,43.8,0,Mid,Below-Average
25,Male,Kochi,Tier3,CS,AI,No,Yes,5.65,6.25,5.62,5.59,6.15,5.6,5.75,5.22,5.84,67.8,0,1,1,1,0,35.4,1.7,46.9,33.6,0,Low,Below-Average
26,Male,Hyderabad,Tier1,Mechanical,Embedded,No,No,8.81,8.02,8.39,8.6,8.06,8.74,8.06,8.4,8.59,89.6,2,4,5,2,2,75.5,4.6,74.5,69.0,0,High,High-Achiever
27,Female,Mumbai,Tier2,CS,AI,No,No,6.73,6.57,6.53,6.9,6.96,6.92,6.82,6.39,6.66,73.0,2,2,1,1,0,77.0,4.3,61.9,71.8,1,Mid,Average
28,Male,Ahmedabad,Tier1,EE,DataScience,Yes,No,8.55,8.6,8.56,8.81,8.28,7.58,8.08,7.77,8.52,86.2,2,4,2,3,2,78.8,3.7,82.1,71.2,1,High,High-Achiever
29,Male,Pune,Tier1,IT,Embedded,Yes,No,8.11,8.72,8.68,8.16,7.74,7.76,7.96,8.6,8.37,81.2,1,4,2,4,2,84.2,4.2,76.0,78.0,0,High,High-Achiever
30,Female,Bangalore,Tier3,Civil,DataScience,No,Yes,5.06,4.62,4.93,5.03,4.43,5.2,4.93,4.74,4.95,51.9,2,1,1,1,0,25.7,2.6,45.6,53.5,1,Low,Below-Average
31,Female,Ahmedabad,Tier3,IT,AI,No,No,5.39,4.59,5.59,5.27,5.29,5.68,5.22,4.81,5.3,53.8,0,1,0,0,0,53.1,2.6,43.5,53.1,1,Low,Below-Average
32,Female,Kochi,Tier2,CS,AI,No,No,6.74,6.38,5.99,6.39,6.41,6.0,6.02,6.06,6.16,59.9,1,1,2,1,0,58.4,3.4,84.4,64.5,0,Low,Specialist
33,Female,Pune,Tier2,CS,Networking,No,Yes,7.18,6.47,6.02,6.95,6.57,7.21,6.96,6.76,6.54,78.5,0,1,2,1,0,61.1,2.9,59.4,64.4,0,Mid,Average
34,Male,Delhi,Tier2,ECE,Networking,Yes,No,6.42,6.65,7.2,6.01,5.94,7.03,7.16,6.63,6.52,84.6,0,0,2,1,0,66.4,2.9,59.2,67.8,1,Mid,Average
35,Male,Hyderabad,Tier2,Civil,Networking,No,No,6.59,6.66,6.5,5.87,5.92,5.2,6.01,6.09,6.18,67.7,1,4,2,3,1,61.0,3.3,56.7,73.0,0,Low,Average
36,Male,Pune,Tier1,IT,Embedded,No,No,8.85,9.06,8.68,8.26,8.23,8.66,8.3,8.5,8.7,89.4,3,2,4,4,0,67.3,4.1,83.0,81.0,0,High,High-Achiever
37,Female,Jaipur,Tier1,ECE,Networking,Yes,No,9.51,8.55,9.13,9.36,8.84,8.97,8.92,9.0,8.77,82.8,3,4,2,2,1,85.5,3.7,77.5,65.1,0,High,High-Achiever
38,Female,Jaipur,Tier2,Mechanical,DataScience,No,No,6.61,7.16,7.11,7.19,6.98,7.37,6.87,6.64,7.14,72.6,1,1,2,2,1,66.9,3.9,83.9,57.8,0,Mid,Average
39,Female,Chennai,Tier1,IT,DataScience,No,No,8.9,8.47,9.04,9.3,9.42,8.96,8.94,9.36,8.98,84.5,1,4,2,4,1,78.1,4.0,72.1,82.9,0,High,High-Achiever
40,Female,Mumbai,Tier3,Mechanical,AI,No,No,5.13,4.99,5.48,5.27,5.07,5.32,5.48,5.0,5.56,66.0,1,0,0,0,0,39.3,2.5,36.2,37.7,1,Low,Below-Average
41,Female,Chennai,Tier2,ECE,DataScience,Yes,No,7.34,6.61,7.57,7.3,6.75,7.6,7.82,7.61,7.24,69.6,2,2,3,2,1,53.2,3.6,55.4,75.0,1,Mid,Average
42,Female,Kochi,Tier3,Civil,Embedded,Yes,No,5.24,5.24,5.34,5.8,6.06,5.92,5.83,5.93,5.71,70.1,1,2,0,1,0,50.0,2.7,62.4,43.4,0,Low,Below-Average
43,Male,Hyderabad,Tier3,Mechanical,Embedded,No,No,5.49,5.21,5.67,5.44,5.87,5.6,5.31,4.72,5.44,57.5,1,1,1,1,0,62.5,3.3,28.8,44.9,0,Low,Below-Average
44,Female,Pune,Tier2,IT,Networking,Yes,No,6.79,6.87,6.23,6.41,6.56,6.72,7.54,6.6,6.68,69.8,1,2,2,0,1,66.6,3.0,63.8,71.0,0,Mid,Average
45,Female,Bangalore,Tier3,ECE,Networking,No,Yes,6.99,7.12,6.67,7.4,6.68,7.01,6.65,7.15,7.05,47.5,0,0,1,1,0,35.6,2.0,44.5,42.2,0,Mid,Below-Average
46,Female,Mumbai,Tier3,Civil,Networking,Yes,No,5.08,5.3,5.66,4.4,5.74,5.46,5.16,4.42,5.18,62.5,0,0,0,1,0,50.0,2.6,45.3,45.8,0,Low,Below-Average
47,Male,Chennai,Tier2,ECE,AI,No,No,6.96,6.38,6.8,6.75,7.03,6.39,6.68,6.51,6.6,82.2,2,3,2,3,0,64.6,3.5,71.1,69.2,1,Mid,Average
48,Female,Chennai,Tier1,EE,DataScience,Yes,No,8.7,9.38,8.51,9.23,8.13,9.1,8.85,8.8,8.72,89.4,4,3,2,2,1,85.2,3.7,90.5,67.7,0,High,High-Achiever
49,Female,Jaipur,Tier3,Civil,DataScience,No,No,5.83,5.63,5.55,5.44,5.13,5.69,5.95,5.2,5.68,82.4,0,1,0,0,0,53.5,2.0,37.5,41.1,1,Low,Below-Average
50,Female,Kochi,Tier1,CS,AI,Yes,No,8.19,8.51,7.73,7.83,8.01,7.87,7.14,7.85,7.8,95.1,2,4,2,3,1,62.1,4.3,83.4,83.8,1,Mid,High-Achiever
51,Female,Pune,Tier1,Civil,AI,No,No,8.66,9.08,9.11,9.34,9.58,8.44,9.29,8.86,9.06,86.5,2,2,3,3,1,83.3,3.9,69.0,78.5,0,High,High-Achiever
52,Female,Kolkata,Tier1,Mechanical,Embedded,No,No,8.48,8.57,7.9,8.68,8.77,8.1,8.39,8.65,8.45,86.4,2,4,3,3,1,74.0,3.6,82.7,88.3,1,High,High-Achiever
53,Male,Kolkata,Tier3,EE,Embedded,No,Yes,4.25,5.12,4.33,5.03,5.2,4.96,4.22,4.76,4.72,64.7,1,1,1,1,0,35.2,3.4,34.1,28.2,1,Low,Below-Average
54,Female,Delhi,Tier3,IT,Networking,Yes,Yes,6.69,6.09,6.2,6.47,6.0,6.16,5.66,6.16,6.33,51.6,1,1,0,0,0,46.3,2.4,40.1,27.1,0,Low,Below-Average
55,Male,Kochi,Tier3,CS,AI,No,Yes,6.09,5.36,5.95,6.11,5.96,6.21,5.39,5.64,5.94,71.7,0,1,0,1,0,51.7,3.5,25.1,51.7,0,Low,Below-Average
56,Male,Kochi,Tier3,Mechanical,Embedded,Yes,No,4.6,4.49,5.11,4.63,4.43,4.26,5.16,4.66,4.61,63.6,1,0,1,0,0,33.2,2.8,46.0,52.7,0,Low,Below-Average
57,Female,Kochi,Tier2,ECE,AI,No,No,8.05,8.13,8.18,7.53,8.28,8.09,8.23,8.24,8.07,77.1,1,2,1,2,0,70.6,3.6,44.7,60.5,0,High,Average
58,Female,Mumbai,Tier2,EE,Networking,No,Yes,7.47,8.47,6.68,7.78,7.32,7.28,8.32,7.75,7.4,80.5,0,3,1,3,0,71.1,3.4,61.3,65.2,1,Mid,Average
59,Male,Chennai,Tier1,CS,Networking,No,Yes,8.73,8.13,9.15,8.38,8.67,8.96,8.37,8.25,8.49,96.6,2,4,5,2,1,80.3,3.1,73.4,83.2,1,High,High-Achiever
60,Male,Bangalore,Tier1,EE,AI,No,No,9.48,9.1,8.84,9.08,9.38,9.68,9.58,8.81,9.3,88.9,2,4,3,3,2,74.8,3.7,76.1,72.3,1,High,High-Achiever
61,Female,Kolkata,Tier3,CS,Networking,Yes,No,5.33,5.29,5.96,5.81,6.51,5.6,5.37,5.2,5.61,58.9,1,2,1,0,0,39.2,2.7,53.5,36.9,1,Low,Below-Average
62,Female,Pune,Tier2,EE,AI,No,No,6.97,7.25,6.97,6.84,7.03,6.81,6.46,6.6,6.98,87.1,2,2,1,2,1,73.2,3.7,65.3,63.5,0,Mid,Average
63,Female,Ahmedabad,Tier2,Civil,DataScience,Yes,No,7.25,6.59,6.74,5.79,6.79,6.72,6.41,6.61,6.6,82.7,1,2,1,3,1,52.9,2.6,70.3,69.2,1,Mid,Average
64,Female,Delhi,Tier3,Civil,Embedded,No,No,6.48,5.84,5.79,5.71,6.15,6.43,5.47,6.1,5.91,56.8,0,1,1,1,0,57.6,2.8,57.6,32.3,0,Low,Below-Average
65,Female,Hyderabad,Tier2,Civil,Embedded,Yes,No,6.97,7.27,7.37,6.65,7.03,6.91,7.26,7.49,7.29,75.0,1,3,1,2,0,63.7,2.9,53.0,60.4,0,Mid,Average
66,Male,Mumbai,Tier2,EE,AI,Yes,No,6.76,7.36,7.03,7.1,6.75,7.42,7.48,6.84,7.01,76.6,1,2,2,3,1,64.2,3.6,73.5,60.0,1,Mid,Average
67,Male,Mumbai,Tier2,Mechanical,DataScience,No,No,6.55,6.51,7.1,6.45,5.98,6.75,6.66,6.36,6.53,77.9,2,1,2,2,1,51.3,3.5,46.8,65.3,1,Mid,Average
68,Female,Kolkata,Tier2,CS,AI,No,No,7.18,7.44,7.05,6.99,7.25,7.17,7.08,6.9,7.08,64.1,1,1,4,2,1,63.8,3.9,66.7,61.9,0,Mid,Average
69,Male,Delhi,Tier1,Mechanical,Embedded,Yes,No,8.41,8.83,8.31,8.3,8.42,8.91,7.94,8.31,8.47,80.3,2,4,2,4,1,83.7,4.6,78.5,74.2,1,High,High-Achiever
70,Female,Hyderabad,Tier2,Civil,Networking,No,Yes,5.9,5.69,6.69,5.95,5.94,6.07,5.58,5.83,6.2,67.9,2,1,2,0,1,54.3,3.7,51.6,72.0,1,Low,Average
71,Female,Hyderabad,Tier1,CS,AI,No,Yes,7.59,7.61,7.34,7.75,7.82,7.85,8.14,8.32,7.76,83.2,2,4,2,3,1,83.0,4.5,86.3,74.2,1,Mid,High-Achiever
72,Female,Kolkata,Tier2,IT,Embedded,No,No,7.79,6.86,7.39,7.05,7.49,7.41,7.0,6.99,7.34,69.8,3,4,2,1,0,65.7,3.3,68.5,59.7,1,Mid,Average
73,Male,Chennai,Tier3,Civil,DataScience,No,No,4.09,4.15,4.0,4.0,4.33,4.0,4.0,4.33,4.0,66.3,1,2,1,0,0,42.2,4.5,51.2,28.1,0,Low,Below-Average
74,Female,Hyderabad,Tier1,ECE,AI,Yes,No,8.5,8.36,9.04,9.18,9.14,8.8,8.58,8.63,8.6,87.2,1,5,2,4,0,85.1,3.7,83.5,73.0,0,High,High-Achiever
75,Female,Jaipur,Tier1,Mechanical,AI,Yes,No,7.68,8.51,8.36,8.94,8.73,8.1,8.32,7.72,8.26,89.0,2,3,2,3,1,66.8,4.0,82.9,81.6,1,High,High-Achiever
76,Female,Ahmedabad,Tier1,Mechanical,DataScience,No,No,9.75,9.22,8.43,9.67,8.95,8.67,9.43,8.9,9.15,81.9,3,4,4,5,0,82.1,4.6,85.7,80.2,0,High,High-Achiever
77,Female,Bangalore,Tier1,Civil,DataScience,No,No,8.5,8.53,7.89,8.0,7.87,8.57,8.43,8.17,8.25,85.7,2,4,4,2,2,89.7,4.5,84.1,82.2,0,High,High-Achiever
78,Male,Chennai,Tier3,CS,Networking,No,Yes,5.83,6.3,6.57,5.92,5.67,5.96,6.1,6.41,5.96,65.9,0,1,0,0,0,61.0,3.1,47.4,49.5,1,Low,Below-Average
79,Female,Jaipur,Tier2,ECE,DataScience,Yes,No,6.32,6.73,6.96,6.52,6.73,7.21,6.22,7.0,6.76,79.8,0,4,1,2,0,68.1,3.8,61.8,78.7,1,Mid,Average
80,Female,Kolkata,Tier3,IT,AI,Yes,No,5.11,5.47,6.23,5.36,5.34,5.22,5.5,5.45,5.58,52.8,1,1,2,1,0,45.3,1.5,50.4,36.5,0,Low,Below-Average
81,Female,Kochi,Tier3,Mechanical,Networking,Yes,No,6.05,5.92,6.41,6.24,6.32,5.79,6.18,5.96,6.02,61.6,0,1,1,1,0,42.3,3.8,25.7,27.8,1,Low,Below-Average
82,Female,Chennai,Tier2,Civil,Networking,No,No,6.19,6.85,6.46,7.31,7.58,6.78,7.39,7.0,6.72,92.6,0,1,2,2,1,62.6,3.4,58.8,53.6,1,Mid,Average
83,Male,Mumbai,Tier3,Civil,AI,Yes,No,6.24,5.36,6.25,6.23,6.14,5.85,5.88,6.15,6.2,59.8,1,2,1,1,0,52.9,3.5,28.2,37.0,0,Low,Below-Average
84,Female,Mumbai,Tier1,CS,Embedded,Yes,No,7.65,8.47,8.33,8.16,8.15,7.75,8.43,7.46,8.0,84.5,2,3,2,3,0,75.2,3.4,83.9,71.2,0,High,High-Achiever
85,Male,Hyderabad,Tier1,Mechanical,AI,No,No,8.22,8.22,9.1,8.9,8.77,8.35,8.37,8.73,8.65,87.1,2,4,2,3,3,84.5,4.3,93.5,78.7,0,High,High-Achiever
86,Female,Chennai,Tier1,EE,AI,No,No,8.84,8.53,8.91,8.59,8.23,9.31,8.78,8.81,8.96,88.5,2,2,2,4,1,92.8,4.0,78.7,86.8,1,High,High-Achiever
87,Male,Ahmedabad,Tier3,Mechanical,Networking,No,Yes,5.94,5.99,6.73,5.62,6.27,6.37,6.78,5.76,5.96,58.5,0,1,1,2,0,47.4,3.1,43.3,59.4,1,Low,Below-Average
88,Female,Ahmedabad,Tier2,IT,AI,Yes,No,8.33,8.19,8.6,8.65,8.35,8.64,7.63,7.35,8.15,74.7,2,1,2,2,0,54.2,3.7,66.8,66.0,1,High,Average
89,Male,Delhi,Tier1,CS,AI,Yes,No,7.23,8.36,8.47,8.04,8.57,8.47,8.28,7.66,8.12,80.8,2,4,3,3,1,71.9,4.3,67.5,93.0,0,High,High-Achiever
90,Female,Mumbai,Tier2,ECE,Embedded,No,No,6.1,6.6,6.01,6.21,6.44,6.9,6.04,6.21,6.17,67.3,1,2,1,1,1,71.2,3.0,55.3,59.1,1,Low,Average
91,Male,Hyderabad,Tier1,ECE,DataScience,Yes,No,7.56,7.63,8.11,8.11,7.92,8.73,8.42,7.58,8.0,87.3,2,3,3,4,1,79.6,4.2,84.6,66.6,1,High,High-Achiever
92,Male,Jaipur,Tier3,Mechanical,Networking,No,Yes,5.65,6.17,5.63,5.56,6.1,5.84,5.72,5.84,5.96,58.3,0,1,1,1,0,55.9,2.7,13.0,54.5,0,Low,Below-Average
93,Male,Bangalore,Tier2,IT,Embedded,No,No,7.21,7.25,6.85,6.97,7.8,7.29,6.39,6.98,7.3,70.5,1,1,2,0,0,60.7,3.7,51.2,47.3,1,Mid,Average
94,Male,Chennai,Tier2,Civil,AI,No,No,7.18,7.19,7.75,6.46,7.03,7.34,6.5,7.15,7.06,73.6,0,3,2,0,0,71.6,4.0,69.9,56.0,1,Mid,Average
95,Female,Mumbai,Tier2,CS,AI,No,No,7.11,6.34,6.24,5.73,5.94,6.06,6.34,5.67,6.33,75.5,1,1,3,1,0,63.7,3.6,69.0,66.2,1,Low,Average
96,Male,Ahmedabad,Tier2,EE,AI,No,No,7.8,7.17,6.97,7.69,7.74,7.6,7.66,7.64,7.46,82.1,1,2,2,2,0,59.1,2.9,63.4,61.2,1,Mid,Average
97,Male,Pune,Tier2,EE,AI,No,No,6.88,6.25,6.43,6.5,6.19,6.14,6.13,5.88,6.27,74.2,1,2,1,2,1,61.8,3.6,67.9,60.5,0,Low,Average
98,Male,Chennai,Tier1,ECE,Networking,Yes,No,8.79,8.63,8.8,9.08,9.47,9.05,9.46,8.82,9.08,90.0,1,5,4,3,2,72.8,5.0,83.5,69.7,0,High,High-Achiever
99,Male,Pune,Tier1,CS,Embedded,Yes,No,9.6,10.0,9.51,9.59,10.0,10.0,10.0,10.0,9.93,85.3,2,3,4,3,1,91.9,4.9,85.9,77.9,0,High,High-Achiever
100,Male,Kolkata,Tier2,CS,AI,Yes,Yes,6.54,6.11,6.67,6.3,6.05,7.13,6.31,5.82,6.29,75.1,1,2,1,3,0,59.0,1.1,82.5,67.0,1,Low,Specialist
101,Male,Ahmedabad,Tier2,IT,AI,No,Yes,6.63,5.79,6.26,6.33,5.95,6.51,6.31,6.95,6.47,73.4,1,3,0,3,0,66.4,3.2,85.9,55.2,1,Low,Specialist
102,Female,Kochi,Tier3,ECE,Embedded,No,No,4.75,5.54,5.36,5.62,4.68,5.51,5.05,5.09,5.15,68.7,1,0,1,1,0,43.2,3.4,35.7,35.7,1,Low,Below-Average
103,Female,Bangalore,Tier1,IT,DataScience,No,No,7.47,7.78,7.25,7.94,7.95,7.28,8.02,7.32,7.59,91.6,3,3,1,4,0,73.7,4.1,90.8,69.3,0,Mid,High-Achiever
104,Female,Kolkata,Tier2,Mechanical,DataScience,No,Yes,5.36,5.48,5.47,4.75,5.51,5.75,5.21,5.09,5.52,75.3,1,2,0,1,0,57.7,2.9,97.2,45.3,0,Low,Specialist
105,Male,Pune,Tier3,Civil,DataScience,No,No,5.18,4.5,4.36,5.01,4.48,5.32,5.31,4.66,4.73,59.0,1,1,1,1,0,57.9,2.6,55.8,47.9,1,Low,Below-Average
106,Female,Mumbai,Tier3,Mechanical,DataScience,Yes,Yes,4.41,4.23,4.44,4.29,4.24,4.31,4.62,4.25,4.49,62.4,0,0,1,1,0,43.3,3.1,37.9,47.4,1,Low,Below-Average
107,Female,Jaipur,Tier2,Mechanical,Embedded,No,No,7.72,7.75,7.53,7.3,7.81,7.91,7.97,8.39,8.03,83.5,1,3,1,2,0,58.0,2.9,51.4,55.6,0,High,Average
108,Female,Delhi,Tier1,ECE,DataScience,Yes,No,8.53,8.15,8.88,9.39,8.52,8.51,8.78,8.32,8.64,84.7,3,4,3,2,1,80.9,4.7,90.9,62.5,0,High,High-Achiever
109,Female,Delhi,Tier1,Civil,Embedded,No,No,8.49,9.06,9.05,8.22,9.41,9.14,8.57,8.79,8.69,84.9,2,4,3,3,2,83.0,4.2,85.8,80.9,1,High,High-Achiever
110,Male,Kolkata,Tier2,IT,Embedded,No,No,5.57,5.85,5.66,5.81,5.31,5.32,4.96,5.33,5.75,71.6,1,2,1,2,1,76.4,2.5,87.6,44.2,0,Low,Specialist
111,Male,Jaipur,Tier2,EE,AI,Yes,Yes,6.38,7.45,6.84,6.68,6.79,6.71,6.96,7.21,6.9,78.3,2,2,3,2,0,67.8,4.1,54.3,67.5,1,Mid,Average
112,Female,Hyderabad,Tier1,EE,DataScience,No,No,9.27,9.07,9.37,8.28,8.86,9.01,8.41,9.75,8.98,83.9,2,4,3,4,1,83.9,3.6,85.0,72.7,0,High,High-Achiever
113,Male,Hyderabad,Tier2,ECE,DataScience,Yes,No,7.1,6.88,7.39,6.77,7.01,6.75,7.07,7.24,6.98,74.4,1,2,2,2,0,70.8,3.2,50.2,54.1,0,Mid,Average
114,Female,Chennai,Tier2,Mechanical,Networking,No,No,7.46,6.82,7.08,7.56,7.4,7.96,7.82,7.51,7.32,74.2,0,2,0,2,1,55.8,3.2,65.7,63.2,0,Mid,Average
115,Male,Pune,Tier1,ECE,AI,No,No,8.12,8.51,7.51,8.53,8.69,8.86,8.56,8.51,8.4,76.9,1,3,1,4,1,74.2,5.0,91.7,94.5,1,High,High-Achiever
116,Female,Chennai,Tier3,EE,Embedded,No,No,5.57,5.07,4.55,5.43,5.18,5.42,5.1,5.75,5.26,57.8,1,1,1,1,0,38.2,2.4,58.3,51.5,0,Low,Below-Average
117,Male,Kolkata,Tier3,ECE,AI,No,Yes,5.14,4.57,4.88,4.32,4.08,4.92,4.62,4.57,4.52,58.4,1,2,2,1,0,36.0,1.5,49.1,45.4,0,Low,Below-Average
118,Male,Kolkata,Tier3,EE,DataScience,Yes,No,4.31,4.12,4.6,4.04,4.0,4.0,4.0,4.1,4.12,58.4,0,2,0,1,0,55.2,2.5,28.2,47.6,0,Low,Below-Average
119,Male,Kochi,Tier2,ECE,Networking,No,No,6.75,6.76,7.13,6.49,6.74,6.79,6.96,7.2,6.84,86.3,1,3,2,2,0,67.3,3.7,61.8,48.0,0,Mid,Average
120,Female,Kolkata,Tier2,Mechanical,Embedded,Yes,No,6.7,7.35,7.0,7.52,7.08,7.2,6.84,7.48,7.03,65.3,0,2,1,2,1,65.6,3.9,79.3,53.0,1,Mid,Average
121,Female,Bangalore,Tier2,EE,Networking,No,No,5.79,5.89,6.35,5.52,5.98,5.83,6.22,6.42,6.23,68.4,1,2,1,3,0,44.3,4.6,52.2,41.9,1,Low,Average
122,Female,Kolkata,Tier2,CS,Networking,No,No,7.1,6.86,7.6,7.03,6.83,7.03,6.98,6.87,6.98,54.1,0,2,2,2,0,81.4,4.2,59.5,75.8,1,Mid,Average
123,Female,Mumbai,Tier1,ECE,Networking,No,No,8.53,8.18,8.81,8.25,8.1,7.82,8.47,8.94,8.53,85.6,1,2,2,4,0,74.6,4.3,91.9,88.7,1,High,High-Achiever
124,Female,Jaipur,Tier2,EE,DataScience,No,Yes,5.22,6.06,5.46,6.53,5.43,5.71,6.08,5.83,5.71,71.8,0,1,1,4,0,81.4,3.1,65.6,65.1,0,Low,Average
125,Female,Ahmedabad,Tier1,CS,Networking,Yes,No,7.64,7.85,7.45,8.29,8.46,7.92,7.63,7.85,8.04,85.5,1,3,1,4,0,71.3,4.8,99.4,78.9,1,High,High-Achiever
126,Male,Chennai,Tier2,CS,Embedded,No,No,6.88,7.34,7.01,6.76,6.81,6.74,6.82,7.51,7.24,83.9,2,2,0,1,0,58.5,3.3,53.4,49.6,1,Mid,Average
127,Male,Kochi,Tier2,EE,Embedded,No,Yes,7.23,7.43,7.52,7.74,7.79,7.54,7.52,7.18,7.23,81.9,0,3,2,2,2,47.4,3.2,51.1,60.2,0,Mid,Average
128,Female,Hyderabad,Tier1,CS,Embedded,No,No,8.05,8.1,7.83,8.29,7.97,8.08,8.05,7.64,7.92,88.4,3,5,3,3,1,82.2,4.0,90.6,90.5,1,Mid,High-Achiever
129,Male,Kochi,Tier1,EE,Networking,No,No,8.7,7.84,8.34,8.35,8.17,8.13,8.7,8.72,8.58,86.1,3,3,3,3,2,73.4,3.7,73.6,78.9,0,High,High-Achiever
130,Female,Bangalore,Tier2,CS,DataScience,No,No,7.69,7.64,7.6,7.81,8.02,7.62,7.53,7.53,7.61,83.2,1,3,1,3,1,56.4,3.3,58.2,57.5,1,Mid,Average
131,Female,Kochi,Tier1,Civil,AI,No,No,8.7,8.81,8.88,8.95,8.42,8.91,8.99,8.49,8.89,87.9,2,3,3,2,2,71.8,4.1,81.5,65.7,0,High,High-Achiever
132,Female,Delhi,Tier2,EE,Embedded,No,Yes,5.65,6.02,5.67,5.56,6.21,6.21,5.51,6.39,5.92,62.6,1,3,2,3,0,67.8,3.7,93.3,71.6,1,Low,Specialist
133,Female,Jaipur,Tier2,EE,Embedded,Yes,No,6.4,6.92,6.31,5.83,6.3,7.29,6.43,6.69,6.72,61.3,1,3,2,3,1,70.7,3.3,65.5,61.4,0,Mid,Average
134,Male,Delhi,Tier2,Civil,Networking,No,No,6.35,6.14,6.08,6.89,6.32,6.78,6.54,6.88,6.62,71.5,2,3,1,2,1,79.5,2.9,64.1,47.9,0,Mid,Average
135,Male,Kolkata,Tier2,EE,DataScience,No,No,7.43,7.62,7.16,6.88,6.87,7.76,7.04,7.64,7.28,81.0,3,2,1,2,0,59.5,2.7,56.4,54.6,1,Mid,Average
136,Male,Hyderabad,Tier1,CS,Embedded,No,No,8.65,8.75,8.61,8.02,8.29,8.98,8.52,8.5,8.6,99.4,3,4,3,3,1,81.3,4.3,90.5,69.1,0,High,High-Achiever
137,Male,Chennai,Tier2,Civil,Embedded,Yes,Yes,6.38,6.55,6.26,6.09,7.13,6.71,6.43,6.53,6.5,70.6,0,1,2,2,1,47.1,3.3,100.0,53.4,1,Mid,Specialist
138,Female,Pune,Tier2,ECE,Networking,No,No,6.73,6.76,7.59,6.92,6.87,6.7,7.18,6.88,7.08,68.9,1,3,2,2,0,62.3,3.2,66.2,63.7,0,Mid,Average
139,Male,Pune,Tier3,Mechanical,AI,No,No,5.9,5.8,6.73,5.65,5.91,5.53,6.18,5.82,6.07,48.2,0,1,1,1,0,43.3,2.5,43.0,39.0,1,Low,Below-Average
140,Female,Jaipur,Tier1,Civil,Embedded,Yes,No,8.71,9.11,8.7,9.0,8.37,8.92,8.59,8.49,8.55,90.8,3,3,3,4,2,82.8,4.4,72.9,83.4,0,High,High-Achiever
141,Male,Ahmedabad,Tier2,ECE,AI,No,No,7.62,7.59,7.77,7.8,7.09,7.96,7.45,7.6,7.47,60.9,0,0,1,2,1,73.1,4.2,54.3,62.6,0,Mid,Average
142,Female,Mumbai,Tier2,Civil,Embedded,No,No,7.04,8.31,7.13,7.09,8.06,7.91,7.75,7.42,7.52,79.4,0,2,2,3,0,72.9,3.1,58.1,70.5,0,Mid,Average
143,Female,Mumbai,Tier2,Civil,AI,No,Yes,5.82,5.05,4.74,4.86,6.03,5.04,5.1,5.12,5.36,77.4,2,4,1,3,1,51.6,3.3,80.7,50.7,0,Low,Specialist
144,Female,Kolkata,Tier2,ECE,Embedded,No,No,6.38,6.4,6.07,5.66,6.42,6.3,5.29,6.06,5.92,78.5,1,2,2,1,0,73.0,4.0,59.9,86.4,0,Low,Average
145,Male,Ahmedabad,Tier2,CS,Networking,No,No,7.79,7.65,7.74,7.9,7.68,7.35,8.12,8.16,7.93,73.2,0,3,4,2,1,64.6,3.1,76.0,57.5,1,Mid,Average
146,Male,Kochi,Tier1,Mechanical,DataScience,Yes,No,7.98,8.28,8.6,9.23,8.7,8.32,8.43,8.26,8.63,90.8,1,4,2,4,1,78.1,4.2,90.7,71.7,1,High,High-Achiever
147,Female,Chennai,Tier2,Mechanical,DataScience,Yes,Yes,5.81,5.54,6.36,5.6,5.61,5.69,5.75,5.91,5.97,76.4,2,3,4,2,1,59.3,3.5,58.6,53.8,1,Low,Average
148,Female,Bangalore,Tier2,CS,Networking,Yes,No,6.2,6.64,6.81,6.94,5.92,6.6,6.65,6.6,6.57,68.8,1,2,2,3,0,60.5,2.8,49.1,60.3,1,Mid,Average
149,Male,Hyderabad,Tier2,Civil,AI,No,No,7.47,7.09,7.58,7.34,8.06,7.18,7.32,7.82,7.46,89.8,1,1,1,1,0,78.9,3.6,72.0,48.2,1,Mid,Average
150,Male,Ahmedabad,Tier1,Mechanical,Embedded,Yes,No,8.98,8.79,8.02,8.77,8.4,8.19,8.09,8.43,8.36,86.2,2,4,2,3,3,81.8,4.2,81.7,80.1,1,High,High-Achiever
151,Male,Mumbai,Tier3,IT,Embedded,Yes,Yes,5.54,5.05,5.77,5.48,5.28,4.87,4.59,4.95,5.14,67.8,0,2,2,0,0,49.6,3.1,24.7,24.9,1,Low,Below-Average
152,Male,Kolkata,Tier3,Mechanical,Embedded,No,Yes,6.57,6.5,6.49,6.41,6.76,6.34,6.29,6.51,6.48,40.0,1,1,1,2,0,45.6,2.1,49.1,45.6,1,Low,Below-Average
153,Male,Chennai,Tier1,Mechanical,DataScience,Yes,No,8.37,8.29,8.35,7.98,8.13,8.13,7.67,7.57,7.98,94.4,2,3,2,4,0,94.7,4.2,89.2,68.5,1,Mid,High-Achiever
154,Male,Bangalore,Tier2,EE,Embedded,Yes,No,6.6,6.97,6.33,6.66,6.32,6.11,6.77,6.78,6.52,86.8,1,4,1,2,0,75.4,4.2,38.2,58.9,1,Mid,Average
155,Male,Delhi,Tier1,EE,AI,No,No,8.07,8.8,8.81,8.41,8.89,8.67,8.45,8.74,8.61,88.1,2,4,3,4,1,75.7,5.0,76.2,82.2,1,High,High-Achiever
156,Male,Hyderabad,Tier3,CS,AI,No,No,5.98,5.98,6.07,5.79,5.41,6.38,5.2,6.32,5.77,65.6,1,2,1,2,0,45.5,3.6,40.9,67.0,1,Low,Below-Average
157,Female,Jaipur,Tier1,Civil,AI,No,No,8.79,8.83,8.91,9.17,8.78,8.88,8.94,8.56,8.75,90.8,3,4,3,3,0,78.7,3.7,87.1,70.5,1,High,High-Achiever
158,Female,Ahmedabad,Tier3,IT,Embedded,Yes,No,6.49,5.91,5.95,5.83,5.53,5.36,6.0,5.85,6.14,53.6,1,2,2,1,0,49.3,3.1,36.8,42.5,0,Low,Below-Average
159,Female,Kolkata,Tier3,IT,Networking,No,No,5.25,6.27,5.9,5.71,5.49,5.72,5.74,5.33,5.64,65.5,0,2,0,1,0,41.7,2.5,33.7,36.8,0,Low,Below-Average
160,Female,Bangalore,Tier3,IT,DataScience,Yes,No,5.79,6.13,5.82,5.51,5.6,5.74,5.94,5.87,5.84,51.9,0,0,1,0,0,51.9,3.0,49.3,35.3,0,Low,Below-Average
161,Female,Delhi,Tier1,IT,AI,No,No,7.85,8.58,7.61,8.46,8.77,7.67,8.79,7.88,8.37,85.0,2,4,2,3,1,88.7,3.9,78.7,73.0,0,High,High-Achiever
162,Male,Chennai,Tier2,CS,Embedded,Yes,No,5.65,6.17,5.37,6.26,4.91,5.19,6.06,6.28,6.05,80.1,1,2,1,4,0,46.9,2.0,89.3,64.9,0,Low,Specialist
163,Male,Kochi,Tier1,Mechanical,Embedded,No,No,8.31,8.73,8.36,8.71,8.95,8.76,8.2,8.94,8.55,92.9,2,3,3,3,1,73.2,4.1,74.2,74.6,1,High,High-Achiever
164,Female,Kolkata,Tier1,Civil,AI,Yes,No,9.0,8.11,8.81,8.08,8.47,8.99,7.9,8.77,8.61,84.5,2,3,1,4,2,77.1,4.5,72.5,93.7,0,High,High-Achiever
165,Female,Delhi,Tier2,CS,Embedded,No,No,7.62,7.29,8.24,7.71,7.1,7.61,7.06,6.79,7.46,69.1,2,1,0,2,0,61.5,3.6,66.8,65.3,1,Mid,Average
166,Male,Chennai,Tier2,IT,Embedded,Yes,No,7.58,7.76,7.42,7.09,7.42,7.06,7.39,7.15,7.33,69.8,0,0,2,2,1,81.0,3.7,62.3,53.9,1,Mid,Average
167,Male,Chennai,Tier3,ECE,DataScience,No,No,6.17,5.26,4.78,5.14,5.46,5.95,5.23,5.93,5.53,67.3,1,2,1,1,0,57.0,2.9,51.2,40.3,0,Low,Below-Average
168,Female,Bangalore,Tier3,IT,Networking,No,Yes,4.68,4.55,5.32,4.7,5.01,4.69,4.84,4.67,4.93,50.0,1,1,0,2,0,56.5,3.0,36.7,36.0,0,Low,Below-Average
169,Male,Kochi,Tier2,IT,Embedded,No,Yes,6.46,7.65,6.41,6.63,7.24,6.61,6.69,7.21,7.04,77.9,1,0,0,2,0,62.9,3.8,52.8,68.4,1,Mid,Average
170,Male,Delhi,Tier2,Mechanical,AI,No,Yes,5.38,6.12,6.0,6.15,6.59,6.13,5.71,6.46,5.98,76.7,1,2,3,3,1,57.1,3.0,95.9,35.3,0,Low,Specialist
171,Female,Bangalore,Tier1,Civil,Embedded,No,No,9.18,8.68,8.9,9.33,8.93,8.17,8.3,8.55,8.6,87.6,2,4,3,4,0,71.3,4.2,71.3,68.6,1,High,High-Achiever
172,Male,Chennai,Tier2,IT,Embedded,No,No,8.6,8.63,8.62,7.61,8.07,8.0,8.34,8.16,8.32,83.1,1,2,2,2,0,71.3,4.4,71.3,57.3,0,High,Average
173,Female,Jaipur,Tier1,EE,DataScience,No,Yes,7.6,8.27,8.75,7.96,7.9,8.87,7.97,8.35,8.24,86.5,3,4,4,2,2,82.9,4.3,91.2,82.8,1,High,High-Achiever
174,Female,Ahmedabad,Tier2,ECE,AI,Yes,Yes,6.38,6.41,5.56,6.21,6.39,5.67,6.81,5.95,6.34,68.1,1,4,2,4,0,72.9,3.2,91.9,69.8,1,Low,Specialist
175,Female,Kochi,Tier1,ECE,AI,No,No,8.8,9.27,8.34,8.56,9.38,9.03,8.87,8.82,9.03,83.1,2,2,4,3,2,78.7,4.2,77.2,87.7,1,High,High-Achiever
176,Male,Hyderabad,Tier1,CS,AI,No,No,8.01,9.36,8.43,8.26,9.15,8.87,8.82,8.82,8.55,93.1,2,3,2,4,0,79.1,4.1,76.3,81.7,0,High,High-Achiever
177,Male,Hyderabad,Tier2,Mechanical,Networking,No,Yes,8.63,8.31,8.75,8.77,8.6,8.49,8.66,8.29,8.4,68.9,1,2,1,1,0,66.4,3.3,58.1,61.3,1,High,Average
178,Female,Chennai,Tier2,Civil,Embedded,No,Yes,6.34,5.84,5.67,6.26,4.84,5.6,5.92,5.44,5.7,73.1,1,1,2,2,1,68.9,3.3,74.6,64.5,0,Low,Specialist
179,Male,Mumbai,Tier3,Mechanical,Networking,No,Yes,6.05,6.2,5.56,5.65,4.55,5.29,5.63,6.07,5.73,59.3,1,0,1,0,0,34.8,2.5,32.4,32.6,1,Low,Below-Average
180,Female,Pune,Tier3,Civil,DataScience,Yes,No,5.01,4.53,5.02,4.6,5.17,4.48,5.28,5.25,4.94,49.5,1,0,1,1,0,54.6,2.7,48.4,25.6,0,Low,Below-Average
181,Male,Chennai,Tier3,Mechanical,Embedded,No,Yes,5.36,4.74,5.88,5.26,5.11,4.85,5.08,5.6,5.25,53.9,0,1,0,0,0,47.8,2.3,48.5,48.4,1,Low,Below-Average
182,Male,Pune,Tier3,ECE,AI,No,Yes,5.89,5.49,6.22,5.81,5.43,5.83,6.22,6.02,5.67,73.8,0,1,1,0,0,38.5,2.9,31.5,33.9,0,Low,Below-Average
183,Male,Delhi,Tier2,Mechanical,AI,Yes,No,8.21,7.26,7.25,6.98,7.67,7.76,7.37,7.55,7.51,76.6,2,3,2,2,0,48.3,3.8,66.1,61.5,0,Mid,Average
184,Female,Hyderabad,Tier2,IT,Embedded,Yes,Yes,7.17,7.5,6.87,7.59,7.5,7.32,7.1,6.43,7.19,66.9,1,2,2,0,0,63.9,3.4,64.1,63.0,1,Mid,Average
185,Female,Jaipur,Tier3,ECE,Embedded,Yes,No,7.05,6.05,7.03,5.56,6.41,6.15,6.28,5.99,6.38,63.1,0,2,0,0,0,61.0,1.6,57.1,46.5,0,Low,Below-Average
186,Female,Delhi,Tier3,Mechanical,Embedded,Yes,Yes,4.84,5.93,5.6,5.8,5.0,5.43,5.59,5.7,5.43,58.5,1,1,1,1,0,63.1,3.2,47.7,53.4,0,Low,Below-Average
187,Female,Pune,Tier2,IT,Embedded,Yes,No,6.66,6.88,6.79,7.21,6.19,6.49,6.41,6.12,6.8,100.0,2,3,1,2,1,67.8,3.6,69.5,68.7,1,Mid,Average
188,Male,Bangalore,Tier1,Mechanical,DataScience,No,No,10.0,10.0,9.17,9.1,10.0,10.0,9.63,9.88,9.85,89.4,0,3,2,2,2,91.8,3.8,85.3,79.4,0,High,High-Achiever
189,Male,Ahmedabad,Tier3,IT,DataScience,Yes,Yes,5.19,5.5,6.04,5.58,5.8,5.92,6.21,5.67,5.78,56.2,0,1,0,1,0,47.6,3.3,51.8,39.6,1,Low,Below-Average
190,Female,Bangalore,Tier1,CS,AI,No,No,8.18,7.98,8.37,7.68,7.66,8.47,8.21,8.18,8.14,95.1,2,5,2,2,2,85.7,3.6,73.0,78.8,1,High,High-Achiever
191,Male,Chennai,Tier2,Mechanical,Embedded,Yes,Yes,4.86,5.08,5.26,5.56,5.6,5.8,5.08,5.09,5.44,53.4,1,0,1,3,0,55.5,3.9,84.0,47.8,1,Low,Specialist
192,Female,Chennai,Tier1,ECE,AI,No,No,8.08,8.34,7.76,8.33,7.64,8.07,8.42,8.02,8.03,88.5,2,2,2,3,2,76.9,4.2,81.7,76.6,0,High,High-Achiever
193,Male,Kolkata,Tier1,Civil,AI,Yes,No,8.69,9.4,9.47,8.75,8.16,8.7,8.83,9.48,8.97,98.0,1,4,2,3,2,75.9,3.3,80.3,96.3,0,High,High-Achiever
194,Male,Kochi,Tier3,IT,Embedded,Yes,Yes,4.74,5.2,5.25,5.33,4.87,5.13,4.91,5.02,5.24,58.8,0,1,0,1,0,29.5,2.9,46.4,45.8,1,Low,Below-Average
195,Male,Delhi,Tier1,Mechanical,Embedded,Yes,No,8.95,8.87,8.44,8.4,8.91,8.82,7.95,8.93,8.56,79.3,2,2,4,5,1,87.7,4.0,86.4,81.2,1,High,High-Achiever
196,Male,Hyderabad,Tier1,IT,Networking,No,No,8.15,8.16,8.63,8.48,9.17,7.85,8.18,8.81,8.47,86.0,2,3,2,2,3,76.2,4.0,84.7,73.1,1,High,High-Achiever
197,Female,Kolkata,Tier2,ECE,Networking,No,No,7.5,7.53,7.54,8.05,7.17,7.45,7.79,7.49,7.44,86.6,0,1,2,2,0,58.6,3.1,58.4,70.2,0,Mid,Average
198,Male,Pune,Tier3,ECE,AI,No,Yes,5.33,4.8,4.44,4.65,4.52,4.87,4.93,4.89,4.91,63.8,0,2,0,1,0,37.4,2.7,34.6,51.6,0,Low,Below-Average
199,Female,Pune,Tier1,Civil,Embedded,No,No,8.01,7.9,7.83,7.82,8.22,7.58,8.13,7.46,7.96,83.8,1,4,4,2,1,78.8,4.0,89.7,83.4,1,Mid,High-Achiever
200,Female,Jaipur,Tier2,ECE,Embedded,No,No,6.75,7.45,7.35,7.37,7.47,6.48,6.67,6.7,7.13,69.5,1,3,2,1,0,79.1,2.6,63.1,63.7,0,Mid,Average
201,Female,Jaipur,Tier3,ECE,AI,No,No,6.04,6.32,5.39,5.81,6.42,5.68,5.39,6.24,5.92,54.4,1,0,0,0,0,66.8,3.6,31.8,54.3,0,Low,Below-Average
202,Female,Mumbai,Tier2,ECE,Networking,Yes,Yes,5.89,5.67,6.37,6.96,6.53,5.83,6.05,6.28,6.27,73.3,1,1,1,3,0,43.4,3.0,83.5,70.3,0,Low,Specialist
203,Male,Chennai,Tier2,Civil,Networking,Yes,No,7.01,6.53,6.38,6.28,6.75,6.51,6.55,6.69,6.51,85.7,1,1,2,2,1,62.2,3.1,44.3,64.3,1,Mid,Average
204,Female,Kolkata,Tier1,ECE,Networking,No,No,8.83,8.99,8.48,8.82,8.66,8.74,8.72,8.88,8.84,93.3,3,5,0,3,2,73.8,3.7,82.2,77.2,0,High,High-Achiever
205,Female,Pune,Tier1,EE,AI,No,No,7.96,8.36,8.44,7.89,7.65,8.28,7.67,8.29,8.13,90.3,2,4,2,4,2,85.9,4.5,80.6,84.3,0,High,High-Achiever
206,Female,Jaipur,Tier1,CS,Networking,No,No,8.65,8.29,7.83,7.74,9.05,8.0,8.33,8.28,8.24,81.3,2,4,2,2,1,81.7,3.7,78.0,71.7,0,High,High-Achiever
207,Female,Kochi,Tier1,EE,Networking,No,No,8.76,7.25,8.05,8.44,7.82,8.4,8.31,7.48,8.03,81.4,3,4,2,3,1,76.2,4.3,93.1,73.0,1,High,High-Achiever
208,Male,Hyderabad,Tier3,CS,AI,Yes,Yes,6.49,7.22,6.07,6.12,6.25,6.66,6.49,6.25,6.41,65.3,1,1,2,0,0,48.7,2.4,30.4,43.5,1,Low,Below-Average
209,Male,Kolkata,Tier1,CS,DataScience,No,No,8.31,9.06,8.68,8.83,8.41,8.54,9.2,8.06,8.82,81.3,2,3,2,3,1,77.1,4.0,86.9,65.8,1,High,High-Achiever
210,Female,Kochi,Tier2,IT,DataScience,Yes,No,8.09,6.95,7.76,7.99,6.74,7.68,6.87,7.6,7.36,73.2,1,2,2,2,1,77.9,2.9,79.7,68.6,0,Mid,Average
211,Male,Bangalore,Tier3,IT,Embedded,Yes,Yes,6.56,6.28,6.37,6.44,5.98,6.42,6.99,5.72,6.37,63.0,0,1,2,1,0,52.9,2.4,52.8,34.4,0,Low,Below-Average
212,Male,Chennai,Tier2,EE,Networking,Yes,No,9.0,8.86,8.78,8.49,8.6,8.98,8.55,8.08,8.69,65.9,2,1,2,1,0,70.4,3.5,59.7,58.2,0,High,Average
213,Female,Mumbai,Tier1,IT,AI,No,No,7.5,8.01,7.26,7.27,7.41,7.05,7.7,7.44,7.65,82.9,2,4,2,3,1,64.0,4.3,74.1,76.5,1,Mid,High-Achiever
214,Male,Bangalore,Tier3,IT,AI,No,No,5.18,5.26,5.06,5.27,4.91,4.32,5.18,4.67,4.98,59.1,1,1,0,0,0,47.4,2.3,28.4,44.4,1,Low,Below-Average
215,Male,Mumbai,Tier3,Civil,AI,Yes,Yes,4.47,5.21,4.99,4.92,4.35,4.35,4.98,4.64,5.07,65.0,0,1,1,1,0,66.7,2.7,37.9,40.6,0,Low,Below-Average
216,Male,Mumbai,Tier3,EE,AI,Yes,No,4.91,4.96,5.4,4.69,4.63,5.7,5.67,5.73,4.9,70.6,1,1,2,2,1,59.9,3.3,35.1,43.3,0,Low,Below-Average
217,Female,Jaipur,Tier1,CS,AI,No,No,8.28,7.62,7.91,8.0,8.32,7.69,8.15,8.04,7.96,91.0,3,4,3,3,1,68.9,3.5,77.0,77.6,0,Mid,High-Achiever
218,Female,Ahmedabad,Tier1,Mechanical,Embedded,No,No,7.96,8.09,8.29,8.81,8.08,8.19,8.31,8.66,8.35,88.4,2,4,3,2,1,78.1,4.2,79.7,74.9,1,High,High-Achiever
219,Male,Ahmedabad,Tier2,Mechanical,AI,Yes,Yes,5.54,4.49,5.03,5.25,4.74,5.12,5.25,5.3,5.03,63.3,1,2,3,1,0,48.0,2.5,84.2,45.7,1,Low,Specialist
220,Female,Ahmedabad,Tier2,Civil,Networking,No,No,7.4,7.04,7.14,6.68,7.36,7.07,7.66,7.1,7.2,66.4,1,2,2,1,1,78.7,3.0,64.4,70.7,0,Mid,Average
221,Female,Jaipur,Tier2,EE,AI,No,No,7.31,7.31,7.3,7.15,7.53,6.7,6.79,6.91,7.03,70.9,1,2,1,1,0,67.0,3.6,48.9,45.2,0,Mid,Average
222,Female,Hyderabad,Tier2,Civil,Embedded,No,No,6.66,7.88,7.73,7.39,7.56,7.49,7.33,7.01,7.29,78.3,1,2,2,2,1,58.9,3.2,53.9,60.4,1,Mid,Average
223,Female,Mumbai,Tier3,Civil,DataScience,No,Yes,5.72,6.21,5.92,5.94,6.11,5.97,5.33,5.32,5.86,63.4,0,2,2,0,0,48.3,2.1,40.4,39.3,1,Low,Below-Average
224,Male,Mumbai,Tier2,ECE,Embedded,No,Yes,6.8,6.48,6.41,6.89,6.45,6.43,6.36,7.41,6.48,51.1,2,2,1,2,2,33.9,4.1,83.4,60.0,1,Low,Specialist
225,Female,Hyderabad,Tier1,CS,DataScience,Yes,No,8.25,8.15,8.62,8.26,8.35,7.89,8.41,8.28,8.31,84.1,3,4,4,3,1,73.5,4.6,94.9,67.8,1,High,High-Achiever
226,Male,Mumbai,Tier2,Civil,AI,Yes,No,7.54,8.09,7.79,8.15,7.56,7.11,7.61,7.61,7.7,80.8,0,1,1,2,1,60.4,1.8,86.9,49.0,1,Mid,Specialist
227,Male,Pune,Tier1,EE,Networking,No,No,9.18,8.83,8.41,8.49,8.44,7.77,8.18,8.81,8.62,88.4,1,3,3,3,0,85.1,3.6,70.7,77.3,1,High,High-Achiever
228,Female,Mumbai,Tier2,Civil,Networking,No,No,5.64,6.38,6.06,6.38,5.69,5.98,5.71,5.62,5.88,63.7,1,2,1,1,1,49.5,3.8,63.8,70.6,1,Low,Average
229,Female,Chennai,Tier2,CS,DataScience,No,No,6.26,6.34,7.06,5.99,6.33,6.31,6.57,6.37,6.4,93.8,1,3,2,2,0,62.0,3.4,64.9,64.7,1,Low,Average
230,Male,Chennai,Tier1,IT,Networking,No,No,7.81,7.61,7.97,8.35,7.34,7.91,7.57,7.83,7.63,87.9,2,3,3,2,1,86.1,4.8,81.1,69.7,0,Mid,High-Achiever
231,Female,Kochi,Tier1,CS,DataScience,No,Yes,7.93,8.43,8.09,8.56,7.98,8.71,8.29,8.16,8.51,89.9,3,4,1,3,0,71.3,4.4,73.5,74.6,0,High,High-Achiever
232,Male,Kochi,Tier2,ECE,DataScience,No,No,6.84,6.75,6.74,6.4,6.75,7.01,6.81,6.93,6.93,78.2,2,0,1,1,0,66.8,3.6,75.8,69.1,0,Mid,Average
233,Female,Chennai,Tier2,Mechanical,AI,No,Yes,6.02,5.13,4.82,5.23,5.91,5.82,5.8,5.9,5.63,66.7,1,2,0,3,1,60.7,2.5,76.4,40.6,0,Low,Specialist
234,Female,Mumbai,Tier2,IT,Networking,Yes,No,8.61,8.57,7.83,8.32,9.07,7.74,8.1,8.4,8.21,69.2,1,1,1,2,1,78.7,3.7,65.9,61.4,0,High,Average
235,Female,Hyderabad,Tier2,ECE,Networking,Yes,Yes,6.16,6.38,6.71,6.72,6.67,6.62,6.19,6.27,6.44,89.1,1,5,1,0,0,57.7,2.3,86.6,54.9,1,Low,Specialist
236,Female,Mumbai,Tier3,Civil,AI,No,Yes,6.07,6.04,6.11,5.86,5.68,6.26,6.12,6.89,6.01,70.0,0,1,1,1,0,46.5,3.6,48.0,40.1,0,Low,Below-Average
237,Male,Delhi,Tier2,IT,DataScience,No,No,6.09,6.79,6.0,6.05,5.83,7.1,6.37,6.13,6.44,81.6,2,2,2,0,1,71.8,3.7,75.4,83.6,1,Low,Average
238,Female,Jaipur,Tier3,EE,DataScience,No,No,4.73,4.27,5.02,4.48,5.31,4.75,5.16,4.37,4.8,65.8,1,1,1,1,1,36.1,2.3,47.6,39.9,1,Low,Below-Average
239,Female,Pune,Tier1,ECE,AI,Yes,No,8.68,8.11,8.05,8.57,8.33,9.12,8.56,8.4,8.52,83.0,2,2,1,3,0,78.7,4.5,78.1,81.1,0,High,High-Achiever
240,Female,Delhi,Tier1,IT,Embedded,No,No,8.91,8.42,8.74,8.42,8.37,8.68,8.67,8.17,8.59,94.4,3,3,2,3,3,77.3,5.0,89.7,72.6,0,High,High-Achiever
241,Female,Pune,Tier3,Civil,Embedded,No,No,4.33,4.49,4.01,4.0,4.83,4.0,4.62,4.44,4.2,51.6,1,1,0,1,0,46.7,2.7,35.7,49.3,1,Low,Below-Average
242,Female,Jaipur,Tier3,Mechanical,AI,No,No,5.1,4.48,5.0,5.29,5.43,5.78,5.48,5.51,5.37,62.8,0,1,1,1,0,55.6,3.1,43.6,52.7,0,Low,Below-Average
243,Male,Pune,Tier1,ECE,DataScience,Yes,No,8.43,8.25,9.2,8.39,8.06,8.97,9.44,8.66,8.51,79.8,2,2,3,2,0,83.3,4.0,72.9,73.9,0,High,High-Achiever
244,Male,Kolkata,Tier2,Civil,AI,No,No,6.19,6.61,7.26,6.95,7.34,6.8,7.2,6.97,6.87,58.7,2,1,2,1,1,59.0,3.5,50.7,61.6,1,Mid,Average
245,Male,Kolkata,Tier2,ECE,AI,No,No,6.64,6.8,6.58,6.34,6.48,6.41,5.92,6.42,6.51,77.5,2,3,2,2,0,66.1,2.7,60.5,54.8,0,Mid,Average
246,Female,Mumbai,Tier3,EE,Networking,Yes,Yes,4.68,5.13,5.23,5.0,4.96,5.06,4.87,5.31,5.12,51.9,0,1,1,0,1,61.4,2.8,45.7,32.6,0,Low,Below-Average
247,Male,Ahmedabad,Tier2,IT,Networking,No,No,6.86,7.39,6.19,7.09,7.54,6.99,6.86,6.73,6.89,59.1,1,3,2,1,0,58.3,3.5,44.7,70.3,1,Mid,Average
248,Male,Pune,Tier2,ECE,AI,No,No,7.8,7.03,7.04,7.03,6.48,7.85,7.28,6.97,7.05,79.3,1,1,1,3,0,66.2,4.4,64.5,57.6,1,Mid,Average
249,Female,Delhi,Tier2,Civil,Networking,Yes,No,7.1,7.57,7.95,7.07,7.24,7.97,7.42,7.07,7.36,92.0,1,3,2,1,0,63.5,2.6,52.6,42.7,1,Mid,Average
250,Male,Ahmedabad,Tier2,IT,Embedded,No,No,7.47,8.06,7.88,7.54,7.48,7.5,7.32,7.52,7.65,86.1,0,2,2,2,0,64.5,3.4,71.5,76.1,0,Mid,Average
251,Female,Pune,Tier3,ECE,AI,No,Yes,5.36,5.25,5.23,5.35,5.27,5.38,5.25,5.0,5.29,57.4,1,2,0,0,0,33.3,3.6,38.5,36.0,1,Low,Below-Average
252,Female,Delhi,Tier3,Mechanical,DataScience,No,No,5.01,4.92,5.26,5.15,5.2,5.15,5.81,5.98,5.18,60.1,1,1,1,2,0,60.7,2.7,30.8,41.5,1,Low,Below-Average
253,Female,Bangalore,Tier2,IT,Embedded,No,No,7.44,6.89,7.55,7.03,6.96,7.89,6.93,7.18,7.26,82.1,0,0,1,1,0,58.8,3.4,60.7,75.1,0,Mid,Average
254,Male,Bangalore,Tier1,Mechanical,Embedded,Yes,No,8.81,8.74,8.55,8.74,8.84,8.81,8.56,8.85,8.81,93.6,2,4,1,3,1,86.2,3.9,75.6,77.0,0,High,High-Achiever
255,Female,Hyderabad,Tier1,ECE,Networking,Yes,No,8.73,8.3,8.5,8.01,8.59,8.28,8.02,8.69,8.28,86.3,2,3,3,2,1,76.3,3.8,90.9,76.9,1,High,High-Achiever
256,Male,Kochi,Tier3,EE,DataScience,No,No,5.81,6.48,6.13,6.4,6.2,5.98,6.06,5.83,6.05,60.3,0,1,0,1,0,42.4,1.7,42.0,31.7,1,Low,Below-Average
257,Male,Bangalore,Tier3,Civil,Embedded,Yes,Yes,6.13,5.9,6.41,7.14,5.83,6.27,5.34,5.98,6.19,63.0,0,0,1,1,0,58.9,2.4,40.5,27.7,0,Low,Below-Average
258,Male,Jaipur,Tier1,Mechanical,DataScience,No,No,9.29,8.54,9.28,9.24,8.68,9.21,9.46,9.68,9.15,90.8,1,5,1,2,0,86.0,3.8,86.1,76.8,1,High,High-Achiever
259,Female,Pune,Tier1,Civil,Embedded,No,No,9.57,9.53,9.42,8.96,8.99,9.48,9.05,9.62,9.39,87.3,3,3,2,4,2,81.3,4.2,75.0,80.5,0,High,High-Achiever
260,Female,Bangalore,Tier2,IT,DataScience,Yes,No,6.22,6.38,6.24,6.35,6.23,6.58,6.79,6.88,6.48,74.0,0,3,1,2,0,71.1,3.1,48.4,64.4,1,Low,Average
261,Female,Chennai,Tier1,Civil,DataScience,No,No,8.65,8.35,8.11,8.3,8.07,8.31,8.33,8.81,8.51,94.9,2,3,3,4,1,78.3,4.0,84.9,74.6,1,High,High-Achiever
262,Female,Hyderabad,Tier3,EE,AI,No,No,5.74,4.5,5.23,5.77,5.8,5.06,4.99,4.89,5.51,72.1,0,0,0,1,0,47.9,2.5,31.0,44.2,1,Low,Below-Average
263,Male,Pune,Tier2,Mechanical,AI,No,No,6.5,6.88,6.82,7.19,6.9,6.72,6.7,7.2,6.94,78.8,1,3,1,2,0,59.7,3.5,50.1,47.3,0,Mid,Average
264,Male,Kolkata,Tier1,IT,Embedded,Yes,No,7.73,8.06,7.94,8.51,8.05,8.2,8.19,8.48,8.18,96.6,2,3,3,3,0,85.4,4.0,87.9,81.2,1,High,High-Achiever
265,Male,Hyderabad,Tier2,Mechanical,DataScience,No,No,5.21,4.24,4.56,5.1,4.92,4.04,4.9,4.29,4.81,66.5,2,2,1,3,0,53.1,2.5,89.2,56.9,0,Low,Specialist
266,Female,Ahmedabad,Tier1,Civil,DataScience,No,No,8.78,8.79,7.95,8.88,8.74,9.05,8.36,9.11,8.55,96.1,1,2,3,3,2,88.9,4.2,73.2,91.8,0,High,High-Achiever
267,Female,Bangalore,Tier1,ECE,Networking,No,No,7.55,7.63,7.88,8.64,8.15,8.02,8.15,8.02,8.12,90.7,3,3,2,3,1,78.1,4.6,77.7,78.1,0,High,High-Achiever
268,Male,Pune,Tier1,ECE,Networking,No,No,8.16,8.67,8.7,8.42,8.88,8.03,8.46,8.54,8.54,100.0,0,4,3,3,2,80.1,4.3,75.7,71.4,0,High,High-Achiever
269,Male,Jaipur,Tier1,EE,Embedded,No,No,8.1,8.77,8.25,8.12,8.2,8.28,8.1,8.13,8.1,82.0,3,2,4,3,1,84.6,4.0,94.4,77.6,1,High,High-Achiever
270,Male,Bangalore,Tier1,IT,AI,Yes,No,7.65,8.16,8.4,8.1,7.98,7.95,7.87,7.56,7.95,84.6,1,3,2,3,2,80.1,4.2,88.3,75.7,1,Mid,High-Achiever
271,Female,Kochi,Tier1,EE,Networking,No,No,8.95,8.87,8.73,8.06,8.79,8.76,9.1,8.57,8.62,90.1,4,3,3,4,1,78.2,3.4,79.1,81.0,0,High,High-Achiever
272,Male,Kochi,Tier1,IT,DataScience,Yes,No,9.27,8.2,8.36,9.0,8.3,8.37,8.72,8.73,8.58,90.0,2,4,1,2,0,79.8,4.1,86.0,78.2,1,High,High-Achiever
273,Female,Bangalore,Tier1,Mechanical,AI,No,No,8.02,8.9,8.89,9.05,9.05,9.5,8.84,8.14,8.79,97.8,3,5,2,3,1,85.4,4.0,72.5,69.2,0,High,High-Achiever
274,Female,Pune,Tier2,Civil,AI,Yes,No,8.2,8.23,8.36,7.31,7.26,8.43,8.75,8.3,8.31,69.7,2,2,2,2,1,59.7,3.0,53.9,48.9,1,High,Average
275,Female,Chennai,Tier3,Mechanical,Networking,No,No,5.87,5.82,5.53,6.07,4.83,5.34,5.73,5.47,5.69,69.0,0,1,1,1,0,46.9,2.3,43.0,46.6,0,Low,Below-Average
276,Male,Chennai,Tier2,Civil,Embedded,No,No,7.32,7.08,7.02,7.02,7.55,7.32,6.5,7.36,7.29,84.3,1,4,2,0,1,65.1,3.3,64.1,73.1,1,Mid,Average
277,Female,Delhi,Tier2,ECE,AI,No,No,6.4,5.89,6.73,6.73,6.57,6.88,6.08,6.47,6.35,80.6,1,2,2,1,0,71.9,4.0,59.1,62.6,0,Low,Average
278,Male,Kolkata,Tier2,Mechanical,Networking,No,No,6.49,6.59,6.39,6.1,5.66,6.01,5.6,6.76,6.23,67.3,2,2,1,1,1,64.2,4.0,62.2,68.5,0,Low,Average
279,Female,Kolkata,Tier3,EE,DataScience,No,Yes,6.31,7.01,6.63,6.32,6.92,6.81,6.52,6.57,6.61,74.1,0,1,1,1,1,64.3,2.2,42.8,54.1,1,Mid,Below-Average
280,Male,Chennai,Tier3,ECE,AI,No,No,4.86,4.71,4.73,4.83,4.56,4.86,5.27,4.58,4.85,72.3,0,1,0,0,0,46.6,2.5,40.4,46.7,0,Low,Below-Average
281,Female,Ahmedabad,Tier1,EE,DataScience,Yes,No,8.02,7.72,7.49,7.48,8.12,8.33,7.69,7.83,7.98,91.0,3,4,2,3,1,78.6,4.0,79.9,72.3,1,Mid,High-Achiever
282,Female,Ahmedabad,Tier1,EE,AI,No,No,8.77,8.88,8.6,8.06,8.5,9.38,8.74,9.17,8.48,89.0,2,4,3,2,1,79.0,4.5,79.0,79.4,0,High,High-Achiever
283,Male,Delhi,Tier1,CS,Embedded,No,No,8.64,8.52,8.16,9.16,8.54,8.06,7.88,9.53,8.45,89.1,2,4,4,3,3,72.1,4.3,83.6,86.4,0,High,High-Achiever
284,Male,Pune,Tier1,Mechanical,Networking,No,No,8.13,7.39,8.08,7.71,8.17,8.71,7.97,8.41,8.05,87.6,2,4,2,2,2,73.8,4.2,84.9,81.7,1,High,High-Achiever
285,Male,Kochi,Tier2,EE,Embedded,No,No,7.68,7.22,7.08,7.3,6.94,7.19,6.24,6.34,6.82,80.1,1,3,2,2,1,60.8,3.8,61.8,68.0,1,Mid,Average
286,Female,Chennai,Tier2,CS,DataScience,No,No,7.25,7.7,8.64,7.42,8.06,8.48,7.92,7.4,7.74,75.2,1,2,2,2,1,74.1,3.2,49.4,58.3,0,Mid,Average
287,Female,Kolkata,Tier1,IT,AI,Yes,Yes,8.24,7.68,7.62,8.08,7.81,7.37,8.44,7.76,8.1,83.8,3,4,3,3,1,79.8,4.7,75.0,76.6,1,High,High-Achiever
288,Male,Jaipur,Tier2,CS,DataScience,Yes,No,6.32,5.75,5.76,6.52,5.86,6.38,6.08,6.9,6.16,66.6,1,3,2,2,0,61.1,3.5,63.6,61.1,0,Low,Average
289,Male,Kolkata,Tier2,Mechanical,AI,No,Yes,7.56,7.79,7.18,7.35,7.41,7.81,7.35,8.16,7.57,69.0,1,1,1,0,0,74.8,3.1,73.2,61.6,0,Mid,Average
290,Female,Mumbai,Tier1,ECE,DataScience,Yes,No,8.42,8.23,8.54,8.84,8.32,9.23,8.42,8.66,8.75,89.1,2,5,3,3,0,89.3,4.1,83.1,86.2,1,High,High-Achiever
291,Male,Kolkata,Tier3,ECE,DataScience,No,Yes,4.58,5.62,5.23,5.27,5.35,4.98,4.7,5.13,5.07,59.7,1,1,1,0,0,59.3,3.5,37.9,20.5,1,Low,Below-Average
292,Male,Kochi,Tier1,ECE,DataScience,Yes,No,7.6,8.07,7.47,7.67,7.56,7.94,7.51,7.6,7.71,89.1,1,3,4,3,1,74.9,4.0,83.6,78.2,0,Mid,High-Achiever
293,Female,Kochi,Tier2,Mechanical,Networking,Yes,Yes,5.04,5.4,5.2,5.14,5.28,5.94,5.15,5.14,5.4,74.5,1,1,2,3,1,55.0,3.9,75.9,54.0,1,Low,Specialist
294,Male,Kolkata,Tier1,ECE,Embedded,Yes,No,8.24,8.62,9.1,7.98,8.4,8.95,8.57,8.49,8.47,84.9,2,3,3,3,3,90.9,3.9,91.2,68.4,0,High,High-Achiever
295,Male,Hyderabad,Tier3,Civil,DataScience,Yes,Yes,5.83,6.41,6.31,6.5,7.24,6.26,6.27,6.57,6.32,74.7,0,2,0,2,0,50.2,2.3,43.9,50.7,0,Low,Below-Average
296,Male,Ahmedabad,Tier2,IT,AI,Yes,Yes,5.29,4.94,4.36,5.06,4.8,5.5,4.45,5.01,5.17,67.6,2,5,0,1,0,57.3,3.7,79.6,46.3,0,Low,Specialist
297,Female,Mumbai,Tier2,Civil,Embedded,No,Yes,6.36,5.56,5.81,5.74,5.38,5.58,5.57,5.93,5.93,66.1,2,2,1,1,0,67.2,2.6,83.7,50.7,0,Low,Specialist
298,Female,Pune,Tier3,EE,DataScience,No,Yes,5.78,5.92,5.73,6.32,6.02,5.71,5.68,6.27,5.97,64.8,0,1,1,1,0,57.1,3.3,36.7,62.5,1,Low,Below-Average
299,Female,Pune,Tier3,EE,Networking,Yes,Yes,4.0,4.4,4.11,4.72,4.0,4.0,4.0,4.46,4.0,41.6,0,1,1,1,0,42.9,3.0,55.1,54.1,0,Low,Below-Average
300,Male,Delhi,Tier2,Mechanical,Networking,Yes,No,7.16,6.96,7.7,7.46,7.79,7.23,7.84,7.33,7.62,68.7,1,3,2,2,1,66.8,3.1,58.2,66.6,0,Mid,Average
301,Female,Jaipur,Tier3,Civil,Embedded,No,Yes,4.85,4.91,4.17,4.8,4.03,4.42,4.48,4.45,4.67,69.8,0,3,0,2,0,56.3,2.8,43.6,47.8,1,Low,Below-Average
302,Male,Jaipur,Tier1,Civil,AI,Yes,No,8.42,8.37,8.96,8.31,8.72,8.94,8.99,8.55,8.67,79.3,3,5,2,3,2,73.0,4.0,86.0,76.8,1,High,High-Achiever
303,Male,Chennai,Tier2,Civil,DataScience,No,No,7.21,7.44,7.17,6.86,7.35,6.96,6.28,7.19,7.15,83.9,1,2,3,2,0,65.1,3.7,53.3,78.0,0,Mid,Average
304,Female,Kochi,Tier2,ECE,Networking,No,No,8.07,6.86,7.83,7.68,7.68,7.79,7.97,7.86,7.65,87.1,2,2,2,1,1,56.1,4.4,61.7,68.4,1,Mid,Average
305,Female,Delhi,Tier3,Mechanical,Embedded,Yes,No,5.92,5.24,5.57,5.66,5.29,6.15,5.67,6.43,5.89,56.3,0,1,1,2,0,39.1,2.6,44.7,36.5,1,Low,Below-Average
306,Female,Kolkata,Tier2,IT,Networking,No,No,5.56,5.46,5.53,5.52,5.53,5.31,6.14,5.44,5.57,77.3,1,2,2,2,1,60.5,3.8,46.0,50.8,1,Low,Average
307,Male,Pune,Tier2,ECE,DataScience,No,Yes,6.55,6.45,7.15,7.09,6.65,6.68,6.47,6.87,6.53,84.0,2,1,1,2,0,68.8,3.5,62.3,66.5,1,Mid,Average
308,Female,Hyderabad,Tier2,CS,DataScience,No,No,7.19,6.91,7.3,6.85,6.77,7.56,7.01,7.25,7.08,71.3,1,1,0,2,0,62.4,3.5,59.6,61.6,1,Mid,Average
309,Male,Kolkata,Tier1,ECE,AI,Yes,No,8.36,8.95,8.23,7.79,8.19,8.85,8.69,8.51,8.4,92.3,2,4,3,4,2,76.1,4.1,82.9,68.0,1,High,High-Achiever
310,Female,Mumbai,Tier1,EE,Networking,No,No,8.87,8.73,8.52,8.61,8.78,8.87,8.74,8.92,8.74,84.6,3,5,1,3,2,80.3,3.9,82.2,81.0,0,High,High-Achiever
311,Male,Bangalore,Tier2,Civil,DataScience,No,No,7.5,7.04,7.35,6.91,7.42,7.22,7.44,7.33,7.47,71.2,1,2,1,3,0,55.8,3.7,62.3,59.8,1,Mid,Average
312,Male,Mumbai,Tier2,CS,AI,Yes,No,6.93,6.84,7.49,7.7,7.19,7.39,7.62,7.54,7.37,68.6,0,2,1,2,1,68.4,3.4,72.0,66.2,0,Mid,Average
313,Male,Mumbai,Tier1,EE,Embedded,No,No,8.32,8.31,8.7,8.41,8.63,8.23,8.41,8.93,8.39,89.7,1,4,2,3,0,86.8,3.8,73.7,81.1,1,High,High-Achiever
314,Female,Mumbai,Tier2,Civil,Embedded,No,No,6.26,5.75,5.42,5.41,5.64,5.89,6.03,6.45,5.89,84.3,2,0,3,1,0,64.4,4.0,56.9,57.1,0,Low,Average
315,Male,Ahmedabad,Tier2,Mechanical,Embedded,No,No,6.89,6.93,7.14,6.85,6.73,6.33,6.77,6.34,6.73,73.5,2,2,3,3,0,63.4,3.5,66.0,67.1,0,Mid,Average
316,Female,Kolkata,Tier2,ECE,Networking,No,No,7.54,7.46,7.33,7.06,7.35,7.0,8.03,7.38,7.25,64.8,2,4,2,1,0,68.0,3.4,64.3,58.0,1,Mid,Average
317,Female,Mumbai,Tier2,ECE,Embedded,Yes,Yes,6.25,6.59,5.96,6.52,6.71,7.03,6.76,5.89,6.35,66.3,1,2,1,2,0,48.8,4.2,64.1,58.5,0,Low,Average
318,Male,Delhi,Tier3,EE,AI,No,No,5.99,6.42,5.69,6.49,5.85,5.74,5.37,5.91,5.94,63.9,0,0,2,0,0,52.8,1.7,69.5,38.7,0,Low,Below-Average
319,Female,Bangalore,Tier1,Mechanical,Embedded,Yes,No,8.56,9.45,9.13,8.63,9.48,9.34,9.17,8.98,8.95,97.2,1,4,3,3,1,98.6,4.7,86.3,85.9,1,High,High-Achiever
320,Male,Bangalore,Tier2,ECE,AI,No,Yes,6.25,5.86,6.58,6.46,5.89,6.83,6.24,6.54,6.1,73.5,3,4,0,1,0,58.8,2.6,94.0,51.6,1,Low,Specialist
321,Male,Hyderabad,Tier2,EE,Embedded,No,Yes,4.22,4.14,4.0,4.3,4.0,4.09,4.0,4.0,4.0,66.5,1,0,1,2,1,58.8,3.3,82.5,71.5,0,Low,Specialist
322,Male,Bangalore,Tier2,CS,Networking,No,Yes,6.51,5.98,5.84,6.57,6.53,6.1,5.92,6.2,6.23,81.1,1,2,2,2,0,70.9,3.2,51.1,76.3,1,Low,Average
323,Female,Pune,Tier2,IT,Embedded,Yes,No,8.58,7.9,8.75,7.82,8.3,8.58,7.46,7.98,8.13,73.1,1,2,1,1,0,78.2,3.0,57.2,56.1,0,High,Average
324,Female,Delhi,Tier2,Mechanical,AI,Yes,Yes,6.75,6.45,6.72,6.47,6.27,6.89,7.17,6.44,6.67,72.0,0,1,2,2,0,72.8,4.2,66.4,38.6,1,Mid,Average
325,Male,Jaipur,Tier3,ECE,Embedded,No,Yes,4.02,4.31,4.12,4.0,4.0,4.7,4.25,4.0,4.11,50.4,0,1,1,2,0,28.6,3.9,46.1,54.4,1,Low,Below-Average
326,Female,Pune,Tier3,ECE,Networking,Yes,Yes,6.01,5.93,7.01,6.9,6.29,6.52,5.38,6.74,6.36,74.1,1,1,0,0,0,53.1,2.7,46.0,40.6,0,Low,Below-Average
327,Female,Mumbai,Tier3,Civil,Embedded,Yes,Yes,5.34,4.85,5.69,5.44,5.05,5.38,5.64,5.29,5.51,40.0,1,1,1,0,1,71.1,3.0,39.9,35.3,1,Low,Below-Average
328,Male,Kolkata,Tier2,ECE,Embedded,No,No,7.75,7.52,8.27,7.44,8.24,7.63,7.61,8.23,7.66,81.4,1,2,1,2,1,70.0,3.5,56.6,57.3,1,Mid,Average
329,Male,Ahmedabad,Tier2,ECE,DataScience,Yes,No,7.18,7.13,7.27,7.12,7.81,7.23,7.72,7.82,7.17,71.3,0,1,2,2,1,55.8,4.4,58.4,58.7,0,Mid,Average
330,Female,Kolkata,Tier1,Mechanical,AI,No,No,8.74,8.75,9.04,9.45,8.68,8.62,9.34,8.51,8.73,85.9,2,2,2,3,1,81.7,3.4,87.1,87.1,0,High,High-Achiever
331,Female,Delhi,Tier3,Civil,DataScience,No,No,5.62,5.99,5.97,5.55,5.65,5.8,6.43,5.75,5.75,76.9,0,1,1,1,0,36.5,3.0,50.4,45.6,1,Low,Below-Average
332,Female,Pune,Tier1,ECE,AI,No,Yes,9.37,9.04,9.29,9.1,8.66,8.91,8.69,8.99,8.85,84.4,4,4,1,2,2,87.4,3.9,75.0,87.0,1,High,High-Achiever
333,Female,Bangalore,Tier3,IT,DataScience,No,Yes,7.14,7.05,7.25,6.91,7.66,7.04,7.26,6.75,7.09,53.2,0,1,0,0,0,39.4,1.4,49.6,48.9,0,Mid,Below-Average
334,Male,Delhi,Tier3,EE,AI,Yes,Yes,5.64,6.87,6.16,6.35,5.98,6.27,6.02,5.98,6.18,58.7,0,1,0,0,0,48.7,2.6,35.5,40.9,1,Low,Below-Average
335,Male,Kochi,Tier1,CS,AI,Yes,No,6.93,7.97,7.72,7.6,7.21,7.2,8.19,7.77,7.71,90.1,2,3,2,3,2,74.9,4.9,85.3,75.3,0,Mid,High-Achiever
336,Male,Hyderabad,Tier2,Mechanical,DataScience,Yes,Yes,7.2,6.96,7.22,7.32,7.44,7.32,6.51,7.17,7.27,71.5,1,2,2,3,0,60.6,3.2,58.3,66.5,0,Mid,Average
337,Female,Delhi,Tier1,ECE,AI,No,No,8.45,9.38,8.82,8.92,9.27,8.81,8.54,9.52,9.07,80.1,1,4,3,2,2,88.9,4.5,93.0,83.7,1,High,High-Achiever
338,Female,Chennai,Tier3,Civil,AI,Yes,No,6.21,6.67,6.57,5.83,6.89,6.04,6.4,5.96,6.34,51.3,1,1,0,0,0,48.9,3.5,37.8,54.0,1,Low,Below-Average
339,Male,Mumbai,Tier1,IT,DataScience,No,No,8.34,8.76,8.16,8.1,8.3,8.28,8.43,8.73,8.29,94.4,3,3,2,2,0,76.6,4.2,83.3,76.2,1,High,High-Achiever
340,Male,Mumbai,Tier2,Mechanical,Embedded,Yes,Yes,7.07,7.23,6.67,7.77,7.03,6.88,7.07,6.44,6.93,70.7,1,0,1,3,1,48.5,3.3,89.9,57.1,1,Mid,Specialist
341,Female,Pune,Tier1,CS,AI,No,No,8.59,8.69,9.23,8.92,8.92,7.94,9.66,9.04,8.96,90.3,2,3,3,3,1,68.8,3.5,75.9,82.1,0,High,High-Achiever
342,Male,Mumbai,Tier2,CS,DataScience,Yes,No,8.9,8.65,7.71,8.06,8.07,8.5,8.28,8.2,8.06,67.6,1,2,1,2,1,47.5,2.7,84.4,50.4,1,High,Specialist
343,Female,Kochi,Tier3,ECE,DataScience,No,No,4.66,5.01,4.62,5.12,5.11,4.83,4.83,4.75,4.97,53.4,0,0,1,0,0,49.0,3.3,39.3,32.7,1,Low,Below-Average
344,Female,Kochi,Tier2,EE,DataScience,No,No,6.94,6.66,6.93,6.41,6.64,6.62,6.43,6.97,6.7,88.4,1,2,1,2,1,72.8,3.5,55.4,55.5,0,Mid,Average
345,Male,Mumbai,Tier3,IT,Networking,No,Yes,5.21,4.84,5.05,5.17,5.4,5.46,5.27,5.14,5.29,58.1,1,2,2,1,0,43.0,3.0,37.6,41.6,1,Low,Below-Average
346,Male,Jaipur,Tier3,EE,DataScience,No,No,5.05,5.03,5.27,5.11,4.7,4.64,5.34,4.8,5.16,55.6,0,1,0,1,0,62.1,2.9,53.1,50.6,0,Low,Below-Average
347,Female,Kolkata,Tier2,EE,DataScience,Yes,Yes,5.33,5.53,5.75,5.73,5.51,5.25,5.63,5.1,5.29,79.9,2,3,1,2,0,52.8,4.7,80.2,70.1,0,Low,Specialist
348,Female,Kochi,Tier1,CS,Networking,Yes,No,7.04,6.98,6.94,6.91,7.06,6.69,7.4,6.87,7.12,84.4,3,2,3,2,1,78.6,4.0,86.0,68.5,0,Mid,High-Achiever
349,Female,Bangalore,Tier2,Civil,AI,No,No,6.79,6.59,6.47,7.12,6.45,7.43,7.12,7.36,6.74,70.2,0,2,1,2,0,56.4,4.3,62.8,57.2,0,Mid,Average
350,Male,Kolkata,Tier1,Mechanical,Embedded,Yes,No,9.41,8.61,9.46,8.47,8.42,8.79,8.68,8.96,8.68,88.1,1,2,2,3,2,85.9,4.3,72.2,75.5,1,High,High-Achiever
351,Male,Chennai,Tier2,IT,Networking,Yes,No,6.06,6.79,6.86,6.8,7.08,6.74,6.93,7.42,6.7,75.0,0,2,0,1,1,81.8,4.3,64.7,68.4,1,Mid,Average
352,Female,Ahmedabad,Tier1,ECE,Networking,Yes,Yes,9.44,10.0,9.84,9.77,9.41,9.17,9.73,9.81,9.47,89.3,3,3,2,4,2,69.4,3.7,72.1,74.3,0,High,High-Achiever
353,Male,Mumbai,Tier2,IT,DataScience,No,No,6.96,6.98,6.95,6.7,7.63,7.15,6.89,6.74,7.01,91.7,2,3,1,3,1,62.2,3.6,65.7,58.6,1,Mid,Average
354,Male,Hyderabad,Tier2,EE,Networking,No,Yes,8.1,7.75,7.55,8.18,8.44,7.62,7.53,7.27,7.77,77.7,2,2,3,1,0,75.1,3.3,55.4,50.7,1,Mid,Average
355,Female,Jaipur,Tier2,Mechanical,Embedded,Yes,No,6.73,7.17,6.9,6.98,7.44,7.03,7.31,7.45,7.16,56.0,1,3,3,2,0,53.4,3.6,60.1,65.9,0,Mid,Average
356,Female,Mumbai,Tier2,IT,Embedded,Yes,No,8.34,7.71,7.71,7.8,7.79,7.51,6.79,7.85,7.5,77.6,1,2,1,2,0,69.5,4.1,48.4,60.7,1,Mid,Average
357,Female,Hyderabad,Tier3,EE,Embedded,No,Yes,6.06,5.64,6.08,5.82,5.46,5.84,6.14,6.47,5.7,60.4,0,0,0,1,0,59.0,3.0,43.2,37.5,1,Low,Below-Average
358,Male,Bangalore,Tier3,IT,Embedded,No,No,5.73,5.91,6.81,6.48,6.51,6.21,6.42,6.32,6.46,60.4,1,0,1,2,0,48.7,3.5,51.3,41.4,0,Low,Below-Average
359,Male,Hyderabad,Tier2,ECE,Embedded,Yes,Yes,6.42,7.28,7.26,6.9,7.24,7.22,7.58,7.46,7.03,77.0,1,2,1,1,1,69.4,3.2,52.7,71.0,0,Mid,Average
360,Male,Pune,Tier2,ECE,AI,Yes,No,7.38,7.36,7.54,7.2,7.16,7.4,7.35,7.1,7.3,74.8,1,4,1,2,0,79.1,3.1,54.5,54.0,1,Mid,Average
361,Male,Mumbai,Tier2,ECE,AI,No,Yes,6.22,6.04,5.95,6.54,6.35,6.19,6.91,5.89,6.29,69.5,2,3,1,3,0,79.5,3.2,88.6,44.9,0,Low,Specialist
362,Male,Pune,Tier1,IT,Networking,Yes,No,8.7,8.82,8.64,7.77,8.96,8.08,7.62,7.73,8.36,91.1,2,3,2,2,1,79.6,4.2,85.4,86.8,0,High,High-Achiever
363,Female,Bangalore,Tier1,CS,DataScience,No,No,8.56,8.55,8.64,8.76,7.91,9.12,9.42,8.29,8.7,85.3,3,3,2,3,1,76.8,4.1,65.0,78.5,0,High,High-Achiever
364,Male,Jaipur,Tier1,Civil,Networking,No,No,9.67,9.45,9.92,9.4,9.27,9.53,10.0,9.57,9.62,83.3,1,3,1,3,2,74.5,3.8,96.1,82.7,0,High,High-Achiever
365,Female,Bangalore,Tier3,ECE,Embedded,No,Yes,5.56,5.29,5.44,4.93,5.68,5.71,5.62,6.05,5.31,90.2,2,2,0,1,0,56.8,3.5,47.3,48.0,1,Low,Below-Average
366,Male,Mumbai,Tier2,Mechanical,AI,No,No,7.41,7.22,7.24,7.17,7.55,6.87,7.42,6.29,7.25,69.3,1,3,2,2,0,54.0,3.3,66.3,61.7,0,Mid,Average
367,Female,Delhi,Tier3,Civil,AI,No,No,5.72,6.75,6.39,6.55,6.05,7.17,6.51,6.55,6.38,61.0,1,1,1,1,0,45.7,3.7,40.6,40.5,0,Low,Below-Average
368,Female,Delhi,Tier3,CS,Networking,No,No,6.75,6.07,5.49,6.3,6.85,6.29,5.95,6.08,6.3,45.0,1,1,1,1,0,48.9,2.8,23.4,52.3,1,Low,Below-Average
369,Female,Kolkata,Tier2,ECE,Networking,No,No,7.15,6.93,6.86,6.76,7.09,7.04,6.83,6.9,7.01,75.9,1,2,0,0,0,61.0,3.8,66.1,71.3,1,Mid,Average
370,Female,Mumbai,Tier3,ECE,Networking,No,Yes,4.07,4.0,4.0,4.0,4.0,4.0,4.36,4.14,4.0,50.7,1,1,1,0,0,50.5,3.1,36.3,54.8,1,Low,Below-Average
371,Female,Delhi,Tier3,EE,AI,No,Yes,5.46,5.23,5.97,5.5,5.33,6.04,5.28,6.19,5.86,55.6,1,1,0,1,0,71.1,2.3,47.4,32.1,1,Low,Below-Average
372,Female,Delhi,Tier1,Civil,DataScience,No,No,7.63,7.55,7.74,7.82,7.6,7.61,7.61,7.29,7.39,93.2,2,3,3,3,1,79.3,4.3,80.5,87.1,0,Mid,High-Achiever
373,Male,Jaipur,Tier2,Mechanical,DataScience,No,No,7.62,8.09,7.9,7.7,7.77,7.48,7.94,7.72,7.88,78.8,1,3,2,1,1,61.5,4.5,62.1,59.1,1,Mid,Average
374,Female,Pune,Tier2,EE,DataScience,Yes,No,6.49,7.53,6.64,7.17,7.11,7.83,7.08,6.49,7.1,79.5,1,2,1,2,0,73.1,3.6,53.0,56.0,0,Mid,Average
375,Male,Kochi,Tier1,IT,DataScience,No,No,9.18,8.57,9.08,8.59,9.03,8.81,8.83,9.07,9.0,79.1,2,4,1,4,1,81.4,4.6,88.1,76.8,0,High,High-Achiever
376,Male,Bangalore,Tier1,ECE,Networking,No,Yes,8.08,8.08,8.14,8.41,8.29,7.96,7.85,8.0,8.05,97.2,3,5,4,3,1,88.6,4.5,73.7,83.8,0,High,High-Achiever
377,Male,Jaipur,Tier2,Mechanical,DataScience,No,Yes,4.5,4.66,4.24,4.79,4.8,5.38,4.51,5.11,4.76,59.3,1,3,2,1,1,61.6,3.4,100.0,61.5,1,Low,Specialist
378,Female,Hyderabad,Tier2,EE,DataScience,No,No,7.38,7.05,7.28,7.29,6.89,7.37,6.5,7.28,7.16,87.2,1,2,2,2,0,63.0,3.6,80.1,60.0,1,Mid,Average
379,Female,Pune,Tier2,EE,DataScience,No,No,7.03,6.99,7.09,6.96,7.53,7.41,7.08,6.98,6.98,83.2,2,5,3,3,0,50.7,3.8,74.7,68.7,0,Mid,Average
380,Male,Bangalore,Tier3,IT,Networking,No,No,5.14,5.71,5.7,4.91,5.48,4.57,4.9,5.12,5.16,65.8,0,1,1,0,0,33.4,3.3,54.8,45.4,0,Low,Below-Average
381,Female,Pune,Tier2,ECE,DataScience,No,No,6.79,7.17,6.56,7.13,7.0,6.9,6.9,7.2,7.05,68.2,1,1,2,2,0,50.3,2.8,59.2,57.4,1,Mid,Average
382,Male,Ahmedabad,Tier2,ECE,DataScience,Yes,No,8.05,8.19,8.66,8.21,8.23,7.95,8.52,8.14,8.21,71.4,1,2,1,3,1,63.8,3.4,94.3,46.5,1,High,Specialist
383,Female,Mumbai,Tier3,ECE,Embedded,Yes,Yes,5.97,6.76,6.05,6.07,6.14,6.34,6.25,5.76,6.08,55.3,1,2,1,1,0,35.7,2.7,41.0,48.1,1,Low,Below-Average
384,Male,Chennai,Tier2,IT,Embedded,No,No,7.35,7.66,6.98,7.6,7.67,8.25,8.13,7.4,7.63,75.2,1,1,1,0,0,75.0,3.3,46.0,61.3,1,Mid,Average
385,Male,Ahmedabad,Tier2,EE,DataScience,Yes,No,7.38,7.79,7.22,7.82,7.51,7.72,7.05,7.15,7.51,73.0,2,1,1,2,0,65.2,4.1,73.5,51.0,0,Mid,Average
386,Male,Hyderabad,Tier2,Mechanical,Networking,No,No,7.27,7.3,7.34,7.0,6.7,7.13,7.67,7.15,7.18,51.7,2,4,1,1,0,57.6,2.7,94.0,65.2,0,Mid,Specialist
387,Female,Hyderabad,Tier3,Mechanical,Embedded,No,Yes,5.43,5.62,5.46,5.66,4.91,6.23,5.08,5.65,5.37,71.2,0,1,0,0,0,40.4,2.0,41.7,39.2,1,Low,Below-Average
388,Female,Mumbai,Tier2,IT,DataScience,Yes,Yes,4.41,4.0,4.35,4.65,4.13,4.16,4.78,4.52,4.36,69.3,1,2,1,0,1,66.2,3.8,75.2,74.1,1,Low,Specialist
389,Male,Delhi,Tier1,ECE,Networking,Yes,No,9.07,8.08,8.1,8.54,8.74,8.6,8.29,8.89,8.41,85.6,2,4,2,4,2,75.2,3.6,77.9,68.2,0,High,High-Achiever
390,Male,Mumbai,Tier3,ECE,Embedded,No,Yes,6.1,7.07,6.23,6.0,6.27,5.72,6.41,6.33,6.07,54.4,0,0,0,0,0,39.1,1.6,23.8,42.2,1,Low,Below-Average
391,Female,Kochi,Tier2,Civil,DataScience,Yes,No,6.62,6.5,6.67,6.19,6.61,5.85,6.65,6.19,6.42,77.9,2,1,1,2,0,74.5,4.0,68.5,56.4,0,Low,Average
392,Male,Chennai,Tier1,Civil,DataScience,Yes,Yes,9.19,8.15,8.57,8.09,8.67,7.74,7.53,8.62,8.41,83.5,1,2,2,3,1,82.1,4.3,70.8,71.2,1,High,High-Achiever
393,Female,Mumbai,Tier2,ECE,Embedded,Yes,No,6.07,5.83,6.09,6.17,5.92,6.63,6.86,6.98,6.58,57.0,1,3,2,2,1,63.1,3.7,62.6,58.1,1,Mid,Average
394,Male,Jaipur,Tier3,ECE,Embedded,Yes,Yes,6.86,6.21,7.05,6.02,6.29,6.89,5.93,5.88,6.55,64.1,1,1,1,1,0,53.8,2.5,33.6,61.7,1,Mid,Below-Average
395,Male,Bangalore,Tier1,CS,Networking,No,No,8.48,8.94,9.19,9.36,9.0,8.66,8.91,7.9,8.87,90.6,2,3,4,3,1,80.1,3.6,72.0,79.0,0,High,High-Achiever
396,Male,Ahmedabad,Tier2,ECE,Embedded,No,No,7.34,7.36,7.48,7.98,7.9,7.58,7.44,7.39,7.39,73.4,1,1,2,2,0,68.1,2.9,62.1,55.7,0,Mid,Average
397,Female,Kolkata,Tier3,CS,Networking,Yes,Yes,6.13,6.32,5.65,6.16,5.76,6.06,6.02,5.63,5.94,48.5,0,1,0,0,1,40.6,2.6,38.7,25.7,1,Low,Below-Average
398,Female,Delhi,Tier1,ECE,Networking,No,No,8.39,8.84,8.06,8.09,8.46,7.54,8.34,8.56,8.48,88.4,3,4,2,2,1,92.4,3.7,87.9,66.0,1,High,High-Achiever
399,Male,Hyderabad,Tier2,ECE,DataScience,No,No,6.99,6.55,7.06,7.26,7.18,7.55,6.39,7.29,7.12,63.3,1,1,1,2,0,60.4,3.7,48.6,57.7,0,Mid,Average
400,Male,Kolkata,Tier2,IT,Embedded,Yes,No,6.29,5.86,6.28,5.94,6.35,7.01,6.5,6.03,6.29,66.8,0,1,2,2,0,77.4,3.3,53.2,56.9,0,Low,Average
401,Female,Mumbai,Tier2,Civil,AI,Yes,Yes,5.52,5.87,5.49,4.82,5.63,5.74,5.83,5.42,5.69,69.0,2,1,2,2,1,63.5,3.6,38.5,60.2,1,Low,Average
402,Male,Jaipur,Tier2,Mechanical,Embedded,No,No,7.05,6.53,5.85,6.3,7.04,6.47,6.04,5.78,6.12,77.6,1,2,1,3,0,68.1,3.3,67.5,27.7,1,Low,Specialist
403,Male,Pune,Tier3,EE,DataScience,No,No,5.68,5.97,5.99,5.69,6.01,4.63,5.96,5.82,5.73,56.4,1,1,1,1,0,54.6,3.0,60.0,43.1,1,Low,Below-Average
404,Female,Ahmedabad,Tier1,Mechanical,AI,No,No,9.2,8.5,9.44,9.01,9.28,8.94,8.89,9.71,9.1,85.8,3,5,3,2,0,86.9,4.4,96.6,85.2,0,High,High-Achiever
405,Male,Delhi,Tier2,ECE,Networking,No,No,6.91,7.74,6.91,6.89,7.21,7.55,6.96,7.6,7.26,87.6,3,3,0,0,1,51.6,3.0,85.7,74.5,0,Mid,Specialist
406,Female,Pune,Tier3,IT,DataScience,Yes,No,6.84,7.18,6.43,6.2,6.9,6.66,6.89,6.06,6.6,63.5,1,1,1,0,0,57.7,2.9,33.8,25.1,0,Mid,Below-Average
407,Female,Kolkata,Tier1,Civil,AI,No,No,8.19,7.74,7.71,7.59,7.82,8.16,7.63,7.98,8.0,89.7,2,4,1,2,1,91.1,4.3,79.9,72.4,0,High,High-Achiever
408,Female,Kochi,Tier3,ECE,DataScience,Yes,Yes,5.49,5.63,5.38,5.5,4.95,5.38,5.14,5.67,5.25,56.3,1,1,1,0,1,45.7,1.3,50.7,35.5,0,Low,Below-Average
409,Female,Bangalore,Tier1,Mechanical,AI,Yes,No,8.54,8.67,7.67,8.82,8.95,8.82,8.67,8.46,8.74,85.0,2,3,3,3,2,80.2,4.5,78.4,79.0,0,High,High-Achiever
410,Male,Bangalore,Tier2,EE,DataScience,Yes,No,8.56,7.97,7.98,8.08,8.31,7.91,8.07,7.3,8.03,50.3,1,5,3,2,1,54.8,3.3,86.9,40.4,0,High,Specialist
411,Female,Kochi,Tier3,CS,DataScience,Yes,Yes,7.23,6.27,6.58,6.28,6.35,6.51,6.85,6.9,6.54,69.7,0,1,0,2,0,44.9,3.1,41.9,60.8,1,Mid,Below-Average
412,Female,Jaipur,Tier3,Civil,Networking,No,Yes,6.07,5.95,5.8,6.61,6.42,5.61,6.41,6.56,6.28,64.5,0,1,1,1,0,63.4,2.0,36.3,44.4,0,Low,Below-Average
413,Male,Jaipur,Tier1,CS,AI,Yes,No,9.0,8.78,7.52,8.13,8.4,8.65,7.98,8.29,8.31,87.1,3,4,3,5,2,74.0,4.1,78.3,77.1,1,High,High-Achiever
414,Male,Jaipur,Tier3,ECE,DataScience,No,Yes,5.12,5.42,5.08,4.6,4.41,4.98,4.68,4.82,4.88,58.6,0,1,1,1,0,39.5,2.1,44.9,59.9,0,Low,Below-Average
415,Male,Kolkata,Tier1,Mechanical,Embedded,Yes,No,9.4,8.46,8.95,8.7,9.23,9.03,9.33,9.13,8.89,91.7,1,5,2,4,2,89.7,4.5,75.2,77.9,1,High,High-Achiever
416,Female,Bangalore,Tier1,EE,AI,No,No,8.23,7.68,7.71,8.18,7.89,8.26,8.52,7.66,7.95,80.2,1,3,2,3,1,83.7,3.6,85.2,80.8,1,Mid,High-Achiever
417,Male,Jaipur,Tier1,Mechanical,AI,No,No,8.61,8.14,8.27,8.65,8.02,8.22,8.53,7.9,8.38,85.1,4,4,1,2,1,92.7,3.8,78.7,72.7,1,High,High-Achiever
418,Female,Chennai,Tier3,Civil,AI,No,Yes,5.58,6.12,5.03,4.47,5.64,5.4,5.58,5.04,5.42,48.6,1,1,0,1,0,43.9,3.1,43.3,30.3,1,Low,Below-Average
419,Female,Kochi,Tier1,Mechanical,DataScience,No,No,9.1,8.58,8.78,9.16,9.58,9.9,9.3,9.67,9.3,96.9,2,4,1,3,1,80.8,3.9,91.7,73.7,0,High,High-Achiever
420,Male,Kolkata,Tier2,IT,Embedded,No,No,5.56,5.59,5.83,5.88,5.64,5.78,5.64,5.47,5.72,77.9,1,2,2,1,0,53.4,2.6,83.7,81.2,0,Low,Specialist
421,Female,Jaipur,Tier3,CS,Embedded,Yes,Yes,4.04,4.0,4.0,4.0,4.21,4.26,4.01,4.0,4.0,40.0,1,1,0,0,0,49.3,3.3,51.2,50.3,0,Low,Below-Average
422,Male,Bangalore,Tier1,Mechanical,DataScience,Yes,Yes,8.95,8.25,8.79,8.96,8.89,9.13,8.72,8.56,8.75,80.4,3,4,3,3,2,69.4,4.6,69.5,79.9,1,High,High-Achiever
423,Male,Pune,Tier1,IT,Embedded,No,No,8.3,8.22,8.4,8.03,8.79,8.59,7.64,8.37,8.15,87.3,0,4,3,2,2,84.1,4.5,78.7,71.2,0,High,High-Achiever
424,Male,Kochi,Tier1,EE,Networking,No,No,8.47,8.41,8.05,7.66,8.69,8.65,8.5,8.24,8.52,85.6,4,3,3,2,1,81.9,4.5,82.2,84.4,1,High,High-Achiever
425,Female,Hyderabad,Tier2,EE,Networking,Yes,No,7.46,6.14,7.05,7.65,7.06,6.92,6.13,6.93,6.95,64.4,0,3,2,1,1,64.5,3.4,77.3,51.1,1,Mid,Average
426,Male,Jaipur,Tier3,CS,DataScience,Yes,No,5.48,5.18,5.49,5.45,5.06,5.04,5.53,5.06,5.31,79.4,0,2,1,1,0,44.5,2.7,22.4,28.3,0,Low,Below-Average
427,Male,Pune,Tier1,ECE,AI,Yes,No,9.08,9.85,8.8,8.94,9.05,8.95,8.98,9.26,8.9,89.6,1,3,2,2,1,74.6,3.9,81.3,74.1,1,High,High-Achiever
428,Female,Bangalore,Tier3,Civil,Networking,No,No,4.47,4.0,4.14,4.28,4.76,4.57,4.72,4.22,4.43,64.7,0,1,1,1,0,54.5,2.9,56.6,63.5,1,Low,Below-Average
429,Female,Ahmedabad,Tier1,IT,Networking,Yes,No,8.19,7.91,8.16,7.96,8.69,8.18,7.83,8.25,8.24,84.5,2,4,2,3,2,73.0,4.0,76.5,91.3,1,High,High-Achiever
430,Male,Delhi,Tier3,Mechanical,AI,No,Yes,5.59,6.34,5.9,5.92,5.88,6.14,6.18,5.8,5.98,67.2,0,1,1,1,0,52.6,2.5,39.9,39.5,0,Low,Below-Average
431,Female,Bangalore,Tier2,Mechanical,Embedded,No,No,5.62,5.29,5.28,5.1,5.88,5.29,5.55,5.57,5.51,66.6,1,1,3,1,0,80.7,3.6,87.7,46.9,0,Low,Specialist
432,Female,Bangalore,Tier3,ECE,Networking,No,Yes,4.51,4.92,4.07,4.99,4.19,4.6,4.25,4.49,4.37,57.2,1,1,0,0,1,61.4,3.5,43.8,27.6,1,Low,Below-Average
433,Male,Hyderabad,Tier3,Mechanical,Embedded,No,Yes,6.07,5.49,5.73,6.27,5.48,6.32,5.82,5.94,5.97,66.1,0,1,0,0,0,34.5,3.0,57.7,44.8,0,Low,Below-Average
434,Female,Jaipur,Tier3,EE,DataScience,Yes,No,6.09,6.81,6.41,6.38,6.85,6.9,5.93,5.71,6.29,43.7,0,0,1,1,0,43.2,3.9,46.5,45.6,1,Low,Below-Average
435,Female,Kochi,Tier1,EE,AI,Yes,No,8.41,8.78,8.8,8.36,8.08,8.13,8.73,8.47,8.48,96.0,2,4,3,4,1,82.5,3.9,91.3,83.5,1,High,High-Achiever
436,Male,Jaipur,Tier1,ECE,Networking,Yes,No,7.38,7.41,7.8,6.9,7.8,7.5,7.47,7.18,7.52,88.9,2,4,4,3,2,79.6,3.5,79.5,84.4,0,Mid,High-Achiever
437,Female,Jaipur,Tier1,Civil,Embedded,No,No,8.43,8.44,8.71,9.48,8.79,8.87,8.95,8.78,8.85,94.4,2,4,3,4,2,71.6,4.5,76.8,76.6,0,High,High-Achiever
438,Male,Hyderabad,Tier2,IT,Networking,Yes,No,6.14,5.69,6.2,5.77,5.91,6.29,5.93,6.42,6.0,66.4,0,3,2,3,0,68.1,3.1,58.0,66.4,1,Low,Average
439,Male,Pune,Tier3,EE,AI,No,Yes,6.16,4.99,5.35,5.68,5.96,5.49,6.53,5.71,5.72,50.8,1,1,2,1,0,47.9,2.6,30.4,37.0,1,Low,Below-Average
440,Male,Kolkata,Tier2,Civil,Embedded,Yes,No,6.78,6.6,6.71,6.15,6.11,7.03,6.64,6.1,6.47,65.7,2,1,3,3,1,80.3,2.6,64.4,66.3,0,Low,Average
441,Male,Jaipur,Tier3,Mechanical,DataScience,No,Yes,5.2,4.83,4.58,4.16,4.83,4.73,4.93,4.96,4.69,62.5,0,0,1,1,0,45.7,2.3,38.1,38.9,1,Low,Below-Average
442,Male,Hyderabad,Tier1,EE,DataScience,Yes,No,8.17,8.37,9.23,8.29,8.45,7.73,7.98,7.99,8.28,88.3,2,4,1,4,2,87.0,3.6,77.3,81.2,1,High,High-Achiever
443,Female,Mumbai,Tier3,CS,AI,No,No,5.53,5.38,4.67,5.16,6.27,5.68,5.78,5.44,5.37,55.4,0,1,1,1,0,36.6,2.5,47.0,47.8,1,Low,Below-Average
444,Female,Hyderabad,Tier1,ECE,DataScience,No,Yes,7.82,8.81,8.83,8.66,7.65,8.02,7.9,8.42,8.18,82.9,2,4,3,1,1,73.8,4.0,74.0,78.5,0,High,High-Achiever
445,Female,Chennai,Tier1,ECE,AI,No,No,8.79,8.77,9.03,8.83,8.16,8.49,8.61,8.5,8.79,81.7,2,3,2,2,2,84.3,4.2,87.4,83.6,1,High,High-Achiever
446,Female,Mumbai,Tier3,Civil,Embedded,No,Yes,5.3,5.07,5.2,5.26,4.74,4.88,5.14,5.25,5.19,59.5,1,2,1,0,0,57.8,3.5,37.2,28.3,1,Low,Below-Average
447,Female,Kolkata,Tier2,Civil,AI,No,Yes,6.12,7.32,7.46,6.62,7.08,7.0,6.59,6.16,6.78,65.8,1,1,2,0,1,50.4,3.7,94.3,42.2,0,Mid,Specialist
448,Male,Bangalore,Tier2,ECE,AI,Yes,Yes,7.12,7.77,6.92,6.74,6.79,7.08,6.8,7.89,7.17,69.5,0,1,1,3,0,65.2,2.7,56.5,59.8,1,Mid,Average
449,Male,Kochi,Tier1,ECE,AI,Yes,No,8.08,8.34,8.11,8.39,7.79,7.75,7.85,7.79,8.15,95.7,2,4,3,5,2,71.7,4.4,86.4,67.9,0,High,High-Achiever
450,Male,Mumbai,Tier2,IT,Networking,Yes,No,6.53,6.11,6.03,6.43,6.22,6.99,6.16,6.35,6.48,74.3,1,3,2,2,0,63.6,3.6,61.6,58.7,0,Low,Average
451,Male,Ahmedabad,Tier1,ECE,AI,No,No,7.66,7.52,7.49,7.96,7.9,6.89,7.71,7.99,7.68,94.4,2,5,2,4,2,85.0,4.2,87.2,75.4,0,Mid,High-Achiever
452,Female,Bangalore,Tier3,CS,AI,Yes,No,5.95,5.82,5.78,6.05,6.08,6.0,5.53,6.19,5.7,54.7,1,1,0,2,0,44.1,2.8,43.1,57.1,1,Low,Below-Average
453,Female,Kochi,Tier3,CS,DataScience,Yes,No,4.76,5.23,5.59,5.27,5.08,5.65,5.65,5.51,5.25,62.4,1,0,0,1,0,45.8,2.9,25.4,45.4,1,Low,Below-Average
454,Female,Hyderabad,Tier1,Civil,Networking,Yes,No,7.29,7.29,8.46,7.27,7.31,7.68,7.15,6.62,7.31,87.7,2,3,3,3,3,73.2,3.9,89.1,85.2,0,Mid,High-Achiever
455,Male,Bangalore,Tier1,EE,Embedded,Yes,Yes,8.34,8.29,8.23,9.03,7.57,8.07,7.73,8.49,8.23,79.5,2,3,2,3,1,76.1,4.1,81.4,80.1,1,High,High-Achiever
456,Female,Pune,Tier1,ECE,AI,Yes,No,8.33,8.67,7.38,8.36,7.66,7.71,9.08,7.58,8.05,95.1,4,5,2,3,0,90.5,4.7,87.5,74.3,1,High,High-Achiever
457,Female,Jaipur,Tier2,ECE,AI,No,Yes,7.38,7.3,7.6,7.58,7.54,7.68,7.28,6.92,7.26,68.8,2,3,0,3,1,60.7,2.7,90.5,56.6,1,Mid,Specialist
458,Female,Bangalore,Tier2,ECE,Embedded,Yes,Yes,6.0,5.95,5.68,6.07,5.98,6.18,5.45,6.2,5.98,81.0,2,3,2,2,0,57.0,3.0,53.0,67.8,1,Low,Average
459,Male,Pune,Tier3,Civil,Embedded,No,Yes,4.02,4.75,4.78,4.61,4.73,4.24,4.58,4.76,4.49,52.5,0,1,1,1,1,45.2,2.8,32.9,55.9,1,Low,Below-Average
460,Male,Pune,Tier2,EE,AI,No,No,7.65,7.69,7.45,8.07,7.12,7.27,7.23,7.23,7.67,73.7,0,2,1,2,0,52.2,2.9,65.9,60.9,0,Mid,Average
461,Female,Hyderabad,Tier2,EE,DataScience,Yes,No,8.56,7.84,7.72,7.73,7.9,7.93,8.09,8.17,7.81,68.1,2,3,1,1,0,56.9,2.6,57.3,48.8,0,Mid,Average
462,Female,Jaipur,Tier1,EE,Networking,No,No,8.4,8.01,8.11,8.5,8.06,8.45,7.61,8.13,8.13,94.2,2,3,2,4,0,88.2,4.1,88.6,66.0,0,High,High-Achiever
463,Female,Kolkata,Tier2,EE,Networking,No,Yes,5.47,4.62,5.83,5.77,5.82,5.02,5.71,5.11,5.49,72.8,1,2,2,1,0,58.6,4.2,83.6,51.1,1,Low,Specialist
464,Female,Mumbai,Tier2,ECE,AI,No,No,8.05,6.52,7.25,7.08,7.74,7.22,6.93,7.14,7.37,77.9,1,1,1,2,1,80.1,3.5,69.2,43.3,0,Mid,Average
465,Female,Ahmedabad,Tier2,Mechanical,Embedded,No,Yes,5.5,5.77,6.38,5.62,5.62,5.74,4.46,5.52,5.6,85.9,0,2,1,2,0,64.2,3.6,63.8,76.4,0,Low,Average
466,Male,Delhi,Tier3,Civil,DataScience,Yes,No,4.25,4.0,4.05,4.11,4.01,4.53,4.51,4.08,4.2,71.6,1,1,1,0,0,47.7,1.5,44.9,50.0,1,Low,Below-Average
467,Female,Pune,Tier2,ECE,DataScience,No,No,6.47,6.34,7.03,6.88,6.55,7.23,6.91,6.77,6.83,81.1,2,1,2,1,0,70.1,3.7,56.6,56.9,0,Mid,Average
468,Male,Bangalore,Tier2,IT,DataScience,Yes,Yes,7.03,6.85,6.88,7.69,8.19,7.39,7.45,7.03,7.24,57.2,1,3,1,4,0,33.3,3.3,86.9,41.7,1,Mid,Specialist
469,Male,Hyderabad,Tier1,Mechanical,Networking,Yes,No,8.94,8.66,8.02,7.92,7.36,8.88,8.73,7.79,8.28,84.5,2,4,3,3,2,81.2,3.9,90.3,85.2,0,High,High-Achiever
470,Male,Hyderabad,Tier2,CS,Networking,No,No,6.4,7.18,7.14,7.26,6.92,6.36,6.96,6.99,7.06,67.0,1,2,1,1,1,64.6,3.6,59.5,53.1,0,Mid,Average
471,Female,Kochi,Tier2,ECE,Networking,No,No,7.52,7.84,7.2,7.59,7.66,7.44,8.0,8.21,7.68,80.8,0,1,1,2,1,76.9,3.6,64.8,53.9,1,Mid,Average
472,Male,Kolkata,Tier2,Civil,AI,No,No,8.3,8.57,8.19,8.99,7.96,8.18,7.85,8.52,8.26,76.4,0,2,1,1,0,72.7,3.0,60.4,55.9,0,High,Average
473,Female,Bangalore,Tier1,Mechanical,DataScience,No,Yes,7.72,8.06,8.06,7.98,8.59,8.54,8.07,8.77,8.21,81.0,2,3,1,1,1,73.2,4.3,82.9,78.8,0,High,High-Achiever
474,Female,Kochi,Tier1,IT,Networking,Yes,No,8.37,8.42,7.57,8.7,9.61,8.96,8.51,8.54,8.49,87.1,2,4,3,3,1,87.5,4.7,94.1,82.3,1,High,High-Achiever
475,Female,Hyderabad,Tier1,ECE,Networking,No,No,9.34,9.6,9.8,9.05,9.29,9.69,9.63,9.18,9.41,80.5,2,4,3,2,1,78.4,4.1,90.4,86.3,0,High,High-Achiever
476,Female,Delhi,Tier2,Civil,Embedded,Yes,No,5.92,5.86,5.81,6.67,6.07,5.35,6.06,5.5,6.09,74.6,2,1,2,2,0,57.8,3.1,60.7,70.4,0,Low,Average
477,Female,Bangalore,Tier2,EE,DataScience,Yes,No,7.8,7.66,7.44,7.82,7.29,7.52,7.73,7.55,7.62,61.8,1,4,2,1,0,66.6,3.4,61.9,62.0,1,Mid,Average
478,Male,Hyderabad,Tier2,Civil,DataScience,No,No,6.74,6.0,6.23,6.15,6.84,5.6,5.87,6.15,6.39,79.2,2,2,2,2,0,63.4,3.9,53.7,70.2,0,Low,Average
479,Female,Pune,Tier2,Mechanical,AI,Yes,Yes,6.58,6.88,7.12,7.05,6.32,7.52,6.99,6.36,7.06,78.0,1,2,1,2,1,77.3,2.9,58.4,56.6,0,Mid,Average
480,Male,Chennai,Tier2,Mechanical,Embedded,Yes,No,7.05,7.32,6.95,7.11,6.25,7.26,6.17,6.68,6.85,90.3,1,1,1,0,0,67.7,3.8,62.8,47.4,1,Mid,Average
481,Male,Bangalore,Tier2,EE,DataScience,No,No,6.54,6.57,6.97,6.39,6.24,6.1,6.76,6.26,6.43,81.8,1,3,1,2,1,66.6,3.2,67.7,56.6,0,Low,Average
482,Male,Jaipur,Tier1,CS,Embedded,No,No,8.16,7.78,7.71,7.9,8.43,7.75,7.85,7.81,8.01,85.9,3,3,5,3,1,85.4,4.3,87.2,72.4,0,High,High-Achiever
483,Male,Pune,Tier2,IT,Embedded,No,No,7.32,8.02,7.82,6.79,6.8,7.43,6.81,7.19,7.17,81.5,1,2,2,3,0,73.7,3.2,50.0,56.9,1,Mid,Average
484,Female,Chennai,Tier2,CS,Networking,No,No,6.88,7.44,7.44,7.67,7.47,7.99,7.26,7.49,7.6,63.8,1,1,2,2,0,71.3,3.2,68.8,54.3,1,Mid,Average
485,Male,Delhi,Tier1,ECE,Embedded,No,No,8.17,8.19,7.99,8.42,8.04,8.29,8.87,7.98,8.44,83.2,1,3,4,4,0,88.5,4.8,81.4,74.8,1,High,High-Achiever
486,Female,Jaipur,Tier2,IT,Networking,No,No,7.37,6.79,7.6,7.87,6.56,7.95,6.94,6.86,7.04,77.7,0,2,2,1,1,69.9,2.8,51.1,67.0,0,Mid,Average
487,Male,Chennai,Tier2,EE,DataScience,Yes,No,7.38,7.05,7.34,7.04,7.04,7.51,6.59,7.98,7.34,57.7,2,2,1,1,0,66.3,3.7,72.0,75.7,1,Mid,Average
488,Male,Kolkata,Tier1,ECE,Embedded,No,No,8.86,8.46,7.89,8.08,7.76,8.68,7.85,8.05,8.01,87.8,1,3,2,3,1,87.4,4.9,92.2,65.9,1,High,High-Achiever
489,Male,Mumbai,Tier2,Civil,Embedded,Yes,No,7.16,6.88,7.3,7.17,7.84,7.11,7.33,7.87,7.44,66.8,2,1,1,2,1,64.3,3.8,62.4,51.7,1,Mid,Average
490,Male,Kolkata,Tier2,Mechanical,Embedded,Yes,No,7.63,8.62,7.34,7.94,7.28,7.2,7.21,7.23,7.49,75.8,2,1,2,3,1,65.3,2.8,66.4,55.7,0,Mid,Average
491,Female,Kochi,Tier3,IT,DataScience,No,No,6.95,7.33,7.08,7.42,7.7,6.77,7.54,7.49,7.32,49.2,0,1,1,1,0,63.5,2.0,49.7,51.7,0,Mid,Below-Average
492,Male,Bangalore,Tier2,ECE,AI,No,No,6.91,6.87,6.96,6.72,7.09,7.06,6.38,6.71,6.77,78.4,1,2,1,1,0,78.0,3.1,72.6,60.4,0,Mid,Average
493,Male,Mumbai,Tier3,ECE,DataScience,Yes,Yes,4.93,4.97,4.97,4.93,5.05,4.54,5.24,5.25,5.18,60.2,1,1,0,0,0,47.9,2.9,49.3,36.8,0,Low,Below-Average
494,Female,Bangalore,Tier2,CS,Networking,Yes,No,7.39,7.73,7.29,7.7,7.45,7.57,7.11,7.05,7.46,86.2,2,3,2,3,1,61.4,3.6,48.1,67.7,0,Mid,Average
495,Male,Jaipur,Tier3,Mechanical,Networking,Yes,Yes,6.44,5.84,6.57,5.51,6.03,6.42,6.3,5.67,6.07,60.1,0,1,0,1,0,61.2,2.0,62.1,53.6,0,Low,Below-Average
496,Female,Kolkata,Tier2,CS,Networking,Yes,No,6.63,7.02,6.45,6.59,7.02,6.81,6.52,6.81,6.68,68.9,1,2,1,2,0,71.4,3.1,69.6,61.8,1,Mid,Average
497,Male,Kolkata,Tier2,Mechanical,DataScience,Yes,No,6.91,6.32,6.44,6.61,6.2,6.48,6.7,7.27,6.76,73.0,1,2,0,3,0,67.5,3.1,55.4,55.5,0,Mid,Average
498,Male,Ahmedabad,Tier2,ECE,DataScience,No,No,7.36,6.83,6.56,6.76,7.29,6.96,7.0,7.41,7.32,64.2,1,0,1,1,0,62.4,3.4,50.7,64.2,1,Mid,Average
499,Male,Kolkata,Tier2,ECE,Embedded,No,Yes,6.62,6.13,6.14,6.73,6.78,6.45,6.66,6.78,6.5,78.2,1,2,2,0,0,67.7,4.5,64.5,60.1,1,Mid,Average
500,Female,Mumbai,Tier2,CS,DataScience,Yes,No,5.95,6.92,7.18,7.34,6.99,6.54,6.95,7.08,6.75,79.7,1,2,2,1,0,64.8,3.0,57.5,60.1,0,Mid,Average
501,Male,Mumbai,Tier3,EE,Embedded,Yes,No,5.69,6.21,5.63,5.49,5.89,5.7,5.37,5.21,5.56,84.7,1,0,1,1,0,42.0,2.2,45.3,38.9,0,Low,Below-Average
502,Female,Jaipur,Tier3,Mechanical,Networking,No,No,6.44,5.95,6.25,5.86,6.42,6.88,6.44,6.58,6.2,53.8,0,1,1,1,0,49.2,2.1,49.4,53.2,1,Low,Below-Average
503,Female,Kochi,Tier2,ECE,DataScience,No,No,5.74,5.96,5.49,5.66,5.22,5.42,5.84,5.5,5.52,67.6,0,3,2,1,1,62.7,3.6,80.5,58.0,0,Low,Specialist
504,Male,Delhi,Tier2,IT,AI,No,No,5.95,5.47,5.89,5.88,5.78,6.27,6.3,5.8,5.89,70.4,0,1,1,3,0,62.0,3.5,50.0,70.3,0,Low,Average
505,Male,Mumbai,Tier2,Civil,Embedded,No,No,5.67,6.19,6.3,5.95,5.67,5.86,6.12,6.07,5.85,76.7,1,1,2,2,1,72.2,3.1,63.5,72.7,0,Low,Average
506,Male,Delhi,Tier3,ECE,Networking,No,No,4.85,4.05,4.71,4.56,4.73,4.48,4.89,5.25,4.62,63.8,0,2,0,1,0,59.6,2.6,36.7,48.6,0,Low,Below-Average
507,Female,Kochi,Tier2,EE,Embedded,Yes,No,6.1,6.27,5.59,6.01,6.61,5.83,6.31,6.69,6.21,74.6,1,1,2,2,1,72.8,3.1,61.3,57.9,1,Low,Average
508,Female,Mumbai,Tier3,Mechanical,Embedded,No,Yes,5.21,5.48,5.41,5.31,5.4,5.31,4.88,4.96,5.39,70.9,0,1,0,0,0,45.5,3.0,28.6,54.4,0,Low,Below-Average
509,Male,Kolkata,Tier2,EE,Embedded,No,No,6.48,6.64,6.07,6.39,6.44,6.15,6.57,6.0,6.29,70.1,2,1,3,2,0,71.0,4.8,57.7,65.7,0,Low,Average
510,Female,Pune,Tier1,EE,Embedded,No,No,8.37,8.0,8.4,7.83,8.23,8.72,8.16,7.84,8.15,92.9,1,3,3,4,0,80.5,4.4,87.0,96.2,1,High,High-Achiever
511,Female,Mumbai,Tier1,Mechanical,Networking,No,No,8.24,7.85,8.67,8.12,7.74,8.19,8.3,7.94,8.11,90.7,2,3,2,4,1,72.6,4.2,86.2,80.2,1,High,High-Achiever
512,Female,Hyderabad,Tier3,Civil,AI,No,No,5.43,4.74,5.61,5.39,5.36,5.85,5.31,5.47,5.19,59.9,0,0,0,1,0,54.1,2.4,34.1,51.0,0,Low,Below-Average
513,Female,Delhi,Tier1,Mechanical,Networking,Yes,No,9.02,8.83,9.36,9.15,8.88,8.94,8.93,9.31,9.16,86.4,3,4,3,3,0,80.9,3.7,73.8,80.0,0,High,High-Achiever
514,Female,Kolkata,Tier1,Civil,AI,No,No,9.0,9.28,9.4,8.63,8.54,8.8,9.14,8.44,8.83,100.0,2,5,2,2,1,95.6,4.5,82.1,77.3,0,High,High-Achiever
515,Male,Kolkata,Tier2,IT,Networking,No,No,6.98,7.13,7.18,7.58,7.66,6.67,7.4,7.09,7.01,68.5,3,3,2,2,0,76.7,3.8,65.0,59.9,0,Mid,Average
516,Male,Chennai,Tier1,IT,Networking,Yes,Yes,7.81,7.92,8.53,8.34,8.92,7.66,8.39,8.27,8.27,89.5,3,4,2,2,2,84.3,4.0,84.8,80.1,1,High,High-Achiever
517,Female,Hyderabad,Tier2,CS,Embedded,No,Yes,6.65,7.2,6.32,6.44,6.73,6.54,6.89,6.56,6.74,69.0,2,1,3,3,1,67.0,4.1,55.4,66.2,0,Mid,Average
518,Male,Hyderabad,Tier3,CS,AI,No,No,5.65,5.66,6.97,5.27,5.95,5.78,5.4,4.9,5.73,77.9,0,1,1,1,0,49.5,2.8,45.0,55.5,1,Low,Below-Average
519,Female,Ahmedabad,Tier1,ECE,AI,No,No,8.75,9.01,8.74,8.18,8.56,8.64,8.34,9.69,8.79,92.4,2,4,4,2,0,74.0,4.5,92.5,80.2,0,High,High-Achiever
520,Male,Chennai,Tier3,Civil,Embedded,No,No,4.21,4.71,4.75,4.62,4.74,4.73,5.05,4.81,4.86,53.2,1,2,1,1,0,32.3,3.0,44.1,39.4,0,Low,Below-Average
521,Male,Hyderabad,Tier3,CS,AI,No,Yes,6.01,5.87,5.36,5.27,5.46,5.79,5.12,6.12,5.53,65.1,1,2,0,1,1,40.1,2.7,25.7,40.7,0,Low,Below-Average
522,Male,Delhi,Tier2,EE,Networking,No,No,5.84,6.06,6.45,6.01,6.39,6.16,6.24,5.69,5.78,77.1,2,3,3,3,0,64.6,3.0,61.8,51.4,1,Low,Average
523,Male,Jaipur,Tier1,Mechanical,Embedded,No,No,7.81,8.75,8.4,8.65,8.8,8.5,8.54,8.31,8.61,85.4,2,4,3,2,0,67.4,4.1,96.3,89.6,1,High,High-Achiever
524,Female,Bangalore,Tier2,Civil,AI,Yes,No,6.89,7.2,7.64,7.66,7.1,7.61,7.62,7.53,7.46,81.1,1,4,2,0,0,60.6,3.9,48.4,57.7,0,Mid,Average
525,Male,Ahmedabad,Tier1,Mechanical,AI,No,No,8.71,8.97,8.15,8.12,8.02,8.39,8.62,8.23,8.36,89.9,3,4,3,3,2,78.5,4.0,82.2,84.8,1,High,High-Achiever
526,Female,Delhi,Tier2,CS,DataScience,No,No,8.44,8.78,8.01,7.61,7.39,8.15,9.01,8.41,8.09,76.7,2,2,1,0,0,63.3,3.7,58.0,64.2,0,High,Average
527,Female,Ahmedabad,Tier2,CS,DataScience,Yes,Yes,4.86,5.26,5.67,5.74,6.02,5.16,5.86,4.94,5.3,69.6,1,3,0,2,2,53.4,2.4,85.8,58.6,1,Low,Specialist
528,Male,Bangalore,Tier2,Civil,Networking,No,No,6.0,6.23,6.39,5.85,5.82,5.96,5.65,6.28,6.17,73.9,0,2,1,3,1,56.6,3.7,86.6,53.6,0,Low,Specialist
529,Male,Bangalore,Tier3,CS,DataScience,Yes,No,5.38,5.48,5.53,5.56,5.86,5.37,6.12,5.58,5.47,62.3,0,1,2,2,0,63.5,3.0,53.4,36.1,0,Low,Below-Average
530,Male,Hyderabad,Tier2,Civil,AI,Yes,No,6.44,6.65,7.19,6.69,7.03,6.71,6.34,7.18,6.94,75.5,2,0,2,1,0,70.3,2.9,60.8,54.3,1,Mid,Average
531,Male,Hyderabad,Tier3,Civil,DataScience,No,Yes,4.78,5.68,6.04,4.82,5.51,5.38,5.52,5.06,5.42,53.6,0,1,2,1,0,43.0,2.7,54.8,61.3,0,Low,Below-Average
532,Female,Kolkata,Tier3,IT,DataScience,Yes,Yes,5.35,5.49,5.24,5.87,6.08,4.94,6.05,5.53,5.57,76.9,1,1,1,1,0,47.4,3.4,40.8,45.1,1,Low,Below-Average
533,Female,Ahmedabad,Tier2,Mechanical,Embedded,Yes,No,7.35,7.86,7.69,7.24,7.44,7.26,6.81,7.09,7.51,66.6,2,3,2,1,0,64.8,2.9,56.8,71.0,0,Mid,Average
534,Female,Ahmedabad,Tier2,CS,AI,Yes,No,7.8,8.2,7.47,7.68,7.91,7.18,8.25,8.1,7.83,78.4,1,3,2,3,0,58.9,3.0,54.0,73.1,0,Mid,Average
535,Female,Kolkata,Tier1,CS,AI,No,No,8.91,8.5,8.59,8.3,8.84,8.55,8.43,8.59,8.5,86.4,3,3,4,3,1,75.4,4.2,69.3,75.1,0,High,High-Achiever
536,Male,Pune,Tier1,ECE,Networking,Yes,No,9.31,8.91,10.0,8.93,9.39,8.34,8.91,8.76,8.91,96.8,1,5,2,3,0,86.1,5.0,83.9,81.0,0,High,High-Achiever
537,Male,Mumbai,Tier2,IT,Embedded,No,No,6.2,6.94,6.8,6.27,6.4,7.02,6.35,6.97,6.58,67.8,3,2,1,2,1,61.6,3.2,78.5,62.4,0,Mid,Average
538,Female,Chennai,Tier1,ECE,Networking,No,No,9.3,9.42,8.38,8.55,8.42,8.49,8.55,8.91,8.88,84.3,2,4,3,3,1,73.4,4.4,85.2,69.9,0,High,High-Achiever
539,Female,Chennai,Tier1,IT,AI,No,Yes,7.9,8.15,8.23,8.36,7.75,8.0,8.63,7.78,8.12,83.2,1,2,1,4,1,79.7,4.3,86.8,76.7,0,High,High-Achiever
540,Female,Hyderabad,Tier3,IT,DataScience,No,Yes,7.36,5.92,6.11,6.6,5.6,6.56,6.15,6.21,6.26,63.2,1,1,1,1,0,49.1,2.4,37.9,49.9,1,Low,Below-Average
541,Male,Delhi,Tier2,ECE,AI,No,No,7.94,8.21,7.55,7.45,7.08,7.08,8.1,7.72,7.77,57.6,2,4,2,2,0,40.3,3.3,83.0,49.0,1,Mid,Specialist
542,Female,Ahmedabad,Tier2,CS,Networking,Yes,No,7.57,6.57,6.56,6.86,6.36,7.41,7.23,6.35,6.93,71.2,1,2,2,1,1,64.7,3.3,68.9,59.4,1,Mid,Average
543,Male,Kolkata,Tier3,Mechanical,DataScience,No,Yes,4.45,4.89,4.0,4.0,4.0,4.0,4.44,4.23,4.0,40.0,0,1,1,0,0,55.8,2.6,62.1,42.3,1,Low,Below-Average
544,Female,Kolkata,Tier2,Civil,Networking,No,Yes,5.86,5.71,6.4,5.27,5.88,5.29,4.67,5.79,5.56,72.2,0,3,1,2,2,64.5,2.0,96.9,80.3,1,Low,Specialist
545,Male,Ahmedabad,Tier1,ECE,DataScience,No,No,8.76,9.22,9.51,9.52,9.14,9.09,8.5,8.77,9.12,85.5,4,2,1,2,0,93.4,4.2,87.6,65.2,0,High,High-Achiever
546,Female,Pune,Tier2,IT,Embedded,No,No,7.11,7.42,7.36,7.39,6.85,7.09,7.19,7.73,7.33,63.1,0,2,3,2,1,75.0,3.9,60.3,66.0,1,Mid,Average
547,Male,Jaipur,Tier2,Civil,Embedded,Yes,No,6.97,7.16,7.95,7.45,6.76,7.44,7.19,7.3,7.15,83.7,0,3,1,2,0,76.6,3.5,61.9,60.0,0,Mid,Average
548,Female,Pune,Tier1,Civil,DataScience,Yes,No,9.28,8.63,8.8,9.13,9.69,8.62,9.48,8.71,9.0,81.5,2,4,2,2,3,96.8,4.6,76.7,73.5,1,High,High-Achiever
549,Female,Delhi,Tier3,ECE,Embedded,No,No,6.33,5.65,6.13,5.2,6.16,5.69,4.81,6.51,5.84,68.0,0,1,2,1,0,54.8,3.1,27.5,41.2,0,Low,Below-Average
550,Female,Delhi,Tier2,IT,AI,Yes,No,7.91,8.18,6.93,7.67,7.68,7.72,7.31,7.19,7.73,69.4,0,3,2,1,1,66.3,3.5,49.9,67.3,1,Mid,Average
551,Female,Jaipur,Tier2,Mechanical,DataScience,No,No,7.08,7.75,7.84,7.58,7.51,7.6,7.54,7.37,7.55,87.8,2,1,2,1,0,72.8,3.2,60.4,67.8,0,Mid,Average
552,Female,Mumbai,Tier1,Civil,Embedded,No,No,8.77,9.88,8.84,9.22,9.3,9.23,8.97,8.99,9.26,91.7,3,3,3,3,2,76.6,4.0,80.0,79.3,1,High,High-Achiever
553,Female,Jaipur,Tier1,CS,AI,No,No,8.42,8.54,8.81,8.54,9.31,8.73,8.41,8.52,8.68,83.0,2,5,2,3,1,80.6,3.6,71.7,85.6,0,High,High-Achiever
554,Male,Jaipur,Tier2,IT,AI,Yes,Yes,7.22,6.71,7.36,7.07,6.9,6.42,5.81,6.4,6.72,61.7,1,3,1,2,0,53.5,3.0,84.7,70.2,0,Mid,Specialist
555,Female,Ahmedabad,Tier1,Civil,Embedded,Yes,Yes,8.84,8.54,8.23,8.09,8.36,8.17,8.55,7.79,8.35,91.0,2,3,4,3,0,82.4,4.3,79.8,83.7,0,High,High-Achiever
556,Male,Hyderabad,Tier1,CS,Embedded,No,Yes,9.28,7.93,7.33,8.71,7.54,8.54,7.84,8.22,8.2,86.7,2,3,2,4,3,76.1,4.9,73.8,74.2,1,High,High-Achiever
557,Male,Jaipur,Tier1,IT,Networking,No,No,9.68,8.72,9.21,10.0,9.38,9.63,9.65,8.88,9.35,87.2,2,3,2,2,1,75.9,4.4,79.4,81.5,0,High,High-Achiever
558,Female,Kochi,Tier2,Mechanical,Networking,No,No,7.22,6.95,6.98,7.32,6.9,7.36,7.91,7.2,7.13,85.2,1,2,2,1,0,68.3,3.1,57.1,66.0,0,Mid,Average
559,Male,Mumbai,Tier2,Mechanical,AI,Yes,No,7.92,7.41,7.52,7.35,7.47,6.3,7.56,7.3,7.48,69.0,1,2,2,3,1,63.9,2.8,54.5,55.5,1,Mid,Average
560,Male,Kochi,Tier2,IT,DataScience,Yes,No,6.68,6.29,7.31,6.85,7.02,6.81,7.27,6.96,7.07,75.7,1,2,2,0,1,49.6,3.4,68.3,49.4,0,Mid,Average
561,Female,Jaipur,Tier1,Civil,Networking,No,No,8.1,8.39,8.38,8.22,8.51,7.87,8.4,7.95,8.21,92.8,3,3,1,3,1,71.3,4.5,68.7,63.8,1,High,High-Achiever
562,Female,Jaipur,Tier1,IT,AI,No,No,9.07,8.84,8.57,8.72,8.36,8.43,8.53,8.6,8.51,92.0,3,4,0,2,1,73.1,4.1,68.1,78.5,0,High,High-Achiever
563,Female,Kolkata,Tier3,IT,Embedded,Yes,No,5.79,6.87,6.13,6.84,5.97,6.14,7.16,6.57,6.51,58.4,0,1,1,1,0,40.1,3.1,42.0,47.0,0,Mid,Below-Average
564,Male,Jaipur,Tier2,ECE,AI,Yes,No,7.36,7.24,6.62,6.89,7.3,7.6,7.53,7.81,7.33,72.7,0,1,1,1,1,68.3,3.4,60.9,52.5,0,Mid,Average
565,Male,Ahmedabad,Tier2,EE,DataScience,No,No,6.18,5.73,5.73,5.95,6.0,6.24,6.42,5.77,5.97,61.1,1,3,1,2,0,66.8,3.9,63.6,70.4,0,Low,Average
566,Female,Kochi,Tier3,EE,Embedded,Yes,No,5.72,5.58,5.27,5.63,5.42,5.25,5.72,5.37,5.35,49.4,1,3,0,1,1,57.6,1.8,36.6,45.5,1,Low,Below-Average
567,Male,Jaipur,Tier3,IT,Networking,No,Yes,7.07,6.61,6.63,7.2,6.61,6.74,6.65,6.8,6.75,63.2,0,2,1,0,0,54.8,3.8,32.8,57.5,1,Mid,Below-Average
568,Male,Bangalore,Tier1,EE,DataScience,Yes,No,8.7,8.6,8.14,8.17,8.37,8.05,8.11,7.61,8.39,87.3,2,4,3,3,1,86.4,3.8,81.9,80.6,0,High,High-Achiever
569,Male,Chennai,Tier2,CS,Networking,No,No,6.12,6.68,5.79,6.09,5.66,6.21,6.51,5.46,5.92,75.6,1,2,2,2,0,69.9,3.9,56.0,53.5,0,Low,Average
570,Female,Chennai,Tier2,CS,Embedded,Yes,No,8.57,7.38,8.06,8.85,7.8,8.2,8.67,8.1,8.14,83.3,1,2,2,2,0,66.7,3.4,74.0,65.7,0,High,Average
571,Female,Jaipur,Tier2,IT,Networking,Yes,No,7.1,7.38,7.54,7.33,7.48,6.92,7.21,7.18,7.41,65.5,1,2,0,4,1,73.8,3.4,57.1,67.4,1,Mid,Average
572,Female,Delhi,Tier3,Civil,Networking,Yes,Yes,5.15,5.78,5.16,5.43,5.3,5.02,5.21,5.5,5.45,57.6,1,1,0,1,0,56.3,2.7,41.5,38.5,1,Low,Below-Average
573,Male,Jaipur,Tier2,Mechanical,DataScience,Yes,No,7.47,6.57,7.18,7.15,7.51,6.78,6.9,6.87,6.78,76.5,2,3,1,1,1,68.0,3.6,82.3,50.5,0,Mid,Average
574,Male,Chennai,Tier3,CS,Networking,No,No,6.72,6.47,5.83,6.47,6.49,5.97,5.81,6.69,6.26,53.0,1,0,0,1,0,59.4,3.1,40.1,45.0,1,Low,Below-Average
575,Male,Bangalore,Tier3,CS,Networking,Yes,No,4.69,5.22,4.76,4.67,4.72,4.69,5.13,5.45,5.12,74.3,1,1,1,1,0,26.9,3.4,47.6,34.0,0,Low,Below-Average
576,Male,Chennai,Tier2,Civil,Networking,Yes,Yes,7.83,8.17,7.89,7.64,7.95,8.09,8.51,7.61,7.69,82.3,2,3,2,1,0,62.7,4.2,65.8,71.0,0,Mid,Average
577,Male,Pune,Tier2,EE,Embedded,No,No,6.34,6.9,6.22,6.36,6.94,6.55,6.57,7.06,6.43,72.6,2,2,2,2,1,56.9,3.4,90.9,50.1,1,Low,Specialist
578,Male,Bangalore,Tier2,Mechanical,Embedded,No,No,7.23,7.5,6.92,6.99,7.85,7.08,7.69,7.09,7.15,89.4,2,2,0,0,2,74.2,4.4,62.6,75.8,0,Mid,Average
579,Male,Ahmedabad,Tier3,IT,Networking,No,Yes,6.09,5.85,5.26,4.95,5.66,5.01,5.39,5.46,5.6,45.0,2,1,1,1,0,62.1,2.9,43.9,22.8,0,Low,Below-Average
580,Male,Chennai,Tier2,IT,Embedded,Yes,Yes,7.39,6.74,6.97,6.69,6.51,6.8,7.08,7.11,6.9,74.9,2,3,2,1,1,53.4,4.0,60.9,63.1,0,Mid,Average
581,Male,Bangalore,Tier2,CS,DataScience,No,No,8.16,7.34,7.35,7.72,7.42,7.89,7.85,7.52,7.63,77.9,1,1,1,2,1,76.3,3.7,54.8,73.4,1,Mid,Average
582,Male,Delhi,Tier2,EE,Embedded,No,No,6.87,6.84,6.71,6.09,6.55,6.35,6.98,6.95,6.48,67.7,2,1,1,3,0,55.6,3.2,62.9,54.9,1,Low,Average
583,Female,Pune,Tier1,EE,DataScience,Yes,No,7.64,8.1,7.55,7.48,7.98,7.99,8.14,8.19,7.69,89.5,3,3,3,2,2,73.2,4.3,96.2,76.9,1,Mid,High-Achiever
584,Male,Kochi,Tier2,EE,Embedded,No,No,7.19,7.36,7.05,7.26,7.04,7.24,7.2,7.36,7.37,66.1,3,1,2,2,1,63.1,3.8,70.9,58.8,0,Mid,Average
585,Female,Ahmedabad,Tier2,Civil,AI,No,Yes,5.81,7.06,6.76,6.83,5.76,6.37,6.85,7.23,6.5,76.2,0,1,2,3,0,56.8,3.2,87.4,46.8,0,Mid,Specialist
586,Female,Kochi,Tier2,Mechanical,AI,No,No,7.43,7.05,8.04,7.69,7.04,6.82,6.86,7.67,7.29,83.5,2,1,2,2,1,52.5,3.7,67.7,64.0,1,Mid,Average
587,Male,Kolkata,Tier1,Civil,Embedded,No,No,8.99,8.97,8.66,8.15,8.48,9.25,9.32,8.72,8.7,89.4,2,4,2,2,1,83.9,4.5,75.9,68.9,1,High,High-Achiever
588,Male,Pune,Tier2,Mechanical,DataScience,No,No,6.7,6.86,6.35,6.64,6.7,7.0,6.51,7.05,6.81,60.2,2,2,1,3,0,70.4,3.5,57.7,61.1,0,Mid,Average
589,Female,Kolkata,Tier1,CS,Networking,Yes,No,8.53,8.5,9.2,8.77,8.78,9.05,9.35,9.41,8.89,83.2,2,4,3,3,1,86.3,3.0,88.6,81.6,0,High,High-Achiever
590,Male,Kochi,Tier1,EE,AI,No,No,9.29,8.48,8.51,8.52,8.17,8.58,8.83,8.28,8.48,90.8,3,3,3,3,2,77.4,4.9,92.4,76.5,1,High,High-Achiever
591,Female,Jaipur,Tier2,Civil,AI,No,No,5.55,6.5,4.98,5.93,5.4,5.35,5.91,5.47,5.61,70.2,0,3,0,2,1,59.6,3.0,78.8,43.0,1,Low,Specialist
592,Male,Jaipur,Tier2,Mechanical,Embedded,No,No,6.6,6.92,6.42,6.63,7.22,6.65,7.5,7.2,6.81,53.4,2,4,2,1,0,64.8,3.1,55.6,70.2,0,Mid,Average
593,Female,Delhi,Tier2,CS,DataScience,Yes,No,7.49,8.25,8.25,7.91,8.27,8.17,8.7,7.92,8.21,84.9,1,1,2,1,0,78.5,2.9,79.6,67.8,0,High,Average
594,Female,Kolkata,Tier2,IT,Embedded,Yes,No,6.09,5.62,6.25,5.28,5.27,5.84,5.59,6.46,5.96,76.1,1,4,1,2,0,42.3,3.3,60.9,53.7,0,Low,Average
595,Male,Jaipur,Tier1,CS,DataScience,Yes,No,8.78,8.17,8.66,8.91,8.84,8.51,8.95,8.91,8.75,83.9,4,4,2,3,0,74.3,4.0,94.8,68.9,0,High,High-Achiever
596,Male,Kolkata,Tier1,Mechanical,DataScience,Yes,No,7.58,7.53,8.01,7.88,7.64,7.32,7.02,8.28,7.66,93.0,2,4,2,4,1,80.0,3.9,83.4,71.3,0,Mid,High-Achiever
597,Male,Chennai,Tier3,ECE,AI,Yes,Yes,5.36,5.72,5.36,5.6,5.09,5.99,5.03,5.85,5.42,53.2,1,1,0,1,0,38.2,2.4,44.5,49.5,0,Low,Below-Average
598,Male,Mumbai,Tier2,ECE,DataScience,No,Yes,7.35,6.42,5.83,6.5,6.66,7.12,6.62,6.77,6.74,69.5,1,2,3,3,1,62.9,3.8,57.3,64.2,0,Mid,Average
599,Female,Delhi,Tier2,Civil,AI,No,No,4.05,4.72,4.31,4.74,4.17,4.08,4.27,4.0,4.33,73.2,1,4,1,2,1,58.7,4.6,92.5,64.5,1,Low,Specialist
600,Male,Jaipur,Tier2,Civil,Networking,No,No,7.25,7.09,6.95,7.79,7.27,7.21,6.87,7.16,7.23,89.2,3,2,1,1,1,59.7,3.9,72.2,59.4,1,Mid,Average
601,Male,Mumbai,Tier2,CS,DataScience,No,No,7.24,6.66,6.85,6.67,6.87,6.34,6.36,6.99,6.77,88.0,1,2,1,1,0,65.5,4.1,50.7,54.6,0,Mid,Average
602,Male,Kochi,Tier3,Civil,Networking,Yes,Yes,4.34,4.39,4.12,4.47,4.24,4.0,4.04,4.49,4.03,63.6,0,1,0,2,0,53.7,2.6,38.5,53.2,1,Low,Below-Average
603,Male,Jaipur,Tier2,Civil,AI,No,No,6.85,6.32,5.97,6.93,5.93,6.23,6.89,7.35,6.67,74.2,2,3,1,3,1,57.6,3.3,92.3,48.4,1,Mid,Specialist
604,Female,Jaipur,Tier3,CS,Networking,Yes,No,6.63,6.72,5.64,6.9,5.54,6.5,6.6,6.37,6.5,67.9,0,0,2,0,0,43.9,3.1,40.7,45.9,0,Mid,Below-Average
605,Male,Ahmedabad,Tier2,Civil,AI,Yes,No,7.29,7.16,7.22,6.76,7.34,7.06,7.96,7.12,7.19,58.7,0,3,0,4,1,58.3,2.7,81.1,36.4,0,Mid,Specialist
606,Female,Kochi,Tier3,Mechanical,Embedded,No,No,5.73,5.95,5.12,5.18,6.08,5.45,5.67,5.9,5.75,66.4,0,3,0,2,0,47.9,2.5,52.1,38.3,1,Low,Below-Average
607,Female,Kochi,Tier3,IT,AI,No,No,5.84,5.22,5.37,4.84,5.47,5.67,5.98,5.33,5.53,52.7,0,0,1,0,0,32.3,3.3,53.0,54.1,0,Low,Below-Average
608,Female,Mumbai,Tier1,EE,Networking,Yes,No,9.37,9.08,9.34,8.57,8.93,8.92,9.88,9.95,9.16,89.6,1,4,2,2,1,82.8,4.6,78.9,73.0,0,High,High-Achiever
609,Male,Kolkata,Tier3,CS,AI,Yes,Yes,6.62,6.98,7.47,6.58,6.51,6.8,6.68,6.89,6.68,57.7,0,1,1,1,0,43.9,2.8,44.1,52.1,1,Mid,Below-Average
610,Female,Mumbai,Tier2,Mechanical,Networking,Yes,Yes,7.64,7.95,7.59,8.08,7.89,8.36,8.26,8.01,7.68,79.0,1,2,2,1,0,75.1,2.9,49.1,43.4,1,Mid,Average
611,Male,Chennai,Tier2,ECE,AI,No,Yes,6.24,6.39,6.52,6.11,5.99,6.7,6.22,6.53,6.44,75.9,2,2,2,2,0,69.7,3.4,51.9,57.5,0,Low,Average
612,Male,Mumbai,Tier3,IT,Networking,Yes,No,5.31,5.08,5.91,5.64,5.76,5.57,5.15,5.27,5.64,40.0,1,1,1,1,0,58.5,1.9,43.2,42.3,0,Low,Below-Average
613,Female,Jaipur,Tier2,Mechanical,DataScience,Yes,Yes,6.44,6.12,5.44,6.08,6.24,6.54,5.99,6.24,6.35,71.6,1,2,0,1,0,49.9,3.3,85.3,75.9,0,Low,Specialist
614,Male,Hyderabad,Tier2,Mechanical,Networking,No,Yes,4.94,4.28,4.8,4.05,5.34,4.5,4.0,4.63,4.55,75.8,0,3,0,2,0,56.3,3.4,77.3,41.0,0,Low,Specialist
615,Male,Kochi,Tier1,ECE,Embedded,No,No,8.47,8.62,9.29,8.68,8.8,8.57,8.63,8.93,8.73,90.2,3,3,2,4,2,72.5,4.1,77.0,82.7,0,High,High-Achiever
616,Female,Kochi,Tier3,CS,Networking,No,No,6.84,6.57,7.6,7.05,7.53,7.36,6.59,7.21,7.09,59.0,1,2,0,1,0,41.7,2.9,31.3,54.6,0,Mid,Below-Average
617,Male,Pune,Tier3,Mechanical,DataScience,No,Yes,6.65,6.55,5.72,5.97,5.49,5.42,6.38,5.24,5.95,76.4,1,1,1,1,0,59.3,3.1,46.6,36.8,0,Low,Below-Average
618,Female,Kolkata,Tier2,Civil,Networking,No,No,8.67,8.22,7.77,8.07,8.19,7.72,8.06,7.65,7.88,77.5,2,3,0,1,1,76.9,3.6,42.3,59.0,0,Mid,Average
619,Male,Hyderabad,Tier1,Civil,AI,Yes,No,8.41,9.35,9.28,8.89,9.11,9.2,8.61,8.32,8.59,90.2,1,3,2,4,1,73.1,3.7,74.9,79.0,0,High,High-Achiever
620,Female,Jaipur,Tier1,ECE,Embedded,Yes,No,9.06,7.83,8.93,8.45,8.35,8.5,8.89,8.92,8.46,93.2,3,4,2,2,0,77.3,4.1,69.0,67.6,1,High,High-Achiever
621,Female,Pune,Tier3,EE,Embedded,No,Yes,5.26,5.37,5.89,6.23,5.92,6.04,5.83,5.9,5.77,63.6,1,2,1,1,0,47.3,3.0,46.2,39.4,1,Low,Below-Average
622,Female,Bangalore,Tier2,CS,Embedded,No,No,6.3,6.87,6.2,6.56,6.87,6.12,6.26,5.73,6.51,67.8,1,2,2,2,1,69.7,4.3,43.8,72.2,0,Mid,Average
623,Female,Pune,Tier2,IT,Embedded,Yes,No,5.25,4.94,5.22,5.33,5.23,5.39,5.46,5.1,5.23,48.1,1,1,1,3,1,42.4,3.0,85.3,61.3,1,Low,Specialist
624,Female,Hyderabad,Tier2,Mechanical,Networking,No,No,7.46,7.49,7.59,8.07,7.44,8.2,7.9,7.72,7.76,71.2,1,1,1,1,0,52.2,3.8,74.8,60.7,0,Mid,Average
625,Female,Hyderabad,Tier2,Mechanical,Networking,No,Yes,7.33,7.31,6.86,7.14,6.89,6.73,7.11,7.46,7.1,76.8,1,4,2,2,2,64.9,3.8,98.4,56.4,1,Mid,Specialist
626,Male,Jaipur,Tier2,ECE,AI,No,No,6.54,6.64,6.07,6.17,6.04,5.99,6.27,6.09,6.41,72.2,1,1,1,1,0,49.4,3.4,43.7,66.6,1,Low,Average
627,Male,Bangalore,Tier3,Civil,AI,Yes,Yes,6.35,5.96,6.74,6.43,6.21,6.22,6.44,6.3,6.18,68.0,1,1,2,1,0,44.0,3.5,45.0,51.7,0,Low,Below-Average
628,Female,Pune,Tier1,IT,Embedded,Yes,No,8.4,8.68,8.43,8.16,8.21,8.38,8.21,7.77,8.46,88.7,2,3,2,3,2,81.0,4.7,75.1,74.1,0,High,High-Achiever
629,Female,Hyderabad,Tier2,Mechanical,Networking,No,No,7.33,7.15,6.74,6.9,7.43,6.56,7.57,7.65,7.2,85.3,2,3,1,1,1,68.3,4.2,49.3,74.3,0,Mid,Average
630,Male,Chennai,Tier3,Mechanical,Networking,Yes,Yes,5.72,5.84,5.99,6.05,5.23,6.06,5.76,5.43,5.82,57.0,1,1,1,0,0,46.7,3.1,40.9,57.2,0,Low,Below-Average
631,Female,Bangalore,Tier2,EE,DataScience,No,Yes,6.14,7.53,6.81,7.29,6.79,7.19,6.84,7.71,6.8,74.2,0,2,1,2,0,56.3,4.9,94.8,63.1,0,Mid,Specialist
632,Male,Jaipur,Tier3,ECE,AI,Yes,Yes,5.68,5.31,5.38,5.51,5.57,5.38,5.87,5.63,5.56,65.1,0,1,0,0,0,55.6,2.4,48.0,35.6,1,Low,Below-Average
633,Male,Ahmedabad,Tier1,Mechanical,AI,No,No,9.49,9.63,8.37,8.93,9.06,8.84,9.76,10.0,9.21,95.5,2,3,3,2,1,81.7,5.0,77.0,70.9,1,High,High-Achiever
634,Female,Delhi,Tier2,IT,Networking,No,No,7.18,7.54,7.29,7.61,6.77,6.8,6.74,7.75,7.19,61.3,1,2,3,3,0,59.8,3.9,66.3,59.4,0,Mid,Average
635,Female,Mumbai,Tier1,Mechanical,Networking,No,Yes,8.62,8.88,8.77,9.0,8.79,8.82,8.17,9.35,8.81,85.7,3,4,3,3,2,80.2,4.7,66.3,78.4,0,High,High-Achiever
636,Female,Bangalore,Tier1,EE,AI,No,No,7.89,7.83,8.15,7.81,8.19,7.93,7.29,8.34,8.08,92.2,4,3,3,4,1,82.3,4.1,76.7,65.6,1,High,High-Achiever
637,Female,Kochi,Tier3,ECE,Embedded,No,Yes,6.85,6.85,6.48,6.61,7.13,7.26,7.35,6.67,7.01,75.5,1,1,0,1,0,63.5,3.3,33.8,48.9,1,Mid,Below-Average
638,Male,Ahmedabad,Tier3,ECE,Embedded,No,Yes,6.27,5.85,5.94,6.24,5.33,5.26,5.75,5.58,5.83,62.4,0,0,0,1,0,55.1,3.7,42.8,56.9,1,Low,Below-Average
639,Female,Ahmedabad,Tier3,CS,Embedded,No,Yes,6.68,5.84,6.06,5.61,5.96,6.2,6.21,6.15,6.0,57.1,0,1,1,1,1,58.9,2.1,40.0,49.8,1,Low,Below-Average
640,Female,Chennai,Tier3,CS,AI,Yes,Yes,4.0,4.15,4.83,4.55,4.97,4.45,4.41,4.49,4.37,67.6,1,2,1,2,0,42.5,2.7,40.6,37.2,0,Low,Below-Average
641,Male,Chennai,Tier3,IT,AI,No,Yes,5.52,4.32,5.51,5.39,5.1,4.89,4.86,5.02,4.92,68.7,0,1,0,2,0,43.3,1.5,40.3,36.1,1,Low,Below-Average
642,Female,Kochi,Tier3,IT,AI,No,No,6.49,5.46,6.34,6.18,6.44,6.84,6.04,6.76,6.37,56.4,1,1,0,1,0,45.9,2.7,42.2,47.0,0,Low,Below-Average
643,Female,Mumbai,Tier1,Mechanical,Embedded,No,Yes,8.71,8.27,8.92,8.3,8.54,8.24,8.83,8.47,8.64,89.7,1,5,4,2,1,79.1,3.9,85.8,76.9,1,High,High-Achiever
644,Male,Ahmedabad,Tier1,ECE,Embedded,Yes,No,7.93,7.33,6.97,7.45,7.28,7.11,7.54,7.51,7.54,93.9,2,3,3,2,2,74.0,4.1,83.0,81.1,0,Mid,High-Achiever
645,Female,Jaipur,Tier2,CS,Embedded,No,No,8.05,7.04,6.83,7.52,7.93,7.44,7.42,7.18,7.62,90.1,1,1,2,2,0,75.1,5.0,57.4,66.8,0,Mid,Average
646,Female,Ahmedabad,Tier3,EE,DataScience,No,No,4.5,5.87,5.13,5.4,5.51,4.81,5.19,5.34,5.12,67.4,0,1,0,2,0,56.0,3.8,46.0,54.9,1,Low,Below-Average
647,Male,Kochi,Tier1,EE,Networking,Yes,No,9.3,8.97,9.83,9.05,9.45,9.5,9.44,9.25,9.21,88.2,3,3,2,4,1,78.2,3.6,87.8,70.1,1,High,High-Achiever
648,Male,Delhi,Tier2,ECE,Networking,No,No,7.96,7.34,7.13,6.91,6.99,6.73,7.39,6.65,6.95,74.6,2,2,2,2,0,70.1,3.8,55.0,63.8,1,Mid,Average
649,Female,Delhi,Tier3,EE,AI,Yes,Yes,5.33,5.77,5.68,5.59,6.07,6.08,4.78,5.65,5.64,65.6,0,1,1,1,0,50.0,3.3,41.4,40.4,1,Low,Below-Average
650,Male,Delhi,Tier1,Civil,AI,No,No,8.9,9.84,8.47,9.28,8.44,9.4,8.7,9.29,9.09,87.4,3,3,2,4,2,84.3,4.1,90.1,77.3,1,High,High-Achiever
651,Female,Hyderabad,Tier2,EE,Embedded,No,No,6.3,6.86,6.7,5.73,6.69,6.12,6.44,6.84,6.46,76.5,1,2,1,2,0,54.2,3.6,50.1,68.9,0,Low,Average
652,Male,Pune,Tier3,ECE,AI,No,Yes,4.89,4.45,4.82,4.91,4.19,4.75,5.24,4.82,4.81,49.4,1,2,0,1,0,46.7,3.0,60.0,53.7,0,Low,Below-Average
653,Female,Kolkata,Tier3,EE,AI,No,Yes,5.72,6.01,5.41,4.83,5.43,5.02,5.61,5.76,5.36,73.0,1,2,1,1,0,47.5,2.0,28.6,58.0,0,Low,Below-Average
654,Female,Kochi,Tier1,Civil,DataScience,No,No,9.1,9.42,9.02,9.32,9.01,8.79,9.17,9.51,8.91,82.3,2,4,1,2,2,83.7,3.8,79.6,81.0,1,High,High-Achiever
655,Male,Hyderabad,Tier3,EE,Networking,No,Yes,4.44,4.16,5.08,4.56,4.86,4.3,4.72,4.48,4.57,55.7,0,1,1,0,1,42.3,2.9,32.5,42.9,0,Low,Below-Average
656,Male,Mumbai,Tier2,ECE,DataScience,No,Yes,4.83,6.33,5.52,5.99,5.76,6.08,6.1,6.39,6.0,75.8,1,2,1,1,0,45.0,3.5,79.7,60.0,0,Low,Average
657,Male,Mumbai,Tier3,CS,Networking,No,No,6.56,6.15,5.69,6.47,5.65,6.11,5.76,5.71,6.08,79.9,1,0,1,0,0,38.3,2.4,37.0,26.7,1,Low,Below-Average
658,Female,Mumbai,Tier1,Mechanical,Networking,No,No,7.99,8.14,7.89,7.87,8.16,7.97,8.51,7.46,8.2,85.9,1,4,2,3,1,79.6,3.9,78.5,87.4,1,High,High-Achiever
659,Male,Bangalore,Tier2,Mechanical,Embedded,Yes,No,6.57,5.67,6.59,6.76,6.57,6.32,7.31,6.51,6.76,69.7,0,0,1,2,0,65.5,3.5,56.7,59.4,0,Mid,Average
660,Female,Ahmedabad,Tier2,EE,Networking,Yes,No,6.03,5.77,5.61,5.66,6.1,5.9,5.58,5.48,5.89,70.6,2,0,1,2,0,78.5,3.9,60.9,66.0,0,Low,Average
661,Male,Kochi,Tier1,EE,Networking,No,No,8.3,7.93,8.48,8.17,8.19,8.04,8.0,8.43,8.16,96.3,2,3,2,4,1,83.5,4.2,79.7,82.8,0,High,High-Achiever
662,Male,Bangalore,Tier3,CS,Embedded,No,Yes,5.71,5.89,5.22,5.3,4.95,5.68,5.12,5.94,5.49,40.0,0,1,0,2,0,48.7,3.8,40.7,31.5,1,Low,Below-Average
663,Male,Mumbai,Tier1,Civil,DataScience,Yes,No,9.33,8.86,9.15,9.53,8.73,8.57,8.46,8.97,8.97,83.0,3,3,4,4,1,79.8,3.9,57.3,71.5,1,High,High-Achiever
664,Female,Ahmedabad,Tier1,ECE,AI,No,No,8.37,8.09,7.34,7.65,8.19,8.07,8.54,7.87,8.11,100.0,1,5,3,2,1,86.6,4.3,82.4,88.8,0,High,High-Achiever
665,Female,Kochi,Tier2,Civil,Networking,No,No,8.03,7.64,8.03,8.23,7.94,7.96,7.12,8.04,7.99,79.7,1,2,1,1,0,60.3,3.3,60.2,64.3,1,Mid,Average
666,Male,Delhi,Tier3,Mechanical,DataScience,No,No,4.58,5.49,5.11,4.75,5.05,4.19,4.77,4.41,5.02,48.9,0,1,0,1,0,46.7,3.2,52.4,38.2,0,Low,Below-Average
667,Female,Kochi,Tier3,Mechanical,DataScience,Yes,Yes,5.0,5.15,5.4,5.86,4.94,5.5,5.3,4.83,5.02,59.6,0,2,0,2,0,38.2,2.3,55.1,42.7,1,Low,Below-Average
668,Male,Kochi,Tier2,IT,AI,No,No,7.53,6.83,7.49,7.66,7.38,6.97,7.27,7.49,7.23,70.6,0,4,1,3,1,74.2,4.5,83.5,68.0,0,Mid,Specialist
669,Male,Ahmedabad,Tier1,IT,DataScience,No,No,7.99,8.81,8.58,8.96,9.06,8.58,8.67,8.98,8.61,92.2,3,4,3,3,3,82.4,3.5,87.7,84.5,0,High,High-Achiever
670,Female,Ahmedabad,Tier2,IT,DataScience,Yes,No,6.84,6.7,7.17,6.52,6.96,5.98,5.98,7.22,6.67,89.7,1,1,1,0,1,59.3,4.4,50.1,50.3,1,Mid,Average
671,Male,Chennai,Tier1,IT,Networking,Yes,No,8.3,7.72,8.72,8.56,8.45,8.75,8.49,8.79,8.42,89.9,3,3,1,3,0,79.3,4.2,87.4,89.4,1,High,High-Achiever
672,Female,Mumbai,Tier2,Mechanical,AI,No,No,7.77,7.81,7.9,8.29,7.67,7.57,8.34,7.43,7.81,70.7,1,1,2,2,1,69.1,3.8,54.8,69.7,1,Mid,Average
673,Female,Bangalore,Tier2,CS,DataScience,Yes,Yes,7.21,7.79,7.21,6.92,6.64,6.96,7.05,7.34,7.17,77.1,2,2,1,3,1,57.5,4.1,75.5,53.2,0,Mid,Specialist
674,Female,Bangalore,Tier3,Mechanical,Networking,No,Yes,5.06,5.12,5.33,5.32,4.64,4.25,4.45,4.86,4.93,53.0,0,0,0,2,0,43.2,3.3,40.1,32.1,1,Low,Below-Average
675,Female,Pune,Tier2,CS,DataScience,No,No,6.2,6.59,6.68,6.76,7.39,6.84,7.49,6.89,6.97,66.7,0,2,2,3,0,59.8,3.1,72.6,70.4,0,Mid,Average
676,Female,Kolkata,Tier2,EE,AI,No,No,7.24,7.07,6.66,7.78,7.15,7.26,6.77,6.75,7.05,60.9,3,2,0,1,0,67.7,3.8,61.6,65.8,0,Mid,Average
677,Male,Kochi,Tier2,IT,Embedded,Yes,Yes,4.65,5.41,5.19,4.58,5.44,5.22,4.82,4.66,5.21,55.9,1,1,2,1,2,56.4,4.5,97.0,37.5,0,Low,Specialist
678,Male,Pune,Tier2,Mechanical,AI,Yes,Yes,7.02,6.78,6.57,7.01,6.99,7.1,6.47,6.78,6.97,67.8,1,1,2,2,0,61.4,3.1,53.3,60.1,1,Mid,Average
679,Female,Kolkata,Tier1,IT,Networking,No,No,8.38,8.52,8.41,8.41,8.35,8.82,7.68,8.51,8.5,82.1,3,3,2,2,1,72.0,5.0,89.3,99.9,1,High,High-Achiever
680,Male,Hyderabad,Tier2,Civil,Embedded,No,No,7.39,7.25,7.72,7.74,6.84,7.58,7.55,7.47,7.68,77.5,2,2,1,3,0,65.6,3.7,54.1,62.1,0,Mid,Average
681,Female,Jaipur,Tier1,Civil,Networking,Yes,No,9.04,8.99,9.33,9.01,8.94,9.61,9.06,9.48,9.1,82.0,2,3,3,2,2,78.9,4.0,83.6,72.8,1,High,High-Achiever
682,Female,Chennai,Tier1,EE,AI,No,No,8.21,8.27,8.55,8.18,8.45,8.21,8.35,8.04,8.34,72.3,2,3,3,3,2,78.1,3.8,83.5,70.9,1,High,High-Achiever
683,Female,Kochi,Tier1,CS,AI,Yes,No,8.79,8.77,8.68,8.65,8.23,8.52,8.72,7.57,8.39,82.8,3,3,2,3,0,81.2,4.1,86.6,90.4,1,High,High-Achiever
684,Female,Mumbai,Tier2,Mechanical,DataScience,Yes,No,7.03,7.03,7.72,7.61,7.69,7.52,7.6,7.68,7.4,71.2,2,1,0,2,0,71.0,2.5,62.3,68.8,0,Mid,Average
685,Female,Kolkata,Tier2,Mechanical,DataScience,No,No,6.13,6.35,7.34,6.91,6.83,6.2,6.38,6.6,6.65,70.2,2,2,3,1,1,70.6,3.3,53.3,73.3,0,Mid,Average
686,Male,Bangalore,Tier2,CS,AI,Yes,No,7.23,7.1,7.32,6.32,6.81,7.73,7.19,7.28,7.35,87.2,3,2,2,0,0,69.4,3.4,67.9,64.0,1,Mid,Average
687,Female,Bangalore,Tier2,EE,Embedded,No,Yes,7.18,6.6,7.28,7.07,7.58,6.51,6.9,7.26,6.95,70.1,1,2,2,1,1,63.1,3.0,75.6,72.0,1,Mid,Average
688,Male,Chennai,Tier2,CS,Embedded,Yes,Yes,5.12,5.17,5.01,6.17,5.04,4.83,5.6,5.48,5.22,77.9,0,3,1,2,0,54.3,3.7,80.3,44.8,1,Low,Specialist
689,Female,Mumbai,Tier3,IT,Embedded,No,Yes,4.83,4.04,4.46,4.44,5.55,4.74,5.03,4.88,4.83,59.8,1,1,1,1,1,38.6,2.7,23.6,45.6,1,Low,Below-Average
690,Female,Ahmedabad,Tier2,EE,AI,No,No,7.63,7.57,8.32,7.66,7.79,8.27,7.21,8.05,7.87,74.7,0,3,2,1,0,60.3,3.2,64.5,64.3,0,Mid,Average
691,Male,Kolkata,Tier1,ECE,Networking,No,No,8.4,8.63,8.24,8.96,8.49,8.04,8.24,7.79,8.42,83.8,2,3,1,3,3,80.1,4.1,79.7,87.7,0,High,High-Achiever
692,Female,Mumbai,Tier3,EE,AI,No,No,7.21,6.75,7.2,7.32,6.75,6.49,5.7,6.28,6.65,59.4,0,0,0,0,0,40.9,3.0,40.7,47.2,1,Mid,Below-Average
693,Female,Pune,Tier1,ECE,AI,No,No,7.82,8.1,8.08,8.44,8.64,7.99,8.33,8.42,8.24,84.2,2,5,2,3,2,80.6,4.2,85.9,73.6,1,High,High-Achiever
694,Female,Chennai,Tier2,IT,DataScience,Yes,No,7.37,6.84,7.56,7.16,7.46,7.68,7.14,7.13,7.17,76.4,2,2,1,0,0,57.3,3.1,55.9,62.5,0,Mid,Average
695,Male,Chennai,Tier2,CS,Embedded,No,Yes,8.37,7.91,8.0,6.99,7.88,7.66,7.53,7.92,7.91,67.9,1,2,2,4,1,43.4,3.3,82.8,34.9,0,Mid,Specialist
696,Male,Pune,Tier2,EE,Networking,Yes,No,6.77,6.1,6.34,6.95,5.6,6.48,6.4,6.91,6.37,67.4,2,2,0,2,1,71.6,3.5,59.1,43.4,0,Low,Average
697,Male,Jaipur,Tier3,EE,Networking,No,No,4.59,4.16,4.48,4.34,4.1,4.49,4.0,4.02,4.17,69.9,0,2,0,0,0,43.7,2.1,56.7,52.3,1,Low,Below-Average
698,Male,Pune,Tier2,CS,AI,Yes,No,8.14,8.06,7.1,8.13,7.32,7.82,7.99,7.62,7.77,78.4,1,4,1,1,0,58.3,3.4,60.3,59.0,0,Mid,Average
699,Female,Chennai,Tier3,CS,Embedded,Yes,Yes,4.66,4.45,4.77,4.51,4.86,5.06,4.61,5.25,4.92,55.5,0,1,1,0,0,38.2,3.1,29.6,41.4,1,Low,Below-Average
700,Female,Kolkata,Tier1,Mechanical,DataScience,Yes,No,8.75,8.75,8.55,8.01,8.18,8.8,8.1,7.71,8.49,88.7,2,4,3,2,1,82.5,4.4,73.6,83.8,0,High,High-Achiever
701,Male,Ahmedabad,Tier1,Mechanical,DataScience,No,No,8.52,7.77,8.62,8.13,7.99,7.71,7.75,8.79,8.21,87.6,2,3,4,3,1,88.2,4.1,83.0,87.8,0,High,High-Achiever
702,Male,Chennai,Tier2,ECE,Networking,No,No,7.04,7.12,7.38,7.62,7.0,6.81,6.92,7.01,7.16,68.1,3,2,1,1,1,61.8,3.8,49.8,66.3,0,Mid,Average
703,Male,Delhi,Tier1,Civil,Embedded,No,No,8.54,7.68,7.95,8.39,8.42,8.21,8.07,8.0,8.02,88.4,2,3,3,2,0,78.7,3.8,71.1,91.5,0,High,High-Achiever
704,Female,Mumbai,Tier3,EE,Embedded,Yes,Yes,5.29,5.59,5.26,5.06,4.8,5.14,4.99,4.84,5.37,53.8,0,1,1,0,0,57.6,2.2,48.4,49.0,1,Low,Below-Average
705,Female,Delhi,Tier1,EE,Embedded,No,No,8.77,9.21,8.43,8.57,8.79,8.42,8.84,8.98,8.72,83.3,3,5,3,4,1,69.1,4.1,86.8,80.1,1,High,High-Achiever
706,Female,Jaipur,Tier2,Civil,Networking,Yes,No,6.59,6.79,6.24,7.27,6.58,6.53,6.74,6.61,6.4,62.0,2,2,1,3,1,80.7,4.2,56.7,63.9,1,Low,Average
707,Male,Kochi,Tier3,EE,DataScience,Yes,Yes,4.55,5.59,4.86,4.96,5.15,5.12,5.22,5.19,5.01,56.4,0,0,0,1,0,70.0,2.9,44.9,31.1,1,Low,Below-Average
708,Female,Chennai,Tier3,EE,AI,No,Yes,5.21,5.37,5.18,5.58,5.03,5.29,5.38,4.69,5.26,65.7,0,0,0,1,0,23.6,2.6,43.9,53.6,0,Low,Below-Average
709,Male,Pune,Tier2,CS,AI,Yes,No,5.6,6.7,6.41,5.71,6.09,6.98,6.18,6.12,6.14,69.4,0,3,1,1,0,64.2,4.3,65.4,42.4,0,Low,Average
710,Male,Kochi,Tier2,EE,Embedded,Yes,Yes,6.28,6.73,7.12,7.17,6.53,6.49,6.79,6.72,6.75,95.2,3,2,2,2,0,59.2,3.4,65.4,57.3,1,Mid,Average
711,Male,Chennai,Tier2,IT,AI,Yes,No,6.13,6.03,6.09,5.85,5.92,6.41,6.57,5.98,6.1,78.0,1,3,1,2,1,57.4,4.8,64.2,55.3,1,Low,Specialist
712,Female,Kolkata,Tier3,CS,AI,No,Yes,5.6,5.45,5.27,4.9,5.47,5.13,5.48,5.65,5.22,73.0,0,1,0,1,0,44.2,2.5,39.6,36.1,1,Low,Below-Average
713,Male,Delhi,Tier3,EE,AI,No,Yes,4.94,5.36,4.84,5.02,5.96,5.93,5.58,5.21,5.31,68.0,1,1,1,1,0,55.3,2.2,47.2,39.5,1,Low,Below-Average
714,Female,Delhi,Tier2,CS,AI,No,No,4.82,6.27,6.26,6.22,5.53,5.98,6.7,5.47,5.98,86.7,2,2,1,2,1,58.9,3.1,81.7,77.1,0,Low,Specialist
715,Female,Bangalore,Tier3,Civil,Networking,Yes,Yes,5.24,5.52,5.35,5.42,5.57,4.66,5.64,4.98,5.04,52.1,0,1,0,0,0,39.8,2.7,42.4,55.0,0,Low,Below-Average
716,Male,Ahmedabad,Tier1,Civil,DataScience,Yes,No,8.79,8.72,9.29,9.38,8.8,8.61,8.52,8.32,8.85,75.2,2,3,2,4,2,79.0,3.9,87.3,73.2,0,High,High-Achiever
717,Female,Kochi,Tier2,Mechanical,Embedded,No,No,7.96,7.64,7.91,8.45,8.08,8.13,7.69,8.47,7.86,71.4,0,2,2,2,0,69.1,4.8,60.7,58.2,0,Mid,Average
718,Male,Kolkata,Tier1,Civil,Networking,No,No,8.75,7.96,8.12,8.16,8.05,8.14,8.88,8.6,8.27,90.8,2,3,2,4,0,72.9,4.3,92.6,69.1,1,High,High-Achiever
719,Female,Hyderabad,Tier3,Mechanical,AI,No,Yes,5.82,6.71,5.89,5.84,5.54,5.97,5.42,5.92,5.84,61.5,1,0,1,1,0,33.2,3.1,53.3,51.0,0,Low,Below-Average
720,Male,Ahmedabad,Tier2,Mechanical,AI,Yes,Yes,6.18,5.4,6.07,5.76,5.97,5.68,5.8,6.13,5.81,72.5,1,2,1,4,0,79.9,2.9,84.1,52.0,0,Low,Specialist
721,Male,Mumbai,Tier2,CS,Embedded,Yes,No,6.98,7.45,7.24,7.07,6.86,6.86,6.96,7.59,7.22,85.6,0,1,1,3,0,59.9,3.2,58.2,46.3,1,Mid,Average
722,Male,Bangalore,Tier2,Civil,Embedded,Yes,No,8.1,8.02,8.14,7.49,8.25,7.38,7.41,7.47,7.94,78.1,2,2,1,2,1,63.9,4.0,34.3,62.8,0,Mid,Average
723,Male,Chennai,Tier1,IT,Networking,No,No,8.65,8.81,8.24,9.46,8.62,8.85,8.41,8.29,8.75,92.0,2,4,1,2,0,77.6,3.5,79.7,81.1,0,High,High-Achiever
724,Male,Pune,Tier2,CS,AI,No,No,4.68,4.37,5.23,4.89,4.59,4.48,4.59,4.26,4.58,61.5,1,4,1,1,1,65.5,2.4,74.2,66.6,1,Low,Specialist
725,Male,Ahmedabad,Tier1,Civil,DataScience,Yes,No,8.61,8.55,8.67,8.75,8.5,8.76,8.58,8.49,8.73,82.5,1,4,1,3,2,90.6,4.1,83.5,77.5,1,High,High-Achiever
726,Male,Bangalore,Tier1,Mechanical,DataScience,No,No,8.59,8.38,8.99,8.84,9.26,10.0,9.27,9.0,9.12,96.1,1,4,3,3,1,83.5,4.7,83.1,75.4,1,High,High-Achiever
727,Male,Mumbai,Tier1,EE,Embedded,Yes,No,7.99,8.81,8.71,8.21,8.24,8.5,8.4,8.08,8.39,88.5,3,4,2,3,1,70.9,4.1,86.9,91.9,0,High,High-Achiever
728,Female,Ahmedabad,Tier1,CS,Embedded,Yes,No,8.52,8.98,8.93,8.46,9.32,9.25,9.45,9.06,9.0,84.9,2,4,2,4,2,71.7,4.4,91.8,78.0,1,High,High-Achiever
729,Female,Kolkata,Tier2,IT,AI,No,No,6.43,5.46,6.63,6.52,6.56,6.45,6.67,6.73,6.59,70.0,2,2,2,2,0,61.8,3.5,59.8,67.8,0,Mid,Average
730,Female,Delhi,Tier2,EE,AI,No,No,6.06,6.09,6.2,6.18,5.93,6.21,5.99,5.56,6.11,69.8,1,2,1,2,0,62.9,4.1,80.5,57.7,1,Low,Average
731,Male,Kolkata,Tier2,Mechanical,Embedded,No,No,6.89,7.44,6.66,6.97,7.33,6.83,7.35,7.47,7.08,69.3,1,3,1,1,0,51.2,2.7,62.1,67.5,1,Mid,Average
732,Female,Hyderabad,Tier1,Mechanical,DataScience,No,No,7.46,7.37,7.55,7.32,7.62,7.57,8.3,7.45,7.62,81.6,2,2,1,4,1,84.9,4.5,72.8,67.8,0,Mid,High-Achiever
733,Male,Mumbai,Tier1,IT,Networking,No,Yes,8.43,8.63,8.07,7.84,7.73,8.03,8.02,7.69,8.38,80.5,2,5,4,3,1,73.5,4.1,78.1,74.8,0,High,High-Achiever
734,Female,Delhi,Tier2,Mechanical,Embedded,No,No,8.6,8.3,7.94,7.55,8.04,7.43,7.68,7.73,7.77,73.4,2,3,3,3,1,76.9,4.0,56.6,52.3,1,Mid,Average
735,Female,Kochi,Tier1,CS,Embedded,No,No,8.1,7.05,7.75,7.7,7.67,6.98,7.33,7.53,7.55,85.0,3,4,1,4,1,90.9,3.9,86.1,73.8,0,Mid,High-Achiever
736,Male,Kochi,Tier3,IT,Networking,Yes,Yes,4.96,4.68,4.5,4.64,4.0,4.96,4.79,4.21,4.6,71.1,0,0,0,1,0,45.8,2.8,32.5,56.5,1,Low,Below-Average
737,Female,Kochi,Tier1,CS,DataScience,Yes,No,8.42,7.66,7.96,7.89,8.03,7.89,8.68,7.9,7.98,89.5,2,4,3,3,1,82.6,4.2,79.9,73.7,1,Mid,High-Achiever
738,Female,Kochi,Tier2,Civil,Embedded,No,No,6.91,7.22,6.42,6.78,6.86,6.84,7.29,6.98,6.96,77.1,2,1,1,3,1,55.1,3.0,58.6,67.7,0,Mid,Average
739,Male,Bangalore,Tier2,ECE,DataScience,No,No,6.96,6.68,6.75,6.28,6.72,6.31,6.49,6.96,6.78,69.1,3,2,1,2,1,70.0,2.9,56.0,74.1,1,Mid,Average
740,Male,Bangalore,Tier2,EE,AI,Yes,No,7.75,7.83,7.66,7.53,7.72,7.95,7.53,7.8,7.84,74.0,3,1,1,2,0,61.0,3.2,67.3,61.8,0,Mid,Average
741,Male,Chennai,Tier1,CS,DataScience,No,No,8.55,8.82,8.81,8.61,8.73,8.52,9.12,9.53,8.98,89.8,2,5,3,3,2,73.5,4.3,86.5,85.0,0,High,High-Achiever
742,Male,Kolkata,Tier1,Civil,DataScience,No,No,9.1,9.25,8.71,8.81,8.54,8.54,8.63,9.22,8.75,91.6,3,2,2,2,1,78.3,3.9,90.2,81.7,0,High,High-Achiever
743,Female,Mumbai,Tier3,ECE,DataScience,No,Yes,5.36,5.37,5.44,5.86,6.23,5.79,5.68,5.93,5.6,59.1,0,1,1,0,0,43.8,2.6,38.7,45.2,0,Low,Below-Average
744,Female,Chennai,Tier1,ECE,AI,Yes,No,8.21,8.72,8.6,8.36,8.93,8.37,8.58,8.77,8.7,93.4,3,2,2,3,1,78.0,3.4,90.4,83.3,1,High,High-Achiever
745,Female,Kolkata,Tier2,ECE,DataScience,No,No,6.35,6.6,6.87,6.4,6.35,6.63,6.35,6.56,6.48,75.1,2,2,1,2,0,72.6,3.3,47.7,76.7,0,Low,Average
746,Female,Kochi,Tier2,ECE,DataScience,No,No,7.57,7.86,7.14,6.69,7.84,7.41,7.83,7.08,7.51,81.3,0,2,0,2,0,58.7,4.0,47.5,56.9,1,Mid,Average
747,Female,Delhi,Tier2,IT,DataScience,Yes,No,6.46,6.87,5.99,6.66,6.93,6.7,6.16,6.37,6.33,71.1,2,3,1,3,0,78.9,3.9,49.1,54.3,0,Low,Average
748,Male,Jaipur,Tier2,Civil,Networking,Yes,No,7.54,7.06,8.01,7.89,6.48,7.45,7.25,6.77,7.5,60.5,2,2,1,2,1,54.4,3.5,60.1,53.9,1,Mid,Average
749,Male,Hyderabad,Tier3,CS,Networking,No,No,6.63,6.31,6.26,6.41,6.93,7.17,6.49,5.97,6.33,62.7,0,2,1,0,0,62.5,2.9,54.0,53.9,1,Low,Below-Average
750,Female,Jaipur,Tier3,Mechanical,DataScience,Yes,No,5.14,5.42,5.34,5.9,5.49,5.55,5.36,5.09,5.65,67.3,0,0,1,1,0,38.9,2.3,36.0,55.3,0,Low,Below-Average
751,Male,Kolkata,Tier1,IT,Embedded,No,No,8.13,7.84,8.06,8.57,8.0,8.75,7.98,8.46,8.41,90.9,1,3,3,3,0,80.0,4.8,78.7,74.2,0,High,High-Achiever
752,Male,Pune,Tier2,CS,DataScience,No,No,7.1,7.54,7.41,7.03,7.14,7.06,7.4,6.99,7.24,78.4,2,2,1,1,0,61.1,4.5,58.1,44.9,1,Mid,Average
753,Male,Hyderabad,Tier1,Civil,DataScience,Yes,No,7.32,7.02,7.41,6.59,6.89,6.74,7.05,7.22,7.07,86.3,2,4,1,3,2,77.9,4.3,86.0,73.3,1,Mid,High-Achiever
754,Female,Delhi,Tier2,ECE,AI,Yes,Yes,6.97,7.03,6.84,7.75,6.71,7.05,7.04,7.39,7.18,68.5,0,2,0,2,0,71.4,4.8,55.7,66.4,0,Mid,Average
755,Male,Jaipur,Tier3,Civil,Embedded,Yes,Yes,5.37,4.67,5.86,4.88,5.65,5.12,5.58,5.09,5.42,65.5,0,2,1,0,1,61.5,2.4,36.7,43.3,1,Low,Below-Average
756,Male,Kolkata,Tier1,CS,AI,No,No,8.79,8.54,8.68,8.55,8.46,8.92,8.85,8.38,8.47,90.1,2,4,3,3,3,87.1,3.7,72.6,79.3,1,High,High-Achiever
757,Male,Mumbai,Tier2,CS,Embedded,No,No,7.82,7.21,6.81,7.16,7.01,7.47,6.94,7.72,7.42,70.5,1,3,1,3,1,61.8,3.1,54.9,57.8,0,Mid,Average
758,Male,Mumbai,Tier2,Civil,AI,Yes,Yes,6.2,6.05,6.05,5.77,6.08,6.1,6.26,6.06,5.94,80.0,1,2,1,3,1,61.8,3.0,94.4,67.2,1,Low,Specialist
759,Female,Hyderabad,Tier1,IT,Networking,Yes,No,7.49,7.71,8.12,8.3,7.75,8.19,7.83,8.51,7.93,83.6,1,4,2,3,1,75.3,5.0,82.6,80.4,0,Mid,High-Achiever
760,Male,Kolkata,Tier2,ECE,AI,No,No,7.0,7.26,6.71,7.17,6.38,7.17,7.57,6.9,6.92,70.3,2,3,1,2,1,57.1,3.4,53.3,66.7,1,Mid,Average
761,Male,Delhi,Tier3,CS,Networking,Yes,Yes,5.61,5.33,5.48,5.39,5.41,5.03,6.16,5.64,5.55,76.4,0,0,1,0,0,37.7,2.3,54.4,45.6,1,Low,Below-Average
762,Male,Delhi,Tier1,IT,AI,Yes,No,8.77,8.71,8.35,8.22,8.48,8.61,8.57,8.76,8.56,92.3,1,4,3,4,1,77.4,3.8,77.9,81.7,0,High,High-Achiever
763,Female,Bangalore,Tier1,EE,DataScience,No,No,8.7,8.16,8.68,8.62,8.34,8.38,8.41,8.03,8.58,86.2,0,4,2,4,0,81.5,4.7,91.9,81.2,0,High,High-Achiever
764,Female,Ahmedabad,Tier1,CS,AI,No,No,9.29,9.31,8.62,8.78,9.27,9.55,9.04,9.16,9.02,89.4,3,5,2,4,1,68.5,4.6,91.8,71.5,0,High,High-Achiever
765,Male,Bangalore,Tier2,Mechanical,AI,No,No,5.41,5.39,4.81,5.54,4.74,4.96,4.9,5.35,5.13,71.4,1,3,1,0,0,59.5,2.9,85.4,59.5,1,Low,Specialist
766,Female,Kochi,Tier1,IT,Networking,Yes,No,9.18,8.19,8.12,8.81,8.5,8.54,9.36,8.75,8.59,74.3,2,4,3,3,2,89.1,3.4,71.5,83.5,0,High,High-Achiever
767,Female,Pune,Tier1,Civil,AI,No,No,9.15,9.06,9.43,10.0,8.84,9.38,9.11,9.8,9.14,83.5,3,4,4,3,1,86.7,3.7,98.0,86.1,1,High,High-Achiever
768,Female,Hyderabad,Tier1,ECE,Networking,No,No,8.32,7.86,7.66,7.34,7.68,7.84,7.75,8.1,7.63,87.7,3,3,2,4,1,76.5,4.9,84.7,80.9,1,Mid,High-Achiever
769,Female,Kochi,Tier1,Mechanical,DataScience,Yes,No,8.6,8.25,8.58,8.68,8.47,7.91,9.46,8.64,8.59,86.2,2,3,3,3,2,71.6,4.5,79.7,71.2,0,High,High-Achiever
770,Female,Mumbai,Tier2,Civil,Networking,No,No,6.21,6.61,6.7,6.62,6.48,6.52,6.86,6.67,6.65,77.0,1,1,1,2,1,68.7,3.5,68.6,55.5,0,Mid,Average
771,Female,Kochi,Tier1,EE,Networking,Yes,No,8.16,8.54,8.13,8.01,8.16,8.35,8.98,8.83,8.31,93.6,2,5,2,3,1,66.1,4.9,86.9,75.0,1,High,High-Achiever
772,Male,Chennai,Tier2,Civil,DataScience,Yes,No,6.33,6.98,6.11,6.2,6.79,6.61,6.52,6.53,6.46,72.4,2,2,0,1,1,73.9,4.5,71.8,63.5,1,Low,Average
773,Female,Chennai,Tier2,Mechanical,DataScience,No,No,7.29,6.22,6.78,6.58,6.53,6.62,6.81,6.6,6.9,66.5,2,1,2,1,0,63.3,3.5,54.0,61.0,0,Mid,Average
774,Female,Kolkata,Tier3,ECE,DataScience,Yes,No,6.77,7.36,6.85,7.09,7.12,6.55,5.89,6.41,6.79,63.2,0,1,1,1,0,64.5,2.8,45.2,32.8,0,Mid,Below-Average
775,Female,Kochi,Tier1,Civil,DataScience,No,No,8.28,7.81,7.25,7.95,8.19,7.34,7.69,7.79,7.87,86.4,3,4,0,4,2,69.6,4.0,73.7,70.1,1,Mid,High-Achiever
776,Male,Chennai,Tier3,Civil,Embedded,No,Yes,4.0,4.62,4.88,4.44,4.0,4.91,5.12,5.13,4.68,58.4,1,2,1,1,0,56.3,2.6,48.7,23.0,1,Low,Below-Average
777,Male,Kochi,Tier2,Civil,DataScience,No,No,6.9,6.83,5.75,6.06,6.29,6.45,6.15,6.21,6.22,72.7,2,1,2,3,1,64.2,2.8,59.8,37.0,1,Low,Average
778,Male,Bangalore,Tier1,Mechanical,DataScience,Yes,No,9.33,10.0,9.02,9.12,9.14,8.79,9.33,9.68,9.36,99.2,4,1,3,3,1,78.0,3.6,84.0,77.1,0,High,High-Achiever
779,Female,Delhi,Tier3,CS,DataScience,Yes,No,5.28,5.33,5.18,5.14,5.03,5.08,5.11,5.69,5.18,40.0,1,1,0,2,0,35.7,1.8,40.5,67.2,1,Low,Below-Average
780,Female,Hyderabad,Tier3,Mechanical,Embedded,No,Yes,5.97,5.86,6.01,5.37,5.65,5.16,5.55,5.86,5.48,56.1,1,0,1,0,0,53.4,3.5,39.5,62.0,0,Low,Below-Average
781,Female,Jaipur,Tier1,IT,Networking,No,No,8.3,8.19,7.66,8.25,8.62,8.44,8.42,8.4,8.3,88.0,2,4,3,5,1,84.1,3.6,75.9,71.2,1,High,High-Achiever
782,Female,Mumbai,Tier2,IT,DataScience,No,No,4.67,4.95,5.31,5.51,5.41,5.16,5.24,5.2,5.24,63.0,3,3,2,4,0,77.9,4.6,91.3,56.8,1,Low,Specialist
783,Male,Ahmedabad,Tier2,Mechanical,DataScience,No,No,6.76,6.28,6.98,6.92,7.24,6.85,7.5,6.18,6.86,82.2,1,3,1,2,0,73.1,3.1,73.4,50.3,0,Mid,Average
784,Male,Pune,Tier2,Mechanical,Networking,No,No,9.4,8.27,8.68,9.11,9.27,8.32,8.56,8.43,8.47,81.5,1,4,2,2,1,60.2,4.4,55.0,51.5,0,High,Average
785,Male,Hyderabad,Tier2,CS,Embedded,No,No,7.71,7.05,7.6,6.48,6.64,7.17,6.92,7.4,7.11,69.6,0,4,2,2,0,50.0,2.9,89.4,40.6,0,Mid,Specialist
786,Female,Hyderabad,Tier2,Civil,Networking,Yes,Yes,6.72,6.54,6.56,6.95,6.68,6.68,5.99,6.17,6.49,72.8,1,4,1,2,0,54.1,2.7,63.9,60.2,0,Low,Average
787,Male,Pune,Tier3,Mechanical,Networking,No,No,5.62,6.49,6.27,5.74,5.89,6.3,5.82,6.0,5.95,58.9,0,2,1,0,0,61.3,3.6,42.1,42.2,0,Low,Below-Average
788,Female,Jaipur,Tier2,Civil,AI,No,No,6.9,7.1,6.17,5.99,6.78,6.07,6.21,6.03,6.5,74.2,2,3,2,2,0,58.8,4.2,46.3,64.0,1,Mid,Average
789,Female,Pune,Tier3,Civil,Embedded,Yes,Yes,4.12,4.14,4.03,4.49,4.11,4.86,4.52,4.47,4.26,59.2,0,1,1,1,0,61.3,2.3,29.0,50.6,0,Low,Below-Average
790,Male,Chennai,Tier2,EE,AI,No,No,8.63,7.74,7.83,7.06,8.18,7.65,7.38,7.92,7.61,73.5,3,1,1,2,1,69.2,3.3,53.0,59.3,0,Mid,Average
791,Male,Kochi,Tier1,IT,Embedded,No,No,8.86,9.62,8.37,8.9,9.87,8.29,8.81,9.92,9.08,89.3,3,5,3,5,1,82.0,3.8,67.0,78.3,1,High,High-Achiever
792,Female,Kolkata,Tier2,CS,Embedded,No,No,7.64,7.99,7.77,7.4,7.31,7.78,8.04,7.97,7.63,81.0,3,2,3,2,1,62.5,3.4,72.7,53.2,1,Mid,Average
793,Female,Delhi,Tier2,Mechanical,Embedded,No,No,6.62,6.87,7.24,6.51,7.06,7.29,6.33,6.71,6.72,65.2,0,3,2,1,0,70.3,3.6,63.3,51.2,1,Mid,Average
794,Male,Bangalore,Tier1,ECE,Networking,No,No,8.45,8.9,8.23,7.88,8.62,7.73,8.67,8.51,8.42,82.7,3,3,3,4,1,79.9,4.1,81.8,67.5,1,High,High-Achiever
795,Male,Pune,Tier1,ECE,AI,Yes,No,9.12,8.92,8.83,9.47,8.19,8.48,8.81,9.39,8.87,79.3,1,4,1,2,1,77.8,3.5,66.7,82.5,1,High,High-Achiever
796,Male,Pune,Tier2,EE,Networking,No,No,6.87,6.75,6.75,6.86,7.12,6.74,7.12,7.59,7.23,81.9,1,0,1,1,1,70.6,3.2,43.6,59.3,0,Mid,Average
797,Male,Hyderabad,Tier1,ECE,AI,No,No,9.31,7.98,8.54,7.67,8.4,8.12,7.88,8.49,8.3,89.3,2,3,2,3,0,79.1,4.5,82.0,64.9,1,High,High-Achiever
798,Female,Hyderabad,Tier1,CS,Embedded,Yes,No,7.65,7.76,8.11,7.77,7.33,8.07,7.38,7.95,7.69,90.5,2,3,3,3,3,75.2,4.1,95.8,77.6,0,Mid,High-Achiever
799,Male,Kochi,Tier3,Civil,Embedded,Yes,No,5.23,5.62,5.61,5.69,6.16,5.24,5.19,5.31,5.58,45.7,0,1,2,0,0,53.4,2.6,35.0,31.5,0,Low,Below-Average
800,Female,Ahmedabad,Tier3,ECE,DataScience,No,Yes,6.31,6.5,5.8,5.36,6.44,6.69,6.11,5.85,6.26,77.8,0,2,0,0,0,47.4,2.2,50.6,60.6,0,Low,Below-Average
801,Male,Bangalore,Tier3,Mechanical,Embedded,Yes,Yes,5.14,4.48,4.09,5.27,4.45,4.75,4.31,4.74,4.66,53.9,0,0,2,0,0,52.4,2.4,37.2,38.2,0,Low,Below-Average
802,Female,Kolkata,Tier2,Mechanical,Networking,No,No,7.16,6.59,7.68,7.68,7.75,7.67,7.1,7.82,7.38,76.3,1,3,1,2,0,61.4,4.2,60.5,67.5,0,Mid,Average
803,Male,Jaipur,Tier3,IT,Networking,No,Yes,5.59,4.98,5.87,5.14,5.13,5.53,5.0,5.97,5.73,68.5,0,2,0,2,0,37.1,2.1,54.1,54.9,0,Low,Below-Average
804,Male,Pune,Tier2,Civil,Embedded,No,No,7.26,7.79,6.92,7.26,7.34,7.6,7.52,7.25,7.45,67.1,2,4,2,1,0,78.9,3.9,56.9,54.4,0,Mid,Average
805,Male,Hyderabad,Tier1,Civil,DataScience,Yes,No,9.16,8.55,8.74,9.11,9.02,8.11,9.37,9.25,8.94,85.3,2,4,3,4,2,89.3,4.2,77.2,78.5,1,High,High-Achiever
806,Male,Chennai,Tier1,Mechanical,Embedded,No,Yes,8.54,7.7,7.64,8.39,8.36,7.77,8.42,8.59,8.15,88.9,3,3,3,4,1,85.3,4.3,91.9,81.9,1,High,High-Achiever
807,Female,Mumbai,Tier3,Civil,DataScience,No,No,4.13,4.23,4.62,4.0,4.53,4.69,4.06,4.58,4.37,88.6,0,0,0,0,0,44.5,2.4,42.5,45.2,1,Low,Below-Average
808,Male,Kochi,Tier1,EE,DataScience,No,Yes,8.26,7.85,8.36,7.72,8.31,8.34,8.25,7.82,8.23,89.5,2,5,3,1,2,78.2,4.1,89.6,80.5,0,High,High-Achiever
809,Male,Bangalore,Tier2,IT,Networking,Yes,No,7.26,6.91,7.36,7.49,7.44,7.76,7.61,7.39,7.53,87.9,2,3,1,1,1,76.1,3.5,53.8,51.4,0,Mid,Average
810,Male,Ahmedabad,Tier2,IT,Embedded,Yes,Yes,5.39,5.89,6.18,5.95,5.54,5.05,5.92,5.11,5.57,80.9,1,2,1,1,0,56.5,2.8,96.3,61.6,1,Low,Specialist
811,Male,Hyderabad,Tier1,Civil,Embedded,Yes,No,8.05,8.0,7.64,8.09,8.33,8.19,8.25,7.71,8.15,89.8,2,2,2,4,2,76.2,4.3,83.9,74.6,0,High,High-Achiever
812,Male,Kochi,Tier1,Mechanical,DataScience,Yes,No,7.13,8.11,7.16,6.94,7.34,7.35,7.51,7.63,7.59,83.1,3,3,2,3,0,91.2,4.4,85.0,80.4,1,Mid,High-Achiever
813,Male,Ahmedabad,Tier2,ECE,Embedded,Yes,No,7.78,7.65,7.43,7.36,7.06,7.37,8.13,8.15,7.4,79.5,1,3,2,1,0,59.5,4.7,86.1,66.0,0,Mid,Specialist
814,Female,Jaipur,Tier2,Civil,Networking,No,No,7.71,7.71,7.46,7.25,8.07,7.37,8.28,7.6,7.5,63.0,1,2,1,2,0,79.1,3.6,55.5,67.4,0,Mid,Average
815,Female,Pune,Tier1,EE,AI,No,No,8.91,9.12,8.58,9.15,9.29,8.49,8.68,8.9,8.88,96.0,3,2,2,2,2,71.6,3.4,82.0,80.4,0,High,High-Achiever
816,Female,Kochi,Tier3,ECE,Networking,Yes,No,5.9,6.06,6.66,6.71,6.17,6.55,6.3,5.29,6.18,62.0,0,1,0,1,0,52.7,3.5,37.6,50.4,1,Low,Below-Average
817,Male,Hyderabad,Tier3,CS,AI,No,Yes,6.39,6.22,5.5,6.36,5.76,5.92,5.28,5.97,5.9,40.0,0,0,1,0,0,66.6,2.7,51.6,50.9,0,Low,Below-Average
818,Female,Ahmedabad,Tier2,Civil,AI,No,No,6.84,7.32,6.68,7.16,6.68,6.94,7.43,6.39,6.85,72.3,1,3,1,1,0,65.2,4.5,58.2,74.0,0,Mid,Average
819,Male,Delhi,Tier2,CS,DataScience,No,No,6.58,7.34,6.79,7.41,6.4,6.71,6.96,7.56,6.9,80.2,0,2,2,2,0,62.9,4.2,46.5,61.7,0,Mid,Average
820,Female,Hyderabad,Tier1,ECE,AI,No,No,8.41,7.71,8.38,8.76,7.88,7.88,8.45,8.37,8.29,86.8,2,3,3,4,2,73.0,4.0,70.2,79.1,0,High,High-Achiever
821,Female,Hyderabad,Tier1,EE,Networking,Yes,Yes,9.42,9.65,9.63,9.41,9.63,10.0,9.58,10.0,9.82,91.6,3,4,2,5,0,86.5,4.5,69.9,84.5,1,High,High-Achiever
822,Male,Chennai,Tier2,EE,DataScience,Yes,No,7.73,6.54,7.14,7.94,7.37,7.47,7.44,7.64,7.33,68.2,1,2,2,1,0,58.8,3.2,65.6,58.1,1,Mid,Average
823,Female,Ahmedabad,Tier1,EE,Embedded,No,Yes,7.74,8.9,8.21,7.65,8.55,7.83,8.95,9.02,8.27,81.5,3,5,2,3,1,79.4,4.2,73.9,68.7,0,High,High-Achiever
824,Female,Jaipur,Tier3,Civil,AI,No,No,5.44,5.29,6.2,6.66,6.64,5.57,6.23,5.89,5.83,59.3,1,1,1,1,0,36.9,3.2,45.0,48.9,0,Low,Below-Average
825,Female,Mumbai,Tier3,EE,Embedded,No,Yes,4.73,4.8,5.12,4.19,4.37,4.56,5.83,4.74,4.79,60.3,0,1,1,2,0,62.0,3.5,43.4,41.9,0,Low,Below-Average
826,Female,Kochi,Tier1,Civil,DataScience,Yes,No,9.01,8.92,9.43,9.63,9.43,9.45,9.3,9.02,9.25,86.3,1,3,2,1,1,86.9,4.6,81.5,69.5,0,High,High-Achiever
827,Female,Kochi,Tier2,EE,AI,Yes,No,6.73,6.62,6.48,7.02,6.84,6.96,6.23,6.59,6.6,84.8,0,2,2,2,0,64.7,3.5,63.9,66.0,1,Mid,Average
828,Male,Kochi,Tier1,ECE,AI,No,No,8.86,8.58,8.75,8.91,9.0,8.44,8.83,8.64,8.75,83.7,2,5,1,3,1,73.1,5.0,83.1,88.0,1,High,High-Achiever
829,Female,Kolkata,Tier3,ECE,Networking,No,No,6.44,7.03,6.31,5.82,6.14,6.14,6.15,6.06,6.25,63.1,0,1,1,0,0,61.8,2.6,14.9,27.7,1,Low,Below-Average
830,Male,Jaipur,Tier1,ECE,Networking,No,No,8.89,8.97,8.35,8.24,8.59,8.0,8.9,8.18,8.69,88.3,3,4,3,2,1,77.8,3.6,79.7,85.2,1,High,High-Achiever
831,Male,Pune,Tier2,ECE,DataScience,No,No,6.66,6.61,7.2,7.16,7.01,7.03,7.22,6.57,7.06,62.5,2,1,2,1,0,56.2,2.8,63.8,41.7,1,Mid,Average
832,Female,Ahmedabad,Tier2,Civil,Networking,Yes,No,6.86,6.26,6.81,7.26,7.35,7.48,6.74,7.4,7.01,64.4,3,0,2,2,1,50.9,4.2,74.8,58.8,1,Mid,Average
833,Male,Bangalore,Tier2,CS,Networking,Yes,No,7.23,5.95,6.58,6.85,6.73,7.13,6.55,6.88,6.97,75.1,1,2,1,3,1,59.8,3.5,75.2,76.7,1,Mid,Average
834,Female,Mumbai,Tier3,ECE,Networking,No,No,5.58,5.03,5.18,5.26,5.3,5.12,5.18,5.5,5.1,79.8,1,1,0,1,0,34.9,2.9,28.4,40.7,1,Low,Below-Average
835,Male,Delhi,Tier3,CS,Networking,Yes,No,4.81,5.07,5.51,4.81,6.06,4.96,5.51,5.06,5.19,65.8,1,1,0,1,0,42.4,2.5,38.5,44.9,1,Low,Below-Average
836,Female,Ahmedabad,Tier2,CS,Networking,Yes,Yes,8.23,8.21,8.42,8.3,8.36,7.86,8.43,8.09,7.89,61.2,1,1,1,2,0,71.0,3.3,45.9,68.1,1,Mid,Average
837,Male,Mumbai,Tier3,ECE,Networking,Yes,Yes,4.78,5.35,5.43,5.56,4.76,5.41,5.18,5.8,5.42,40.0,1,1,2,0,0,44.6,2.3,57.2,26.8,0,Low,Below-Average
838,Male,Delhi,Tier2,ECE,DataScience,No,Yes,5.44,5.09,5.96,5.72,5.49,5.45,6.01,5.61,5.37,76.6,2,3,1,2,1,63.6,3.5,93.1,55.9,1,Low,Specialist
839,Female,Ahmedabad,Tier2,IT,Networking,Yes,No,6.74,6.19,6.94,6.94,7.13,6.75,6.18,7.22,6.69,74.2,1,1,1,2,0,59.2,3.5,63.2,62.5,1,Mid,Average
840,Female,Mumbai,Tier2,EE,Embedded,Yes,No,7.21,7.51,7.63,7.14,7.47,7.3,7.09,7.33,7.66,84.1,1,1,1,3,1,65.5,3.7,61.5,76.9,0,Mid,Average
841,Male,Kolkata,Tier1,CS,AI,Yes,No,8.9,8.4,9.18,8.83,8.41,8.74,8.26,8.54,8.84,83.6,2,3,1,3,0,91.5,4.3,91.7,69.3,1,High,High-Achiever
842,Female,Pune,Tier3,Mechanical,AI,No,Yes,5.46,6.14,5.97,6.07,5.7,5.89,6.04,6.0,5.89,63.5,0,1,0,0,0,44.9,2.5,54.1,40.2,1,Low,Below-Average
843,Male,Kolkata,Tier2,ECE,Networking,No,No,6.91,7.37,6.72,6.33,6.54,5.88,6.41,7.53,6.85,81.8,1,2,2,2,0,68.1,2.8,70.4,54.6,0,Mid,Average
844,Female,Mumbai,Tier2,CS,DataScience,No,No,7.05,7.14,7.43,7.46,7.25,7.41,7.19,7.25,7.34,71.4,1,1,1,2,0,52.5,2.7,64.1,53.7,1,Mid,Average
845,Female,Mumbai,Tier1,Civil,AI,No,Yes,8.39,7.86,8.3,7.86,7.96,8.32,7.79,8.9,8.18,85.9,1,4,2,4,0,89.1,5.0,79.6,85.9,1,High,High-Achiever
846,Male,Bangalore,Tier3,EE,DataScience,Yes,No,5.85,4.49,5.14,5.05,5.85,5.61,5.31,4.59,5.32,60.3,1,2,0,0,0,43.7,3.7,49.7,44.3,0,Low,Below-Average
847,Female,Bangalore,Tier2,ECE,AI,No,No,7.71,7.2,7.35,7.27,7.69,7.89,7.25,7.97,7.58,79.3,0,1,2,1,1,73.4,4.2,67.3,57.6,0,Mid,Average
848,Female,Kolkata,Tier3,EE,Embedded,Yes,Yes,5.63,6.26,5.57,6.84,6.47,6.74,5.55,5.95,6.11,59.9,1,1,1,1,0,46.9,2.4,40.1,38.8,0,Low,Below-Average
849,Male,Delhi,Tier1,EE,Embedded,No,No,7.75,8.25,7.83,7.71,8.42,8.26,8.83,7.87,8.01,92.9,3,5,2,3,1,83.7,4.2,79.5,74.1,0,High,High-Achiever
850,Male,Delhi,Tier2,Mechanical,AI,No,No,6.05,5.16,5.4,5.46,4.65,5.35,5.34,5.11,5.32,65.8,1,1,1,2,1,66.7,2.6,94.1,49.3,0,Low,Specialist
851,Male,Kolkata,Tier1,Mechanical,Embedded,Yes,No,8.93,9.05,8.7,8.82,8.81,8.67,8.27,8.64,8.55,81.4,2,4,4,4,1,77.3,3.7,93.6,69.1,1,High,High-Achiever
852,Male,Hyderabad,Tier1,IT,AI,No,No,9.63,8.69,9.75,9.04,9.57,9.3,9.94,8.96,9.36,97.9,1,5,3,2,2,86.6,4.0,76.8,76.2,0,High,High-Achiever
853,Male,Ahmedabad,Tier3,EE,AI,No,No,4.0,4.37,4.46,4.0,4.29,4.13,4.13,4.0,4.16,54.0,1,1,2,2,0,41.2,3.6,39.4,40.4,1,Low,Below-Average
854,Female,Jaipur,Tier2,Mechanical,Embedded,Yes,Yes,6.29,6.61,6.56,6.22,6.55,6.57,6.03,6.59,6.22,64.9,1,2,0,1,1,67.8,3.8,87.8,45.9,0,Low,Specialist
855,Female,Hyderabad,Tier1,CS,Networking,No,No,8.26,7.79,7.84,7.56,7.87,7.43,7.93,7.88,7.81,87.7,2,4,2,4,0,77.7,3.8,85.4,79.1,1,Mid,High-Achiever
856,Male,Chennai,Tier2,Mechanical,Networking,No,No,6.63,6.09,7.35,6.29,7.2,6.91,6.28,6.91,6.62,75.5,2,2,1,2,0,67.8,3.3,55.3,63.9,0,Mid,Average
857,Male,Jaipur,Tier3,ECE,AI,No,Yes,5.13,4.96,5.54,4.85,4.64,4.96,5.24,5.43,5.24,56.1,0,0,1,1,0,43.8,3.2,60.8,38.4,0,Low,Below-Average
858,Male,Mumbai,Tier3,CS,Networking,Yes,No,5.41,5.36,4.67,5.22,5.61,5.41,5.59,5.82,5.21,59.8,0,1,1,1,0,48.4,2.5,46.2,42.6,1,Low,Below-Average
859,Male,Chennai,Tier2,Mechanical,Embedded,Yes,No,6.7,6.85,6.73,6.71,6.84,7.78,7.05,6.01,6.68,74.7,2,2,2,2,0,56.4,3.5,64.8,79.3,1,Mid,Average
860,Male,Chennai,Tier2,Mechanical,DataScience,No,No,7.21,7.07,6.97,7.38,7.08,7.31,7.03,7.1,7.0,76.4,2,3,1,2,0,67.0,3.7,75.8,79.0,0,Mid,Average
861,Male,Mumbai,Tier3,EE,Embedded,No,No,5.71,5.04,6.22,5.19,5.02,5.33,4.9,4.72,5.13,40.0,0,0,0,0,0,48.4,3.0,37.5,33.5,0,Low,Below-Average
862,Female,Mumbai,Tier3,EE,AI,Yes,No,4.27,4.69,4.93,4.18,4.26,4.65,4.27,5.2,4.48,78.8,1,1,1,2,1,43.1,3.0,41.1,34.9,0,Low,Below-Average
863,Female,Kolkata,Tier3,ECE,AI,Yes,Yes,5.3,5.93,6.4,6.64,5.78,5.52,5.88,6.14,6.05,58.5,1,2,1,1,0,47.5,2.4,29.5,33.4,1,Low,Below-Average
864,Male,Ahmedabad,Tier2,ECE,AI,No,Yes,7.07,7.52,7.87,7.81,7.2,7.62,6.94,7.84,7.45,79.6,2,2,2,1,1,66.1,3.2,58.4,70.5,1,Mid,Average
865,Male,Chennai,Tier1,IT,Embedded,Yes,No,8.68,8.62,9.13,8.95,8.7,9.05,8.8,8.89,8.92,81.1,2,2,3,2,2,76.3,3.7,71.6,75.2,1,High,High-Achiever
866,Female,Kochi,Tier2,Mechanical,DataScience,No,Yes,4.9,4.68,4.81,5.19,5.34,4.0,4.33,4.96,4.77,65.8,0,4,1,4,1,58.7,2.1,91.0,57.9,0,Low,Specialist
867,Male,Bangalore,Tier3,ECE,AI,No,Yes,5.67,5.08,6.21,5.65,5.06,5.43,5.82,5.91,5.71,53.3,0,1,1,0,0,39.0,2.7,46.2,64.0,1,Low,Below-Average
868,Female,Mumbai,Tier3,CS,Embedded,Yes,Yes,6.39,6.13,5.61,6.07,6.42,5.99,5.99,5.89,5.97,74.7,0,2,1,2,1,69.1,3.3,39.2,43.9,1,Low,Below-Average
869,Female,Kolkata,Tier1,IT,AI,No,Yes,7.62,7.26,8.05,7.99,7.78,7.73,7.44,8.75,7.98,85.1,3,2,3,3,2,86.4,3.6,81.3,82.9,0,Mid,High-Achiever
870,Female,Kolkata,Tier1,ECE,DataScience,No,No,8.19,8.8,8.5,8.21,8.63,8.41,9.0,8.0,8.5,91.8,2,3,3,3,0,81.6,4.3,87.3,81.6,1,High,High-Achiever
871,Female,Pune,Tier3,Mechanical,Embedded,No,No,5.28,5.67,5.66,5.28,5.4,5.41,5.59,5.56,5.42,53.5,0,1,1,1,0,58.5,3.3,30.6,38.1,1,Low,Below-Average
872,Male,Ahmedabad,Tier1,Civil,DataScience,No,No,9.79,8.94,9.28,9.5,9.4,8.52,9.88,9.39,9.42,85.7,2,3,2,5,1,68.1,3.5,83.4,85.4,1,High,High-Achiever
873,Female,Kolkata,Tier2,CS,Embedded,Yes,Yes,8.26,7.83,7.4,7.66,7.77,7.91,7.36,7.61,7.54,67.8,1,1,1,0,0,34.4,3.0,90.6,44.8,0,Mid,Specialist
874,Female,Delhi,Tier2,CS,AI,Yes,No,5.97,5.94,6.38,5.69,5.72,5.87,5.16,6.11,6.0,85.3,1,0,1,2,0,61.8,4.3,44.0,72.7,0,Low,Average
875,Male,Delhi,Tier3,EE,Networking,Yes,Yes,6.69,6.76,7.28,7.49,7.56,7.24,6.63,6.56,7.25,41.1,0,2,1,1,0,35.6,3.1,48.8,38.1,0,Mid,Below-Average
876,Female,Chennai,Tier3,Civil,Networking,Yes,Yes,5.3,5.12,4.7,4.98,4.8,5.43,5.31,4.38,4.86,46.8,1,1,0,1,0,45.9,1.7,25.3,39.2,0,Low,Below-Average
877,Male,Pune,Tier2,IT,AI,Yes,Yes,7.88,8.02,7.35,7.33,7.69,7.18,7.09,7.36,7.59,59.4,1,3,2,2,0,66.6,3.8,58.9,53.3,1,Mid,Average
878,Female,Ahmedabad,Tier2,EE,AI,No,No,7.94,7.34,7.81,6.83,8.42,7.21,7.26,7.25,7.58,66.3,3,3,1,2,0,72.4,3.1,49.5,54.6,1,Mid,Average
879,Male,Kochi,Tier2,Mechanical,DataScience,Yes,Yes,6.27,6.4,7.3,6.24,5.49,6.51,6.24,6.13,6.4,68.5,0,3,2,2,1,55.9,3.8,72.9,58.6,1,Low,Average
880,Female,Hyderabad,Tier2,CS,DataScience,Yes,No,7.66,6.99,7.49,7.07,7.24,7.08,7.08,7.31,7.3,62.1,2,2,2,2,0,68.2,3.2,49.6,42.5,0,Mid,Average
881,Male,Kochi,Tier2,ECE,DataScience,Yes,No,6.67,6.18,7.1,7.63,7.12,6.69,7.17,6.69,6.94,69.1,2,2,2,1,0,65.1,3.5,45.1,60.1,1,Mid,Average
882,Female,Bangalore,Tier2,CS,DataScience,No,No,7.46,7.41,6.91,7.39,7.86,7.32,7.23,7.4,7.33,58.9,1,3,1,2,0,67.8,3.2,61.2,57.9,0,Mid,Average
883,Male,Mumbai,Tier2,Civil,AI,Yes,No,6.07,6.39,6.19,5.84,5.76,5.71,5.8,6.06,6.18,60.8,1,3,2,3,1,54.8,3.2,81.7,64.5,1,Low,Specialist
884,Male,Chennai,Tier2,CS,Embedded,No,No,7.72,7.87,7.59,7.65,7.65,7.25,7.33,7.67,7.72,84.6,0,4,2,1,1,76.1,3.2,46.5,65.4,0,Mid,Average
885,Female,Delhi,Tier1,CS,AI,No,No,8.36,8.41,8.72,8.11,8.48,8.29,8.65,7.96,8.54,90.0,2,2,1,4,0,79.4,4.1,85.7,73.0,1,High,High-Achiever
886,Male,Bangalore,Tier2,Mechanical,Networking,No,No,6.77,7.25,6.52,6.46,6.81,7.21,7.51,6.99,6.9,76.5,1,1,3,3,0,79.2,2.9,42.1,58.3,1,Mid,Average
887,Female,Chennai,Tier2,CS,AI,Yes,No,7.04,7.13,8.21,7.64,7.64,7.44,7.21,8.04,7.66,67.0,1,3,3,2,0,58.7,3.7,50.7,60.1,0,Mid,Average
888,Male,Ahmedabad,Tier1,IT,Networking,No,No,8.29,9.31,9.07,8.12,8.76,8.69,9.15,8.92,8.79,80.3,1,3,3,4,2,84.5,4.3,78.0,88.4,1,High,High-Achiever
889,Female,Mumbai,Tier1,EE,Networking,Yes,No,9.62,8.57,8.66,8.42,8.34,8.63,9.37,8.48,8.87,82.3,4,5,3,3,1,79.6,3.6,87.6,72.2,1,High,High-Achiever
890,Male,Kolkata,Tier3,EE,Networking,No,Yes,4.6,4.83,5.12,5.39,5.11,5.47,5.01,4.83,5.03,59.6,0,2,1,1,0,45.1,3.4,55.0,36.8,1,Low,Below-Average
891,Male,Kolkata,Tier2,Civil,Networking,No,No,6.15,6.44,6.32,6.58,6.65,6.59,6.49,5.89,6.37,81.9,1,3,1,3,0,70.1,3.4,69.9,53.0,1,Low,Average
892,Female,Hyderabad,Tier2,Civil,Embedded,No,No,5.76,5.09,5.97,5.73,5.82,5.82,5.97,5.09,5.55,78.1,1,3,1,3,1,57.0,3.3,83.8,37.2,1,Low,Specialist
893,Male,Kochi,Tier1,Civil,Networking,No,No,8.83,7.65,7.69,7.7,8.62,8.33,7.53,8.18,8.19,91.2,2,3,3,3,1,64.0,4.5,65.0,80.1,1,High,High-Achiever
894,Male,Hyderabad,Tier1,Civil,AI,No,No,8.63,8.7,8.91,8.07,9.31,8.93,8.75,9.13,8.89,84.3,2,2,2,3,1,61.6,4.3,84.7,79.4,0,High,High-Achiever
895,Male,Jaipur,Tier3,EE,DataScience,No,Yes,6.22,5.99,5.64,6.13,6.2,6.01,5.94,6.29,6.18,60.2,0,2,0,1,0,59.5,3.5,56.7,56.8,0,Low,Below-Average
896,Male,Chennai,Tier3,Civil,Embedded,No,Yes,5.38,4.54,5.84,4.33,5.65,5.35,4.85,4.97,5.39,56.8,0,0,0,1,0,59.1,2.6,54.3,54.4,1,Low,Below-Average
897,Female,Pune,Tier1,Mechanical,DataScience,No,No,9.03,9.61,9.36,9.28,9.79,9.24,8.78,9.34,9.22,87.0,3,5,3,3,1,91.3,4.6,85.2,94.8,0,High,High-Achiever
898,Male,Kochi,Tier1,EE,DataScience,No,No,9.03,8.97,8.98,8.61,8.99,9.38,8.7,9.0,9.18,98.2,2,4,2,3,3,79.9,4.2,73.7,77.5,1,High,High-Achiever
899,Male,Pune,Tier1,Civil,AI,Yes,No,8.48,8.97,8.11,8.88,8.8,8.66,8.67,8.74,8.62,79.2,3,3,2,4,1,72.2,4.4,78.3,76.2,1,High,High-Achiever
900,Female,Chennai,Tier2,CS,Embedded,No,No,6.45,6.67,6.82,6.35,6.64,6.85,6.35,6.13,6.51,73.1,1,2,1,1,1,61.6,3.7,77.4,51.6,0,Mid,Average
901,Female,Ahmedabad,Tier2,ECE,AI,No,No,7.67,8.03,7.23,8.06,8.27,7.9,7.88,8.15,7.95,84.7,1,2,1,1,1,65.1,4.1,47.2,67.6,0,Mid,Average
902,Male,Pune,Tier1,ECE,Networking,No,No,8.84,8.19,8.53,8.12,8.21,8.36,8.9,8.63,8.47,80.7,2,3,1,2,2,74.0,4.5,74.0,78.8,0,High,High-Achiever
903,Male,Pune,Tier1,EE,AI,No,Yes,8.79,8.82,8.44,8.65,7.71,8.03,8.5,8.16,8.56,84.8,3,5,2,2,1,89.9,4.0,88.6,82.6,0,High,High-Achiever
904,Female,Hyderabad,Tier2,ECE,Embedded,Yes,Yes,6.64,6.57,6.55,6.52,6.74,6.51,6.78,7.6,6.8,70.8,1,3,2,3,1,82.9,3.2,56.1,52.9,0,Mid,Average
905,Female,Chennai,Tier2,ECE,Embedded,No,Yes,5.4,5.29,5.2,5.28,5.15,4.79,5.54,5.23,5.29,68.0,1,3,2,3,0,64.8,3.2,75.5,59.2,1,Low,Specialist
906,Female,Ahmedabad,Tier3,Civil,AI,No,Yes,4.46,4.43,4.15,5.0,4.05,4.55,4.42,4.56,4.47,44.0,0,1,1,1,1,47.9,2.3,57.3,46.1,1,Low,Below-Average
907,Male,Jaipur,Tier2,Mechanical,AI,No,No,7.4,8.46,7.26,8.05,7.58,7.24,7.41,7.35,7.38,79.8,1,3,2,2,1,54.6,3.0,64.1,63.1,1,Mid,Average
908,Male,Pune,Tier1,Mechanical,AI,Yes,No,7.9,7.77,8.52,8.56,8.22,8.1,8.11,8.51,8.11,91.3,2,2,2,3,0,89.3,3.3,79.3,73.2,0,High,High-Achiever
909,Male,Delhi,Tier1,ECE,Networking,No,No,10.0,8.99,9.83,9.91,9.82,10.0,9.71,9.67,10.0,90.5,2,4,2,2,1,80.5,3.6,74.0,86.3,1,High,High-Achiever
910,Male,Mumbai,Tier1,IT,Networking,No,No,7.72,7.83,8.25,8.04,8.09,8.44,8.3,7.86,7.96,83.6,2,4,3,5,2,78.3,5.0,96.3,92.4,0,Mid,High-Achiever
911,Female,Chennai,Tier3,EE,AI,No,Yes,4.22,4.2,4.84,4.41,4.77,4.89,4.0,4.0,4.62,60.9,1,0,1,2,0,52.3,2.4,41.8,32.9,1,Low,Below-Average
912,Male,Chennai,Tier3,ECE,AI,Yes,Yes,6.53,5.61,6.32,6.2,4.75,5.67,6.19,6.13,5.86,51.0,1,2,1,1,0,42.7,3.9,56.0,51.2,1,Low,Below-Average
913,Male,Hyderabad,Tier2,EE,Networking,No,No,7.16,6.82,7.31,7.53,7.0,6.58,6.49,6.94,7.22,67.0,2,2,2,1,1,61.5,3.5,92.1,20.5,0,Mid,Specialist
914,Male,Chennai,Tier2,IT,Networking,Yes,No,6.31,5.57,5.69,6.32,6.35,6.45,5.57,6.08,6.05,89.4,1,2,2,2,0,45.6,3.2,80.8,63.0,1,Low,Specialist
915,Male,Hyderabad,Tier2,CS,Networking,Yes,Yes,5.96,6.16,6.03,6.74,5.87,5.88,6.08,6.24,6.46,70.9,1,3,1,1,0,70.9,2.1,80.9,32.6,1,Low,Specialist
916,Male,Kochi,Tier2,ECE,DataScience,No,Yes,4.24,4.57,4.49,4.57,4.77,4.67,4.53,4.45,4.53,59.3,0,1,2,2,0,59.0,3.2,96.6,48.7,0,Low,Specialist
917,Male,Ahmedabad,Tier1,Mechanical,Embedded,No,No,8.18,8.1,8.05,8.04,8.48,8.05,7.9,7.93,8.16,88.9,3,4,4,3,3,87.0,5.0,92.2,68.8,0,High,High-Achiever
918,Female,Pune,Tier1,CS,Embedded,No,No,8.3,8.15,8.26,7.36,7.81,7.86,7.65,7.61,7.96,81.2,1,2,3,3,0,78.8,4.8,68.9,76.5,1,Mid,High-Achiever
919,Female,Chennai,Tier2,CS,Embedded,No,No,5.96,6.07,5.9,6.19,5.52,5.62,6.18,5.76,5.86,65.4,0,2,2,1,0,63.9,3.6,64.9,68.7,0,Low,Average
920,Male,Ahmedabad,Tier2,Civil,DataScience,Yes,No,7.01,7.66,6.66,7.6,6.92,6.99,6.69,7.13,7.07,66.7,1,2,1,4,1,55.3,2.9,58.9,47.1,1,Mid,Average
921,Male,Delhi,Tier1,ECE,Networking,No,No,7.49,7.06,7.43,7.24,7.31,6.76,6.59,7.15,7.38,85.8,2,3,3,3,1,84.6,3.8,74.8,75.5,0,Mid,High-Achiever
922,Male,Mumbai,Tier3,EE,Networking,Yes,Yes,4.88,5.05,5.26,4.61,4.95,4.54,4.36,4.3,4.57,69.4,0,1,1,1,0,40.1,2.3,44.6,38.9,0,Low,Below-Average
923,Female,Delhi,Tier2,Mechanical,AI,No,Yes,7.36,6.76,6.99,6.26,6.28,7.05,7.27,6.76,6.68,79.6,1,2,1,1,0,61.1,4.1,47.9,74.6,1,Mid,Average
924,Female,Kochi,Tier2,EE,Embedded,No,No,6.47,6.36,6.7,6.29,6.55,5.75,6.07,6.71,6.5,79.2,2,3,2,1,1,65.0,4.3,55.8,65.5,1,Mid,Average
925,Male,Kolkata,Tier1,Civil,DataScience,No,No,8.83,8.9,9.85,8.75,8.08,8.57,8.52,8.87,8.7,82.5,2,4,3,3,1,80.7,4.3,76.4,69.8,1,High,High-Achiever
926,Female,Mumbai,Tier1,IT,Networking,No,No,8.34,8.58,8.22,8.26,7.71,8.63,8.18,8.9,8.65,85.3,2,4,3,3,0,69.8,4.1,78.5,74.7,1,High,High-Achiever
927,Female,Delhi,Tier1,Mechanical,Networking,No,No,8.68,8.9,8.18,8.75,8.93,9.16,9.11,9.28,8.95,89.4,2,4,3,4,2,78.6,4.8,81.5,88.9,1,High,High-Achiever
928,Female,Jaipur,Tier3,ECE,AI,No,Yes,5.82,6.01,5.67,6.21,5.84,5.93,6.3,5.76,6.03,53.7,1,1,1,1,0,55.2,2.2,31.8,51.1,1,Low,Below-Average
929,Female,Chennai,Tier2,CS,Embedded,Yes,No,7.86,8.23,8.17,7.61,7.37,7.7,7.29,7.88,7.68,72.8,2,2,1,2,1,62.0,3.5,74.2,54.7,1,Mid,Average
930,Female,Mumbai,Tier3,ECE,Networking,Yes,Yes,4.98,4.7,5.79,5.29,5.39,6.1,5.4,5.96,5.5,64.4,0,1,1,1,0,46.0,3.1,46.9,41.3,1,Low,Below-Average
931,Female,Chennai,Tier1,EE,DataScience,No,Yes,9.06,8.6,8.1,8.46,8.56,8.81,8.73,8.16,8.65,86.3,3,3,3,4,1,81.0,3.9,94.6,76.4,0,High,High-Achiever
932,Female,Bangalore,Tier2,CS,AI,No,Yes,8.08,7.61,7.15,7.01,7.29,6.64,7.61,7.22,7.31,76.8,1,3,1,2,0,64.0,3.2,58.6,57.7,1,Mid,Average
933,Male,Chennai,Tier2,ECE,Embedded,No,Yes,7.15,7.25,6.53,6.95,6.45,7.09,6.89,6.87,7.08,87.7,1,2,1,3,0,56.8,3.1,55.1,48.3,1,Mid,Average
934,Female,Jaipur,Tier3,CS,DataScience,No,Yes,5.0,4.82,5.28,5.31,5.36,5.06,4.9,5.71,5.22,58.3,0,1,0,1,0,47.7,3.7,59.6,37.2,1,Low,Below-Average
935,Female,Chennai,Tier3,EE,DataScience,Yes,Yes,5.09,4.83,5.82,4.93,5.75,4.93,5.5,6.05,5.27,71.8,1,0,1,0,0,56.9,3.9,36.2,57.9,0,Low,Below-Average
936,Male,Jaipur,Tier1,EE,Embedded,No,No,7.79,8.18,8.73,8.33,8.09,8.51,8.15,8.26,8.09,90.8,4,4,3,3,0,73.7,4.2,80.8,75.3,1,High,High-Achiever
937,Female,Pune,Tier2,CS,DataScience,No,No,6.18,6.06,6.76,6.31,7.16,6.44,6.64,6.62,6.34,56.8,1,2,1,1,1,56.3,3.0,90.8,53.8,0,Low,Specialist
938,Male,Chennai,Tier1,EE,Embedded,Yes,No,8.68,9.04,8.13,8.72,8.41,8.27,8.45,9.09,8.45,82.5,2,3,3,3,1,71.7,4.0,73.3,79.0,0,High,High-Achiever
939,Female,Kochi,Tier3,IT,Networking,Yes,No,5.06,5.1,5.0,4.91,5.32,5.07,5.17,5.22,5.04,51.7,0,2,1,0,0,56.5,2.8,49.1,66.2,0,Low,Below-Average
940,Female,Hyderabad,Tier1,EE,Networking,Yes,No,8.26,7.74,8.31,7.97,8.3,7.79,8.15,8.55,8.17,83.7,1,4,2,3,1,79.4,4.0,86.1,78.1,0,High,High-Achiever
941,Male,Kochi,Tier1,IT,Networking,Yes,No,7.98,7.05,8.72,7.29,7.64,7.62,7.68,7.48,7.89,87.5,3,4,3,4,1,74.9,4.2,90.9,85.7,1,Mid,High-Achiever
942,Male,Hyderabad,Tier3,Civil,Embedded,No,Yes,6.04,5.89,5.81,6.32,5.92,6.12,6.71,6.12,6.19,66.1,1,1,0,2,0,48.8,3.0,50.9,38.0,1,Low,Below-Average
943,Female,Bangalore,Tier1,EE,Embedded,Yes,No,8.7,8.66,8.97,8.5,8.35,8.86,8.24,7.8,8.54,94.3,1,3,2,4,2,72.8,4.0,91.1,76.2,0,High,High-Achiever
944,Female,Ahmedabad,Tier2,Civil,Embedded,No,No,6.69,6.8,6.85,6.5,6.22,5.86,7.61,5.96,6.48,77.5,0,2,1,0,1,56.7,3.4,59.0,62.1,1,Low,Average
945,Female,Mumbai,Tier2,CS,Networking,Yes,No,7.57,7.17,7.75,7.95,6.59,8.08,7.73,6.82,7.49,71.4,1,3,2,1,2,53.3,3.4,52.2,55.8,1,Mid,Average
946,Male,Kolkata,Tier1,Civil,AI,No,No,7.6,8.48,8.3,8.3,7.7,8.41,7.8,7.64,8.22,77.6,3,4,3,5,2,73.6,4.1,96.8,76.6,0,High,High-Achiever
947,Female,Jaipur,Tier3,CS,AI,No,No,4.52,4.29,5.02,4.0,4.72,4.0,4.53,4.53,4.52,60.7,0,1,0,1,0,60.2,2.5,26.7,52.9,1,Low,Below-Average
948,Female,Kolkata,Tier3,CS,AI,No,No,6.64,6.53,6.45,6.67,6.15,5.41,6.46,6.39,6.21,60.3,1,2,1,1,0,41.4,3.3,27.7,36.0,0,Low,Below-Average
949,Female,Delhi,Tier3,IT,Embedded,No,Yes,5.2,5.3,5.07,5.48,4.07,5.4,5.17,4.96,5.12,61.8,0,1,1,1,0,52.2,1.7,47.7,44.0,1,Low,Below-Average
950,Female,Kochi,Tier2,IT,AI,Yes,No,5.71,7.08,7.2,6.99,6.35,6.26,7.19,7.02,6.75,91.8,0,1,2,2,1,58.3,4.3,74.6,67.7,0,Mid,Average
951,Female,Mumbai,Tier2,Civil,DataScience,No,No,6.83,7.4,7.11,7.32,7.33,7.29,6.79,7.14,7.02,84.9,1,0,1,0,0,71.1,3.6,61.7,55.4,1,Mid,Average
952,Male,Kolkata,Tier1,Mechanical,DataScience,Yes,No,9.87,9.22,9.14,9.26,9.21,9.33,8.56,8.93,9.07,91.9,3,2,3,2,1,73.8,4.4,89.0,85.7,0,High,High-Achiever
953,Male,Kochi,Tier1,CS,Networking,No,Yes,8.58,8.45,7.87,8.59,8.72,8.77,7.97,8.47,8.51,83.2,1,3,2,3,0,80.2,4.5,68.0,78.5,1,High,High-Achiever
954,Male,Jaipur,Tier1,Civil,DataScience,Yes,No,7.25,6.89,7.81,7.15,7.77,7.85,8.3,7.36,7.9,85.4,2,3,3,2,1,80.3,3.9,78.5,76.8,0,Mid,High-Achiever
955,Female,Delhi,Tier2,IT,Networking,No,No,6.46,6.48,6.62,6.57,6.56,6.85,6.66,6.77,6.44,69.1,2,3,2,1,0,83.3,2.6,70.0,30.9,0,Low,Specialist
956,Male,Mumbai,Tier3,Civil,DataScience,No,Yes,5.54,5.35,5.41,4.77,4.88,4.98,5.42,4.62,5.16,52.2,1,1,1,2,0,53.7,2.2,49.8,40.3,1,Low,Below-Average
957,Female,Bangalore,Tier3,IT,Networking,Yes,No,6.27,6.32,6.55,7.73,6.82,6.92,6.52,6.32,6.82,65.0,0,2,2,1,0,42.7,2.7,26.5,47.7,1,Mid,Below-Average
958,Female,Pune,Tier2,Mechanical,Networking,No,No,6.85,6.18,7.73,7.2,6.93,6.99,6.98,7.35,7.0,77.9,2,2,2,2,1,70.5,3.8,48.5,76.0,0,Mid,Average
959,Female,Bangalore,Tier2,EE,Networking,No,No,5.86,5.86,4.66,5.59,6.43,5.6,5.71,5.06,5.66,66.3,2,2,2,2,1,82.1,3.2,64.6,66.5,0,Low,Average
960,Female,Ahmedabad,Tier2,Civil,Networking,Yes,No,7.69,7.28,7.36,6.85,7.48,7.92,6.79,7.37,7.21,84.6,1,1,3,2,0,52.0,3.8,69.6,71.0,1,Mid,Average
961,Male,Hyderabad,Tier2,EE,AI,Yes,No,8.06,8.17,8.02,8.11,8.31,8.04,8.08,7.72,8.17,75.8,1,3,1,1,0,58.3,2.3,58.6,52.3,0,High,Average
962,Female,Bangalore,Tier2,CS,DataScience,Yes,No,8.69,7.23,8.45,8.02,7.81,8.23,7.72,7.78,7.95,61.2,1,1,1,3,0,63.1,3.3,65.1,61.0,1,Mid,Average
963,Female,Mumbai,Tier1,Civil,Networking,Yes,No,9.0,8.47,9.42,9.47,9.7,8.97,9.08,9.2,9.42,87.7,2,4,1,3,2,77.5,4.7,85.8,86.5,1,High,High-Achiever
964,Male,Bangalore,Tier1,ECE,DataScience,No,No,7.13,8.37,8.04,8.21,7.68,8.24,8.04,8.23,7.99,89.4,1,3,3,2,2,78.0,4.1,80.5,71.8,1,Mid,High-Achiever
965,Male,Chennai,Tier2,Civil,Embedded,No,Yes,6.72,6.57,6.19,6.85,6.71,7.09,6.92,6.53,6.73,78.8,2,3,0,2,1,47.0,2.6,76.2,66.6,0,Mid,Specialist
966,Female,Pune,Tier2,CS,Networking,Yes,No,6.57,6.58,6.72,6.7,7.15,6.87,6.29,6.48,6.57,72.3,3,2,0,2,0,76.2,3.2,65.1,67.9,1,Mid,Average
967,Female,Kochi,Tier2,Civil,Embedded,No,No,6.64,5.79,6.86,5.76,6.5,6.39,5.96,5.58,6.18,77.5,1,3,0,2,0,45.8,1.1,89.9,58.3,0,Low,Specialist
968,Female,Bangalore,Tier1,IT,Networking,No,No,7.83,7.19,7.5,8.42,7.94,7.95,8.01,7.68,7.86,88.9,2,3,1,3,1,78.8,3.8,88.3,75.7,0,Mid,High-Achiever
969,Female,Mumbai,Tier2,Civil,Embedded,No,No,6.62,6.6,6.37,7.07,7.01,6.61,6.19,7.11,6.61,64.5,2,3,2,2,0,73.4,4.0,62.8,54.1,0,Mid,Average
970,Male,Ahmedabad,Tier1,Mechanical,Embedded,Yes,No,8.56,8.01,8.31,8.22,7.85,8.44,8.15,8.33,8.16,80.9,4,4,2,3,2,79.8,4.0,73.8,90.4,1,High,High-Achiever
971,Female,Kolkata,Tier1,Civil,Embedded,No,No,9.09,8.58,8.68,8.98,8.63,9.68,9.31,8.95,8.95,93.6,3,5,1,3,2,74.1,4.0,86.8,82.4,0,High,High-Achiever
972,Female,Pune,Tier1,IT,DataScience,No,No,8.61,8.6,8.45,8.77,8.31,9.12,8.7,8.54,8.9,94.0,1,4,2,3,2,71.9,3.3,82.0,80.4,1,High,High-Achiever
973,Male,Delhi,Tier1,Mechanical,Embedded,Yes,No,8.41,9.24,8.78,8.74,8.35,8.52,8.38,8.58,8.64,89.6,2,4,3,1,1,78.6,3.5,78.6,75.1,1,High,High-Achiever
974,Female,Mumbai,Tier2,Mechanical,Networking,Yes,No,4.34,4.85,5.41,4.05,5.57,4.5,5.44,4.75,4.92,83.5,1,2,0,3,0,52.4,4.0,82.6,55.5,0,Low,Specialist
975,Male,Kolkata,Tier2,Civil,Embedded,No,No,6.71,7.1,7.08,6.49,6.58,6.71,7.09,6.83,6.81,83.5,1,3,1,2,0,66.6,3.8,53.8,63.3,1,Mid,Average
976,Female,Jaipur,Tier2,Mechanical,DataScience,Yes,No,6.3,6.59,6.41,7.0,6.23,6.59,6.57,6.47,6.55,80.5,3,1,1,1,0,53.8,2.9,68.0,65.2,1,Mid,Average
977,Male,Hyderabad,Tier2,CS,AI,No,No,6.64,7.48,7.75,7.95,7.35,8.06,8.39,7.56,7.52,67.7,3,2,1,2,0,71.5,3.2,47.2,67.9,0,Mid,Average
978,Male,Pune,Tier2,Civil,Embedded,No,No,7.25,7.89,7.84,7.71,7.58,7.71,7.44,7.5,7.71,88.9,1,2,1,2,1,65.9,3.5,51.1,55.7,1,Mid,Average
979,Male,Pune,Tier2,IT,AI,No,No,7.2,7.89,7.62,7.25,8.19,7.97,7.45,6.88,7.63,79.3,1,2,2,3,1,66.5,2.9,57.0,50.3,0,Mid,Average
980,Male,Delhi,Tier1,Civil,Embedded,No,No,7.9,8.16,8.07,8.22,7.79,8.2,8.03,8.24,8.12,86.1,2,4,4,3,2,88.6,3.4,93.3,78.6,1,High,High-Achiever
981,Male,Delhi,Tier2,Mechanical,DataScience,No,Yes,4.0,4.1,4.0,4.02,4.36,4.18,4.7,4.0,4.0,64.0,1,3,1,2,1,55.6,3.1,93.4,34.0,0,Low,Specialist
982,Male,Bangalore,Tier3,Mechanical,AI,No,Yes,4.0,4.11,4.41,4.37,4.0,4.08,4.15,4.19,4.26,62.6,0,1,0,1,0,41.5,3.1,25.6,40.8,0,Low,Below-Average
983,Male,Kochi,Tier3,EE,AI,No,Yes,6.69,7.0,6.89,6.15,5.62,6.48,6.21,6.72,6.5,43.3,1,2,1,1,1,43.1,3.2,55.5,38.9,0,Low,Below-Average
984,Male,Kochi,Tier2,Mechanical,DataScience,Yes,No,6.4,5.93,7.5,6.56,6.8,6.73,6.74,6.91,6.76,80.6,0,2,2,2,0,63.5,3.9,72.1,65.9,0,Mid,Average
985,Male,Bangalore,Tier1,EE,AI,Yes,No,7.99,8.17,7.26,8.4,7.56,8.52,8.82,7.78,8.12,83.2,0,6,2,3,1,79.5,3.6,73.8,91.9,0,High,High-Achiever
986,Female,Kolkata,Tier2,Mechanical,DataScience,No,Yes,6.8,7.67,7.24,7.95,7.02,7.4,7.28,6.96,7.31,73.3,0,3,2,3,1,51.7,3.2,64.8,31.7,1,Mid,Specialist
987,Male,Delhi,Tier2,Civil,DataScience,Yes,No,8.48,7.64,7.63,7.46,7.06,7.39,7.58,7.54,7.76,70.8,0,3,3,1,1,48.8,3.4,59.4,80.2,1,Mid,Average
988,Male,Delhi,Tier1,IT,DataScience,Yes,No,8.71,8.25,8.63,8.19,8.41,8.51,8.66,8.02,8.51,86.7,2,3,1,4,0,76.6,4.2,89.9,76.4,0,High,High-Achiever
989,Male,Delhi,Tier2,Mechanical,AI,No,No,6.48,7.01,6.07,7.17,7.17,7.82,6.19,6.23,6.82,68.9,1,3,1,2,0,67.9,3.4,74.3,64.8,1,Mid,Average
990,Male,Bangalore,Tier3,Mechanical,Networking,No,Yes,5.57,4.84,4.49,5.13,4.92,5.2,4.94,5.12,5.41,58.4,0,1,2,1,0,49.2,2.4,33.3,29.9,0,Low,Below-Average
991,Female,Chennai,Tier2,EE,AI,No,No,7.09,7.64,7.38,6.76,7.24,7.69,6.43,6.87,7.14,90.1,0,2,1,1,1,74.6,2.0,75.8,70.0,0,Mid,Average
992,Male,Pune,Tier3,Civil,DataScience,No,Yes,6.28,7.06,6.66,6.52,7.01,5.29,6.62,6.84,6.62,73.9,0,1,1,1,0,65.6,3.5,19.7,44.4,1,Mid,Below-Average
993,Male,Kolkata,Tier3,Civil,Embedded,Yes,Yes,5.81,6.12,5.19,6.44,6.03,5.61,5.63,5.68,5.8,63.5,0,1,1,1,0,54.8,3.0,38.3,43.4,0,Low,Below-Average
994,Male,Hyderabad,Tier1,ECE,DataScience,Yes,No,8.82,8.97,9.27,8.74,8.35,9.16,7.68,9.19,8.86,87.9,2,3,3,3,0,88.3,3.6,79.1,64.4,1,High,High-Achiever
995,Female,Hyderabad,Tier2,CS,Networking,No,No,7.0,7.06,7.95,6.56,6.79,7.44,7.13,6.85,6.94,77.6,1,2,3,1,1,67.7,3.5,94.2,55.9,0,Mid,Specialist
996,Male,Delhi,Tier2,CS,AI,Yes,Yes,6.36,7.06,6.07,6.07,6.04,6.11,6.47,6.46,6.3,84.0,2,2,2,2,0,78.7,3.3,71.7,68.8,0,Low,Average
997,Female,Ahmedabad,Tier2,EE,DataScience,Yes,No,7.24,7.45,7.02,7.18,7.11,7.45,7.18,7.4,7.45,68.4,0,3,0,0,0,79.8,3.3,68.6,60.1,1,Mid,Average
998,Male,Ahmedabad,Tier1,ECE,Embedded,Yes,Yes,7.64,9.06,8.57,7.78,8.86,8.48,7.76,8.98,8.35,87.6,2,4,2,2,1,85.7,3.9,72.5,86.2,0,High,High-Achiever
999,Male,Chennai,Tier2,IT,DataScience,Yes,Yes,4.14,4.3,4.0,4.0,4.0,4.99,4.41,4.0,4.0,53.6,1,1,3,1,1,67.1,3.6,91.9,68.6,0,Low,Specialist
1000,Female,Delhi,Tier1,CS,DataScience,No,No,6.75,8.07,6.92,7.61,7.52,7.59,7.56,6.57,7.44,93.6,3,4,1,4,1,78.8,3.9,85.6,73.5,1,Mid,High-Achiever
1001,Female,Chennai,Tier1,IT,DataScience,Yes,No,8.01,7.75,7.78,8.06,7.63,8.25,8.2,8.27,7.99,98.3,2,3,3,3,1,79.8,3.8,70.3,89.2,1,Mid,High-Achiever
1002,Male,Hyderabad,Tier2,EE,DataScience,No,No,7.26,6.7,6.87,6.81,8.21,7.1,7.41,7.25,7.32,75.6,2,3,0,2,1,62.3,4.1,41.4,62.4,1,Mid,Average
1003,Male,Bangalore,Tier1,Mechanical,AI,No,Yes,8.36,8.38,8.31,8.79,7.93,8.68,8.63,8.66,8.56,77.4,1,4,1,4,3,83.7,4.1,89.3,78.3,1,High,High-Achiever
1004,Male,Jaipur,Tier1,Civil,DataScience,Yes,No,8.4,8.35,8.19,8.38,8.4,8.32,8.95,9.19,8.59,91.0,2,4,3,3,2,75.7,4.1,80.7,78.7,0,High,High-Achiever
1005,Male,Hyderabad,Tier2,EE,DataScience,Yes,Yes,8.23,7.41,8.31,7.49,7.86,8.01,8.04,7.98,8.17,67.8,1,4,2,2,0,63.5,3.8,48.4,62.6,1,High,Average
1006,Male,Kochi,Tier2,CS,DataScience,Yes,No,6.22,6.2,6.85,6.93,5.72,6.36,6.58,5.75,6.24,69.7,0,1,1,2,0,46.2,3.2,58.1,41.0,1,Low,Average
1007,Female,Kochi,Tier2,Mechanical,DataScience,No,Yes,6.44,6.03,6.26,5.36,6.18,5.88,6.17,5.72,5.98,75.6,1,3,1,2,0,77.2,2.9,87.9,52.8,1,Low,Specialist
1008,Male,Ahmedabad,Tier2,ECE,DataScience,Yes,No,7.09,7.41,7.22,7.27,6.78,7.4,6.79,7.41,7.18,77.0,3,3,0,3,1,63.2,3.7,59.3,51.1,0,Mid,Average
1009,Female,Mumbai,Tier3,CS,AI,No,No,4.82,5.21,4.68,4.76,4.84,5.11,4.83,4.89,4.98,55.1,0,1,1,2,0,52.1,1.9,26.5,60.3,1,Low,Below-Average
1010,Male,Kochi,Tier2,Mechanical,Embedded,No,No,6.96,6.64,6.72,7.06,7.38,6.74,7.02,7.4,7.02,69.8,1,1,1,1,0,76.7,3.6,77.0,74.7,1,Mid,Average
1011,Female,Hyderabad,Tier3,Civil,DataScience,No,Yes,4.37,4.0,4.0,4.0,4.07,4.47,4.83,4.53,4.38,61.3,0,1,0,1,1,50.7,2.3,52.0,52.5,1,Low,Below-Average
1012,Female,Delhi,Tier2,Civil,Embedded,No,No,8.5,7.78,8.17,7.45,7.3,7.34,7.62,7.53,7.85,71.7,0,2,2,2,0,76.6,3.9,57.0,60.1,1,Mid,Average
1013,Male,Ahmedabad,Tier2,Mechanical,Networking,Yes,No,6.97,6.73,6.07,6.95,6.45,5.89,6.38,6.41,6.59,66.1,1,1,2,2,0,55.1,3.8,57.3,53.9,0,Mid,Average
1014,Male,Ahmedabad,Tier2,IT,DataScience,Yes,Yes,7.18,7.84,7.63,8.03,7.77,7.46,7.68,7.11,7.63,67.0,1,3,1,2,2,84.0,3.5,87.9,47.1,1,Mid,Specialist
1015,Male,Delhi,Tier2,ECE,DataScience,Yes,No,7.02,7.0,6.92,7.02,6.93,7.08,6.9,7.21,6.98,77.7,1,1,2,2,1,73.7,2.7,49.8,77.5,1,Mid,Average
1016,Female,Mumbai,Tier1,EE,DataScience,No,No,9.31,9.26,9.19,8.76,9.19,8.65,9.49,8.51,9.01,87.1,2,5,3,0,2,81.3,4.2,84.3,73.2,1,High,High-Achiever
1017,Female,Chennai,Tier3,ECE,Embedded,No,Yes,5.8,5.17,5.68,4.83,6.11,5.53,5.77,5.74,5.46,45.9,0,1,0,2,0,60.8,2.1,28.7,20.4,1,Low,Below-Average
1018,Female,Chennai,Tier3,CS,DataScience,No,Yes,6.17,6.13,5.43,5.93,5.29,5.35,5.95,5.2,5.48,69.9,0,2,1,0,0,37.5,2.8,41.3,54.3,0,Low,Below-Average
1019,Male,Kochi,Tier1,EE,Networking,No,No,8.47,8.56,7.65,8.72,8.91,7.77,8.61,7.42,8.21,74.3,3,4,3,3,2,78.3,3.3,73.8,88.5,0,High,High-Achiever
1020,Female,Mumbai,Tier2,ECE,DataScience,No,No,7.25,7.01,7.35,6.25,6.78,6.89,7.67,6.36,7.07,71.4,0,2,2,2,0,76.6,2.7,49.9,75.3,0,Mid,Average
1021,Male,Jaipur,Tier3,ECE,AI,No,Yes,5.58,5.95,5.3,5.26,6.24,6.05,5.48,5.59,5.72,53.8,0,0,1,0,0,31.2,3.5,58.5,54.4,1,Low,Below-Average
1022,Female,Ahmedabad,Tier3,ECE,Embedded,Yes,Yes,4.48,5.2,4.93,4.94,5.29,5.09,4.73,4.96,4.95,61.5,1,1,0,1,1,53.0,3.0,42.6,56.0,1,Low,Below-Average
1023,Female,Hyderabad,Tier2,Mechanical,Embedded,Yes,No,6.63,5.64,6.5,5.95,5.79,5.71,5.93,5.86,5.9,75.1,0,2,2,2,0,65.3,3.0,86.7,55.6,1,Low,Specialist
1024,Female,Hyderabad,Tier2,IT,Networking,Yes,No,6.95,6.52,6.29,6.49,6.82,6.7,6.54,6.08,6.63,84.0,1,3,2,1,1,80.8,3.0,41.9,45.4,0,Mid,Average
1025,Female,Mumbai,Tier3,EE,AI,No,Yes,6.49,7.43,7.39,7.07,6.85,6.74,6.85,7.23,7.11,52.9,0,0,0,1,0,33.8,2.1,36.0,44.3,0,Mid,Below-Average
1026,Male,Kochi,Tier2,CS,AI,Yes,No,7.15,6.97,7.2,6.81,6.79,6.17,6.6,7.0,6.95,79.7,2,4,1,2,1,77.9,3.6,64.2,67.0,1,Mid,Average
1027,Female,Hyderabad,Tier2,Civil,AI,No,Yes,7.21,7.0,6.91,7.1,7.61,7.02,6.78,7.33,7.24,71.8,1,4,2,3,1,54.4,3.0,86.6,53.4,0,Mid,Specialist
1028,Male,Jaipur,Tier2,ECE,DataScience,No,No,6.62,7.69,6.63,6.41,7.02,7.08,7.41,6.95,6.88,61.3,1,2,2,1,0,61.4,4.3,40.6,60.6,0,Mid,Average
1029,Female,Chennai,Tier3,Civil,Networking,Yes,No,5.85,5.52,5.5,5.7,5.33,5.98,5.2,5.59,5.68,79.0,1,2,0,0,0,37.0,2.7,44.1,34.4,0,Low,Below-Average
1030,Female,Pune,Tier2,CS,DataScience,No,Yes,6.44,5.67,6.43,6.24,6.18,5.56,6.93,6.04,6.21,63.5,1,1,3,2,1,56.3,3.5,63.3,54.0,0,Low,Average
1031,Male,Chennai,Tier2,Mechanical,Embedded,No,No,6.41,6.96,6.34,6.67,6.83,6.9,6.97,7.36,6.73,78.4,1,2,2,1,0,68.2,2.8,71.6,76.7,1,Mid,Average
1032,Female,Chennai,Tier3,Civil,DataScience,No,Yes,5.57,5.42,5.02,5.16,5.97,5.05,5.49,6.14,5.65,63.9,1,0,1,0,0,38.0,2.6,35.4,62.7,1,Low,Below-Average
1033,Male,Bangalore,Tier2,CS,Networking,No,No,8.44,8.08,8.36,8.15,7.59,8.36,7.97,8.11,7.95,77.2,3,4,1,1,0,70.9,3.6,39.8,62.0,1,Mid,Average
1034,Female,Hyderabad,Tier2,Civil,Networking,No,Yes,5.94,7.23,5.46,6.42,6.01,5.89,6.52,6.3,6.18,65.5,1,1,2,2,2,53.4,2.9,77.0,58.4,0,Low,Specialist
1035,Male,Kolkata,Tier2,Civil,Networking,No,Yes,7.71,7.13,7.63,7.53,6.91,7.67,7.87,7.8,7.83,81.6,1,1,1,2,1,55.3,3.3,50.1,54.2,1,Mid,Average
1036,Male,Kolkata,Tier2,Civil,Networking,Yes,No,6.91,7.19,7.18,7.21,7.96,7.54,7.59,7.42,7.38,62.5,2,1,1,2,1,60.8,3.7,66.6,67.1,1,Mid,Average
1037,Female,Kochi,Tier2,Mechanical,AI,Yes,No,8.02,8.21,7.85,8.34,7.73,7.67,8.55,7.72,7.98,74.5,1,3,0,1,0,67.7,4.3,35.5,76.1,0,Mid,Average
1038,Male,Hyderabad,Tier2,CS,DataScience,No,Yes,6.72,7.22,7.23,7.17,6.87,6.98,6.97,6.64,6.96,70.5,2,3,0,2,0,62.8,3.6,56.0,49.8,0,Mid,Average
1039,Female,Hyderabad,Tier2,CS,Networking,No,No,8.89,8.43,8.63,9.08,8.19,8.53,8.39,9.4,8.43,69.6,2,2,3,3,1,65.3,4.1,72.8,65.7,1,High,Average
1040,Female,Pune,Tier1,ECE,DataScience,No,No,8.6,8.86,8.24,9.12,8.38,7.38,8.25,7.81,8.26,90.1,2,4,3,1,1,84.2,4.4,82.1,81.8,0,High,High-Achiever
1041,Female,Hyderabad,Tier1,Mechanical,DataScience,Yes,No,8.25,8.27,8.45,7.79,8.63,7.78,7.51,8.52,8.12,93.4,2,3,3,2,2,86.5,4.6,88.3,81.7,0,High,High-Achiever
1042,Female,Ahmedabad,Tier3,ECE,Embedded,No,Yes,5.09,4.85,4.25,4.28,4.45,4.58,4.89,4.34,4.65,56.6,0,1,1,1,0,45.2,2.4,25.6,60.4,0,Low,Below-Average
1043,Female,Delhi,Tier3,CS,DataScience,No,Yes,6.58,7.81,7.77,6.39,6.57,7.54,7.11,7.19,7.13,67.8,0,2,0,2,1,38.6,2.7,26.0,64.4,1,Mid,Below-Average
1044,Male,Mumbai,Tier3,IT,Networking,No,Yes,5.93,6.61,5.94,6.23,6.22,5.94,5.86,6.03,6.07,60.5,0,1,1,0,0,48.7,2.7,56.4,41.7,0,Low,Below-Average
1045,Male,Hyderabad,Tier1,Civil,AI,Yes,No,8.48,8.3,7.72,8.74,8.18,8.39,8.64,8.24,8.33,83.5,2,3,3,4,1,82.8,4.4,82.7,82.7,0,High,High-Achiever
1046,Male,Delhi,Tier2,Mechanical,DataScience,No,No,7.76,7.62,8.41,7.79,8.06,7.35,7.51,7.52,7.75,72.9,2,2,1,3,1,53.3,3.9,60.9,62.7,1,Mid,Average
1047,Female,Kochi,Tier1,Mechanical,Embedded,No,No,9.14,8.95,9.09,9.22,8.32,9.12,9.21,9.2,8.84,86.5,3,4,2,2,2,74.7,4.3,74.2,73.6,0,High,High-Achiever
1048,Female,Mumbai,Tier3,Mechanical,Networking,No,No,7.0,6.98,7.43,6.82,6.74,6.92,6.79,6.87,6.88,53.0,1,1,1,2,0,41.5,3.3,43.0,46.7,0,Mid,Below-Average
1049,Male,Bangalore,Tier3,IT,AI,No,No,4.39,4.18,4.7,4.18,4.37,4.0,4.21,4.36,4.42,64.3,1,2,1,1,1,46.1,2.5,30.5,50.7,0,Low,Below-Average
1050,Female,Chennai,Tier1,IT,Embedded,Yes,No,8.26,8.43,8.99,8.12,8.35,8.3,8.32,8.1,8.37,89.2,2,3,3,3,2,75.4,4.6,90.3,79.5,0,High,High-Achiever
1051,Female,Chennai,Tier3,Civil,AI,Yes,Yes,5.54,4.99,5.25,5.07,4.76,5.4,6.2,4.92,5.18,44.1,1,1,1,0,0,54.4,3.4,69.3,35.2,1,Low,Below-Average
1052,Male,Pune,Tier1,CS,AI,No,No,7.63,8.28,7.89,8.43,8.01,7.72,7.26,7.71,7.51,79.7,2,4,2,4,0,70.4,4.5,85.4,74.8,1,Mid,High-Achiever
1053,Male,Bangalore,Tier1,Mechanical,DataScience,No,No,8.82,8.89,8.76,8.99,8.31,8.76,9.2,9.41,9.03,90.1,3,4,2,4,2,70.5,4.3,77.6,74.8,1,High,High-Achiever
1054,Female,Ahmedabad,Tier1,EE,Embedded,No,No,8.28,8.28,8.27,8.16,7.91,8.14,8.79,8.07,8.36,83.9,1,5,4,4,1,78.0,4.5,64.3,72.1,0,High,High-Achiever
1055,Female,Pune,Tier1,CS,Embedded,Yes,Yes,8.58,8.28,9.08,8.51,8.44,9.02,8.98,8.58,8.87,89.5,2,4,2,4,2,78.9,3.8,70.2,80.2,0,High,High-Achiever
1056,Male,Kochi,Tier3,Civil,Embedded,Yes,Yes,6.98,7.13,7.52,6.84,7.01,7.26,6.76,6.61,7.15,67.8,0,1,0,1,0,34.9,2.9,57.5,48.2,0,Mid,Below-Average
1057,Female,Hyderabad,Tier2,Civil,DataScience,No,No,5.47,5.67,5.95,5.52,5.78,5.84,5.79,5.85,5.72,58.6,2,3,2,5,0,53.9,3.4,76.8,66.8,0,Low,Specialist
1058,Male,Bangalore,Tier1,EE,AI,No,No,8.25,8.55,7.28,8.36,7.79,8.25,7.86,8.53,8.29,80.9,3,4,2,4,2,77.6,3.7,79.4,72.0,1,High,High-Achiever
1059,Female,Hyderabad,Tier2,Civil,Embedded,Yes,No,6.97,6.67,7.06,5.9,7.37,6.97,8.23,7.17,7.07,88.4,0,3,1,2,0,61.9,3.7,65.9,57.4,0,Mid,Average
1060,Male,Delhi,Tier3,IT,Embedded,No,Yes,5.64,5.92,5.96,5.87,6.46,5.88,5.67,6.22,6.19,63.5,1,2,1,0,0,49.4,2.1,56.8,59.5,1,Low,Below-Average
1061,Male,Chennai,Tier2,Civil,DataScience,No,Yes,6.03,5.66,5.74,5.56,5.47,6.09,4.95,5.63,5.55,66.2,1,1,1,1,2,53.4,2.9,83.4,53.0,1,Low,Specialist
1062,Male,Chennai,Tier2,EE,AI,No,No,6.74,6.85,6.59,6.26,6.89,6.47,6.1,6.54,6.62,67.5,2,0,1,1,1,76.8,3.5,56.4,62.2,0,Mid,Average
1063,Female,Pune,Tier1,EE,Networking,Yes,No,9.89,8.27,9.22,8.83,9.0,9.08,8.46,8.39,9.03,85.4,3,5,4,2,2,82.9,3.9,82.5,76.8,0,High,High-Achiever
1064,Male,Delhi,Tier2,EE,DataScience,No,No,7.39,6.94,6.93,7.68,7.61,7.17,7.33,6.82,7.23,65.5,2,2,0,3,2,58.5,3.5,54.4,71.1,1,Mid,Average
1065,Male,Jaipur,Tier2,Civil,AI,No,No,5.66,5.83,5.58,5.84,5.69,5.23,6.41,6.32,5.77,82.1,1,2,1,2,1,65.8,3.5,54.8,71.4,1,Low,Average
1066,Male,Ahmedabad,Tier2,Mechanical,Embedded,No,Yes,4.73,4.6,4.46,4.74,5.41,4.56,4.18,5.37,5.02,63.0,0,3,0,1,1,61.2,2.6,88.3,68.4,1,Low,Specialist
1067,Male,Mumbai,Tier2,Mechanical,Embedded,No,No,8.04,7.16,8.24,8.16,7.96,7.72,8.18,8.01,7.9,83.7,1,4,2,2,0,74.7,3.8,61.7,62.2,1,Mid,Average
1068,Female,Delhi,Tier3,ECE,DataScience,Yes,Yes,5.95,6.25,5.78,5.2,5.36,6.29,5.95,5.85,5.78,56.0,1,2,0,1,0,42.6,2.3,63.3,35.3,0,Low,Below-Average
1069,Male,Hyderabad,Tier1,Civil,Networking,Yes,No,8.22,8.83,8.1,8.09,7.8,8.3,7.92,8.21,8.12,82.8,2,4,3,4,0,84.6,5.0,85.1,91.5,0,High,High-Achiever
1070,Male,Kolkata,Tier2,Mechanical,DataScience,No,No,6.78,6.93,7.2,6.74,6.65,6.67,6.96,6.78,6.9,71.6,2,1,1,1,1,65.3,3.4,70.4,68.9,0,Mid,Average
1071,Female,Pune,Tier3,ECE,Networking,Yes,Yes,5.14,5.79,5.45,5.8,5.82,4.81,5.97,4.95,5.51,40.0,0,0,2,1,0,61.4,2.1,31.3,39.4,1,Low,Below-Average
1072,Female,Kochi,Tier2,IT,Networking,No,No,7.57,7.08,7.04,7.44,6.86,7.03,7.52,7.8,7.44,74.0,1,0,1,2,1,75.3,3.0,64.7,73.4,1,Mid,Average
1073,Female,Bangalore,Tier2,Mechanical,Networking,No,No,6.52,5.74,6.39,5.84,6.43,5.86,5.69,5.87,6.19,73.6,0,3,0,1,0,66.6,4.1,53.5,57.7,0,Low,Average
1074,Male,Pune,Tier2,CS,Networking,Yes,No,4.97,5.79,4.75,4.96,5.26,5.49,5.61,4.78,5.33,77.4,1,4,1,3,1,57.4,2.9,88.2,71.9,0,Low,Specialist
1075,Female,Hyderabad,Tier3,Civil,AI,Yes,Yes,5.68,5.73,5.19,6.19,5.9,5.14,5.86,5.72,5.69,41.1,1,2,1,1,0,52.6,2.0,48.9,58.8,0,Low,Below-Average
1076,Female,Chennai,Tier2,Mechanical,DataScience,No,No,6.92,6.33,6.79,6.82,6.72,6.84,6.65,7.42,6.94,84.3,0,3,0,1,1,63.6,3.9,60.4,54.6,1,Mid,Average
1077,Male,Chennai,Tier2,EE,Embedded,No,No,7.09,7.24,7.18,7.71,7.44,7.07,7.56,7.69,7.34,81.6,1,2,1,2,1,78.4,3.3,81.7,66.7,0,Mid,Average
1078,Female,Mumbai,Tier2,Civil,Embedded,Yes,Yes,5.97,6.53,6.34,6.15,6.12,6.49,5.29,6.31,6.26,85.0,0,1,1,2,0,65.6,3.8,72.9,68.3,0,Low,Average
1079,Female,Kolkata,Tier2,IT,AI,No,No,6.83,7.2,6.94,7.39,7.86,7.23,7.36,7.46,7.21,74.6,1,1,3,2,0,61.8,4.0,70.6,82.9,1,Mid,Average
1080,Female,Pune,Tier2,Civil,DataScience,Yes,No,7.68,8.42,8.16,7.54,7.38,7.27,7.99,8.32,7.65,83.1,2,2,2,1,1,61.3,3.6,66.9,56.1,0,Mid,Average
1081,Male,Kochi,Tier1,CS,Networking,Yes,No,8.93,9.51,8.14,8.8,9.04,8.21,8.35,9.08,8.74,80.6,1,3,2,4,0,72.7,5.0,94.3,88.0,1,High,High-Achiever
1082,Male,Mumbai,Tier2,Mechanical,DataScience,No,Yes,6.56,5.95,6.14,6.11,6.31,6.09,5.78,6.16,6.11,76.4,1,4,2,4,0,65.6,2.0,73.5,55.2,1,Low,Specialist
1083,Male,Chennai,Tier2,IT,Embedded,Yes,Yes,5.6,6.06,5.89,5.64,6.18,5.86,6.25,5.33,5.92,63.1,3,1,0,1,1,51.8,2.6,96.0,40.1,0,Low,Specialist
1084,Male,Pune,Tier3,Mechanical,Networking,Yes,No,4.89,4.7,5.09,5.35,4.81,4.86,5.42,5.33,4.92,43.5,1,1,0,1,0,57.9,2.6,32.1,42.8,1,Low,Below-Average
1085,Female,Pune,Tier2,ECE,Embedded,No,Yes,5.23,5.88,5.69,5.48,6.79,6.73,6.32,5.33,5.94,59.9,1,1,2,1,0,47.1,4.8,80.5,55.0,1,Low,Specialist
1086,Male,Hyderabad,Tier3,ECE,Embedded,Yes,Yes,6.43,5.71,6.41,6.48,6.96,5.77,6.31,6.0,6.38,60.1,1,1,1,2,0,49.1,3.9,47.6,33.4,0,Low,Below-Average
1087,Male,Mumbai,Tier3,IT,Embedded,Yes,Yes,5.55,5.42,5.06,5.1,5.37,5.47,5.22,4.99,5.42,51.8,0,1,0,2,0,58.4,3.6,54.3,47.1,0,Low,Below-Average
1088,Female,Delhi,Tier3,Civil,AI,No,Yes,5.5,5.93,5.08,5.0,4.93,5.26,4.7,4.29,4.88,63.8,0,1,1,1,0,28.6,2.3,30.5,53.6,0,Low,Below-Average
1089,Female,Pune,Tier2,EE,Embedded,No,No,6.08,7.29,6.2,6.81,6.05,6.66,6.21,7.16,6.7,60.5,1,1,2,1,1,81.1,3.2,55.4,63.9,1,Mid,Average
1090,Female,Jaipur,Tier2,ECE,AI,No,No,6.87,7.48,7.5,6.92,7.47,7.12,7.3,7.38,7.12,58.0,2,2,1,1,0,61.6,3.1,60.9,57.7,1,Mid,Average
1091,Male,Mumbai,Tier1,IT,AI,No,No,8.1,7.43,8.57,8.28,8.05,8.32,8.3,8.39,8.31,94.9,3,3,3,4,0,80.8,3.9,80.7,77.0,0,High,High-Achiever
1092,Female,Mumbai,Tier2,Mechanical,Embedded,Yes,No,6.95,6.51,6.91,7.2,7.48,7.44,7.64,7.78,7.29,82.2,1,2,2,1,0,69.6,4.2,67.7,62.0,1,Mid,Average
1093,Male,Kolkata,Tier1,IT,AI,No,No,8.7,9.03,8.53,8.25,8.26,8.71,8.65,8.61,8.76,82.8,2,5,3,2,2,84.4,4.1,100.0,79.5,0,High,High-Achiever
1094,Female,Delhi,Tier1,EE,AI,Yes,No,8.95,9.42,8.76,8.73,9.02,8.77,8.91,9.35,8.94,88.0,2,4,4,3,0,81.6,4.2,84.9,85.8,0,High,High-Achiever
1095,Male,Jaipur,Tier2,ECE,Networking,Yes,No,7.24,8.4,7.52,7.74,8.61,7.52,8.34,7.24,7.85,83.2,1,2,2,2,1,73.0,3.9,53.4,64.2,1,Mid,Average
1096,Male,Ahmedabad,Tier2,Civil,Networking,Yes,No,7.39,7.71,7.88,7.75,7.67,7.62,7.86,7.36,7.6,78.4,1,2,3,2,1,69.2,2.7,48.3,50.8,0,Mid,Average
1097,Male,Bangalore,Tier1,IT,Networking,Yes,No,7.57,8.46,8.18,7.38,7.71,7.96,8.07,7.42,8.03,88.7,2,3,2,3,1,90.6,4.2,79.7,74.1,1,High,High-Achiever
1098,Male,Bangalore,Tier3,Mechanical,Networking,No,Yes,5.58,5.11,4.97,4.86,4.85,4.24,5.18,4.3,4.87,71.0,1,1,0,1,0,52.7,2.1,32.6,45.7,1,Low,Below-Average
1099,Male,Chennai,Tier3,IT,AI,No,Yes,5.38,5.94,4.94,5.2,5.31,5.24,5.1,5.69,5.45,52.7,0,3,1,0,0,65.7,2.6,46.7,55.2,1,Low,Below-Average
1100,Male,Delhi,Tier1,IT,Embedded,No,No,7.64,7.45,8.12,8.03,8.11,8.4,7.72,7.6,8.27,88.2,2,3,2,4,1,85.4,4.0,85.2,87.1,0,High,High-Achiever
1101,Male,Delhi,Tier1,EE,Embedded,Yes,No,7.63,7.65,7.65,8.51,7.84,8.2,8.32,7.55,7.93,87.9,3,4,4,3,0,69.2,3.9,78.8,90.4,0,Mid,High-Achiever
1102,Male,Chennai,Tier2,Civil,Embedded,No,No,6.63,7.42,6.68,6.91,6.96,7.39,6.82,6.0,6.73,72.8,2,1,1,2,0,85.9,3.6,77.9,63.0,0,Mid,Average
1103,Male,Kochi,Tier3,ECE,AI,Yes,Yes,5.74,5.34,5.06,4.7,4.76,5.45,4.92,5.28,5.17,56.1,1,0,1,2,0,42.8,2.9,34.6,51.6,1,Low,Below-Average
1104,Female,Kochi,Tier3,IT,DataScience,No,No,4.71,5.05,5.66,5.07,4.75,5.31,5.06,5.32,5.03,60.7,0,0,1,1,1,61.5,2.7,40.8,29.5,0,Low,Below-Average
1105,Female,Kolkata,Tier1,Civil,DataScience,No,No,8.16,7.93,8.14,8.43,8.49,8.13,8.31,8.21,8.34,88.2,2,5,3,2,1,80.2,4.3,86.5,81.0,0,High,High-Achiever
1106,Female,Jaipur,Tier3,IT,Embedded,No,Yes,6.34,6.54,6.27,6.57,6.46,6.75,5.71,6.25,6.32,49.5,0,1,1,0,0,57.5,2.3,50.9,33.2,0,Low,Below-Average
1107,Male,Mumbai,Tier1,IT,DataScience,Yes,No,9.19,8.92,8.6,8.51,8.51,8.53,8.31,7.76,8.6,92.0,2,5,3,1,2,75.9,4.5,90.9,77.6,1,High,High-Achiever
1108,Female,Hyderabad,Tier2,ECE,Networking,No,No,7.66,8.36,8.47,7.89,8.46,8.08,8.64,8.79,8.48,67.2,0,2,2,2,0,70.0,3.4,63.9,86.2,1,High,Average
1109,Female,Pune,Tier2,Mechanical,AI,Yes,Yes,6.3,5.85,6.29,6.42,6.22,6.33,6.21,5.61,6.14,68.0,2,0,2,2,1,57.5,2.9,93.4,58.6,1,Low,Specialist
1110,Male,Delhi,Tier1,ECE,Embedded,No,Yes,7.89,8.2,8.44,8.58,8.4,8.45,8.18,8.9,8.35,86.5,3,3,3,2,1,89.5,3.9,77.3,72.0,0,High,High-Achiever
1111,Male,Delhi,Tier1,Civil,Embedded,Yes,No,9.0,8.39,8.65,8.34,8.2,8.24,9.05,8.42,8.5,89.8,3,4,2,2,2,82.6,4.1,88.4,80.9,1,High,High-Achiever
1112,Male,Hyderabad,Tier2,Mechanical,DataScience,No,No,6.88,6.66,7.36,7.51,7.05,7.14,7.37,6.72,7.15,58.0,2,2,3,3,1,72.5,4.4,68.1,57.9,1,Mid,Average
1113,Male,Ahmedabad,Tier2,Mechanical,AI,No,Yes,7.57,7.6,7.68,7.64,7.33,6.92,6.86,7.06,7.26,82.1,1,2,1,3,0,47.7,3.5,73.6,54.3,0,Mid,Average
1114,Male,Delhi,Tier2,ECE,Embedded,No,Yes,7.34,7.56,7.77,7.4,7.79,7.92,7.14,7.5,7.66,63.9,1,2,3,1,1,59.1,2.4,71.7,80.2,0,Mid,Specialist
1115,Male,Mumbai,Tier2,Mechanical,AI,Yes,Yes,5.43,5.51,5.42,5.68,5.57,5.21,5.78,4.68,5.32,81.0,2,3,2,2,0,64.1,3.8,77.7,67.8,1,Low,Specialist
1116,Female,Kochi,Tier1,Civil,Embedded,No,No,9.26,8.42,8.94,8.95,8.79,8.64,9.23,9.17,8.93,85.6,2,3,4,3,1,81.3,4.0,87.8,80.4,0,High,High-Achiever
1117,Female,Ahmedabad,Tier1,ECE,Networking,No,No,8.24,9.0,8.37,8.59,8.93,8.61,8.42,8.31,8.6,87.8,1,4,3,2,2,85.8,4.3,63.4,75.3,0,High,High-Achiever
1118,Male,Pune,Tier3,IT,Embedded,Yes,Yes,4.76,4.57,4.55,4.95,4.21,4.51,4.61,4.74,4.4,79.1,1,1,0,0,0,44.7,2.4,46.9,40.9,1,Low,Below-Average
1119,Male,Jaipur,Tier1,CS,DataScience,Yes,No,8.94,9.01,8.52,8.68,8.75,9.04,8.91,8.35,8.89,86.6,2,3,2,3,1,80.3,4.7,89.4,88.8,0,High,High-Achiever
1120,Male,Bangalore,Tier3,ECE,Embedded,No,No,6.28,6.29,6.85,6.93,5.84,6.3,6.51,6.64,6.39,72.4,1,0,1,1,0,58.6,2.4,36.2,47.1,1,Low,Below-Average
1121,Female,Ahmedabad,Tier3,ECE,DataScience,No,Yes,5.07,5.16,5.68,5.14,5.2,4.88,5.01,5.02,4.9,60.4,1,1,0,2,1,27.5,3.6,37.7,13.2,1,Low,Below-Average
1122,Female,Delhi,Tier1,Mechanical,DataScience,Yes,No,8.05,9.16,8.31,8.54,9.06,8.47,7.33,8.65,8.5,90.1,2,5,2,2,1,83.5,3.8,74.5,94.9,0,High,High-Achiever
1123,Female,Bangalore,Tier3,EE,DataScience,No,Yes,4.11,4.52,4.5,4.0,4.0,4.17,4.73,4.46,4.29,60.7,1,2,1,1,0,45.0,2.6,36.8,45.8,1,Low,Below-Average
1124,Male,Chennai,Tier1,IT,Embedded,No,No,7.95,8.48,8.2,7.93,7.41,7.67,7.52,8.04,7.87,92.2,1,4,2,3,0,74.5,4.8,78.6,80.4,0,Mid,High-Achiever
1125,Male,Kolkata,Tier2,IT,DataScience,Yes,No,7.57,8.17,7.55,7.16,7.85,7.62,7.51,7.45,7.63,69.5,1,1,1,1,1,67.7,3.6,53.9,70.7,0,Mid,Average
1126,Female,Jaipur,Tier2,CS,Networking,Yes,Yes,6.6,6.92,6.0,6.07,6.88,7.23,6.76,6.34,6.72,67.1,0,1,2,2,1,74.8,4.6,53.4,65.7,1,Mid,Average
1127,Male,Kolkata,Tier2,IT,AI,Yes,No,6.16,6.09,6.78,6.67,6.97,6.38,7.3,6.69,6.33,69.9,0,3,2,1,0,73.3,3.4,57.6,68.0,0,Low,Average
1128,Female,Jaipur,Tier3,CS,Networking,Yes,No,5.31,6.07,5.71,5.42,5.29,5.3,6.22,5.56,5.66,61.0,1,2,1,1,0,46.8,3.0,39.2,39.8,1,Low,Below-Average
1129,Female,Pune,Tier3,Mechanical,Networking,No,No,4.83,5.16,5.04,5.28,5.78,5.04,5.05,5.13,5.13,57.8,0,1,1,2,0,55.9,3.9,60.7,31.7,0,Low,Below-Average
1130,Female,Kochi,Tier2,IT,AI,Yes,No,5.27,5.43,5.84,5.77,5.69,5.65,5.31,5.41,5.62,76.4,2,2,1,2,1,68.7,2.1,81.8,58.4,1,Low,Specialist
1131,Female,Bangalore,Tier2,CS,Embedded,Yes,Yes,6.44,6.58,6.47,6.56,6.68,6.85,6.26,6.9,6.59,81.7,1,1,2,1,1,59.1,2.1,87.8,72.2,1,Mid,Specialist
1132,Female,Bangalore,Tier2,EE,AI,No,No,6.76,6.45,7.47,6.81,6.1,6.28,6.19,6.1,6.3,67.2,2,3,2,3,1,59.5,3.1,54.8,56.8,1,Low,Average
1133,Male,Pune,Tier1,EE,DataScience,No,No,8.11,8.78,7.84,8.22,8.17,7.8,7.93,8.79,8.05,84.3,2,4,4,4,1,76.2,4.5,77.9,72.9,0,High,High-Achiever
1134,Female,Hyderabad,Tier3,CS,Networking,No,No,5.08,5.23,5.78,5.17,5.84,5.93,5.31,5.56,5.61,45.6,0,1,0,0,1,55.5,1.8,25.0,56.2,0,Low,Below-Average
1135,Male,Hyderabad,Tier2,Mechanical,DataScience,No,Yes,6.32,7.33,7.13,7.06,6.72,7.44,6.07,6.22,6.78,88.3,1,2,2,2,1,59.6,3.6,72.4,49.5,1,Mid,Specialist
1136,Female,Pune,Tier2,EE,AI,No,No,7.8,7.49,8.55,7.37,7.34,8.13,8.05,7.77,7.74,77.4,2,3,1,2,0,56.6,3.8,49.1,58.7,1,Mid,Average
1137,Female,Mumbai,Tier2,Civil,Networking,Yes,No,6.84,7.11,6.86,6.15,6.7,6.27,6.28,6.38,6.6,78.8,1,1,1,1,0,51.5,4.5,61.7,59.0,1,Mid,Average
1138,Male,Kolkata,Tier2,Mechanical,Embedded,No,No,7.33,7.54,7.38,6.88,7.14,7.86,7.44,7.21,7.56,64.3,1,4,2,2,0,71.7,4.0,69.7,61.5,0,Mid,Average
1139,Male,Hyderabad,Tier1,Mechanical,Networking,Yes,No,8.12,7.6,8.09,8.19,8.2,8.06,8.3,8.38,8.11,88.0,1,3,3,2,2,76.7,4.3,69.5,67.0,0,High,High-Achiever
1140,Male,Kolkata,Tier3,Mechanical,Networking,No,No,6.79,7.54,6.07,6.92,6.63,6.63,6.68,6.6,6.78,65.1,1,1,0,0,0,51.0,3.6,36.5,38.6,0,Mid,Below-Average
1141,Male,Ahmedabad,Tier2,EE,Networking,Yes,No,6.46,5.64,6.36,6.05,6.31,6.09,6.18,5.93,6.32,73.0,1,2,2,2,0,74.9,3.8,47.7,63.8,1,Low,Average
1142,Female,Kolkata,Tier3,EE,AI,No,Yes,6.6,6.23,6.69,6.3,6.11,6.17,6.63,6.45,6.43,70.8,0,1,1,0,0,36.2,2.5,39.4,46.2,1,Low,Below-Average
1143,Female,Kochi,Tier3,EE,Embedded,No,Yes,5.2,4.8,5.29,4.49,4.95,5.39,4.83,5.45,5.04,83.1,0,2,0,0,0,47.6,2.1,52.8,55.6,0,Low,Below-Average
1144,Male,Kochi,Tier3,ECE,DataScience,Yes,No,7.49,7.56,7.48,6.95,7.7,7.03,6.74,7.49,6.91,50.5,0,2,0,1,0,46.5,2.5,37.5,62.4,0,Mid,Below-Average
1145,Male,Ahmedabad,Tier2,CS,DataScience,Yes,No,6.88,7.48,7.52,6.9,7.07,7.54,6.77,7.61,7.35,66.8,1,3,0,1,0,68.0,3.5,59.6,74.1,1,Mid,Average
1146,Male,Kolkata,Tier2,Civil,DataScience,No,No,6.53,6.4,6.61,5.85,6.11,6.53,6.32,6.2,6.39,68.0,2,2,1,4,1,74.9,3.6,73.1,69.3,0,Low,Average
1147,Female,Bangalore,Tier3,Civil,Networking,No,No,4.76,5.06,5.15,5.04,4.91,5.28,5.19,4.53,5.13,76.1,1,1,1,2,0,36.0,1.5,46.6,42.5,0,Low,Below-Average
1148,Male,Pune,Tier3,CS,AI,No,Yes,5.99,6.28,6.43,6.25,6.73,6.14,6.47,5.47,6.05,70.4,1,1,1,0,0,53.1,2.7,34.4,37.8,0,Low,Below-Average
1149,Female,Kolkata,Tier2,Mechanical,DataScience,No,No,8.14,7.8,7.87,7.83,7.55,7.68,7.51,7.48,7.63,73.9,2,2,2,4,1,73.3,3.5,61.4,62.1,1,Mid,Average
1150,Female,Delhi,Tier3,Mechanical,DataScience,No,Yes,5.84,5.65,5.6,5.42,6.01,6.49,5.6,5.5,5.45,60.4,0,2,0,1,0,46.3,3.1,33.7,49.9,1,Low,Below-Average
1151,Male,Delhi,Tier1,IT,Networking,Yes,No,8.0,8.27,9.05,8.42,8.35,8.04,8.46,8.86,8.52,83.9,1,4,3,2,3,79.2,4.9,84.9,83.8,0,High,High-Achiever
1152,Female,Delhi,Tier3,ECE,Networking,No,Yes,6.18,6.26,6.12,6.3,5.65,5.97,6.05,6.31,6.03,68.9,0,1,1,0,0,51.8,2.9,47.2,50.2,1,Low,Below-Average
1153,Male,Jaipur,Tier1,Mechanical,Networking,Yes,Yes,8.83,8.32,8.13,9.03,8.5,9.64,8.23,8.1,8.57,86.1,3,3,2,4,2,82.1,3.8,72.4,77.2,1,High,High-Achiever
1154,Male,Chennai,Tier1,Mechanical,Networking,No,No,7.98,7.55,7.97,7.95,7.87,8.14,7.89,7.82,7.85,86.7,3,5,1,3,1,83.5,3.5,83.2,83.5,1,Mid,High-Achiever
1155,Female,Kolkata,Tier2,ECE,Networking,Yes,No,6.5,5.96,6.74,6.21,6.8,6.76,6.09,6.72,6.51,79.9,2,2,2,2,0,69.5,3.8,58.9,72.1,0,Mid,Average
1156,Male,Jaipur,Tier1,EE,Embedded,No,No,8.45,8.72,8.64,8.71,8.56,8.64,8.62,7.85,8.62,87.1,0,3,3,3,2,74.1,3.9,85.8,84.2,0,High,High-Achiever
1157,Female,Kochi,Tier1,ECE,Networking,No,No,8.97,8.89,9.28,9.04,9.32,9.45,9.56,9.24,9.11,86.8,3,5,3,2,1,85.9,4.5,87.8,77.8,1,High,High-Achiever
1158,Male,Jaipur,Tier1,CS,Networking,Yes,No,9.71,9.28,9.51,9.39,9.36,8.93,9.5,9.93,9.31,88.1,2,3,2,3,0,87.0,4.8,85.3,72.2,0,High,High-Achiever
1159,Female,Mumbai,Tier2,CS,AI,No,No,7.47,7.61,7.79,6.88,7.57,7.55,6.91,7.76,7.47,81.4,0,2,2,2,0,66.5,2.7,57.3,55.1,1,Mid,Average
1160,Female,Hyderabad,Tier3,Civil,Networking,Yes,Yes,5.59,5.67,5.15,5.62,5.34,4.94,5.58,5.92,5.7,76.5,1,1,0,1,0,34.6,3.1,51.3,37.2,1,Low,Below-Average
1161,Male,Delhi,Tier1,CS,DataScience,Yes,No,8.74,8.18,9.45,8.77,8.83,8.75,9.06,8.81,8.87,90.9,2,2,2,3,0,79.3,4.7,75.9,79.8,1,High,High-Achiever
1162,Male,Delhi,Tier3,CS,DataScience,No,No,4.87,4.98,4.59,4.73,4.97,4.35,5.06,4.55,5.03,68.0,1,1,1,0,0,49.7,3.4,28.8,49.2,1,Low,Below-Average
1163,Female,Kolkata,Tier3,IT,Embedded,No,No,5.9,5.05,5.62,5.67,5.81,5.56,5.79,5.82,5.39,58.0,1,0,1,1,0,37.7,1.5,10.0,29.9,0,Low,Below-Average
1164,Male,Kochi,Tier1,Mechanical,Embedded,Yes,No,7.68,8.01,8.02,8.15,8.51,7.85,8.23,8.12,8.09,84.5,3,3,1,2,1,77.8,3.9,81.5,74.5,0,High,High-Achiever
1165,Male,Chennai,Tier1,Mechanical,AI,Yes,No,8.05,8.08,7.9,7.73,7.16,7.43,7.92,8.04,7.88,91.3,1,3,2,4,2,71.5,3.7,76.2,79.7,0,Mid,High-Achiever
1166,Male,Hyderabad,Tier3,EE,AI,No,No,5.53,6.09,5.69,5.4,5.97,5.97,5.77,6.09,5.73,61.7,0,1,0,0,0,53.5,3.1,46.0,35.0,0,Low,Below-Average
1167,Male,Chennai,Tier3,EE,Networking,Yes,Yes,6.18,5.41,5.31,5.84,5.73,5.01,5.8,6.0,5.63,45.8,0,0,1,1,0,49.5,3.0,22.3,48.3,1,Low,Below-Average
1168,Male,Chennai,Tier2,CS,Networking,No,No,7.6,7.32,7.42,7.24,7.18,7.03,7.17,7.68,7.41,72.4,2,2,1,4,0,51.8,2.2,54.2,59.5,0,Mid,Average
1169,Female,Hyderabad,Tier3,CS,DataScience,No,No,6.14,5.48,5.73,5.91,5.99,5.76,6.48,5.98,5.88,59.2,1,1,1,1,0,51.2,2.6,46.7,36.8,0,Low,Below-Average
1170,Female,Kochi,Tier1,EE,Networking,Yes,No,9.17,9.02,8.62,8.4,9.13,8.54,8.96,8.47,8.62,85.4,1,4,3,3,2,79.7,4.5,74.8,78.4,0,High,High-Achiever
1171,Male,Kolkata,Tier2,ECE,DataScience,Yes,No,7.75,7.73,6.9,7.56,7.2,6.62,7.26,7.42,7.33,86.9,1,4,1,2,0,69.1,3.6,63.7,65.1,0,Mid,Average
1172,Male,Ahmedabad,Tier3,EE,DataScience,No,No,5.69,5.99,5.88,6.01,5.43,5.9,5.0,6.02,5.47,64.8,0,1,1,0,0,44.5,2.9,36.4,35.5,1,Low,Below-Average
1173,Male,Hyderabad,Tier1,EE,AI,No,No,8.39,8.35,8.42,8.37,8.45,8.44,8.49,8.31,8.71,94.9,2,4,1,4,1,75.2,4.1,81.8,76.3,0,High,High-Achiever
1174,Female,Kolkata,Tier3,IT,Networking,No,No,4.38,4.79,4.75,4.6,5.19,6.16,5.09,4.99,4.99,62.6,1,2,0,1,0,41.1,2.2,48.0,48.7,1,Low,Below-Average
1175,Female,Bangalore,Tier2,Civil,AI,No,No,7.45,7.6,6.95,6.85,7.12,6.65,7.81,7.54,7.22,75.7,1,2,3,2,0,60.7,3.5,68.6,55.9,0,Mid,Average
1176,Male,Ahmedabad,Tier3,Mechanical,Embedded,No,Yes,5.8,5.93,5.55,6.8,6.19,7.0,6.07,5.79,5.97,50.6,1,1,2,0,0,48.2,2.8,42.9,27.4,1,Low,Below-Average
1177,Female,Chennai,Tier2,CS,AI,Yes,No,6.63,6.78,6.71,6.79,5.81,6.65,6.93,6.34,6.6,75.1,2,2,2,2,1,66.2,3.8,52.7,49.7,1,Mid,Average
1178,Female,Kochi,Tier2,CS,Networking,No,No,7.14,7.75,7.21,6.87,7.06,6.93,6.73,6.81,7.03,75.1,2,2,2,1,0,63.5,3.8,55.9,58.7,0,Mid,Average
1179,Male,Kochi,Tier1,IT,Networking,No,No,8.57,7.77,7.58,8.47,8.17,8.25,7.53,7.37,8.19,81.2,1,3,1,4,2,77.5,4.2,86.5,68.8,1,High,High-Achiever
1180,Male,Jaipur,Tier1,CS,AI,No,No,8.45,8.1,8.0,8.27,8.6,8.34,8.08,8.56,8.24,85.3,3,3,2,4,3,77.9,4.6,74.9,75.6,0,High,High-Achiever
1181,Male,Bangalore,Tier3,EE,AI,No,No,4.54,4.75,4.41,5.28,4.14,4.93,5.28,4.59,4.71,56.8,1,1,1,1,0,70.6,2.6,40.2,60.6,1,Low,Below-Average
1182,Male,Hyderabad,Tier1,IT,AI,No,No,9.23,8.66,9.02,8.71,8.75,8.96,9.06,9.27,9.13,90.1,3,2,4,2,1,75.4,3.6,79.3,68.3,1,High,High-Achiever
1183,Male,Ahmedabad,Tier1,EE,AI,No,No,8.84,8.4,9.73,8.97,9.07,9.43,9.05,8.82,9.03,90.3,2,5,2,4,1,76.7,4.4,81.3,76.0,0,High,High-Achiever
1184,Female,Pune,Tier1,Civil,DataScience,Yes,No,8.36,8.45,8.4,8.56,8.63,8.59,9.06,9.11,8.77,85.1,2,5,3,3,3,99.8,4.3,74.9,92.9,0,High,High-Achiever
1185,Female,Chennai,Tier1,CS,Networking,No,No,9.13,9.29,8.93,9.63,9.54,9.51,9.31,9.34,9.49,90.3,2,4,3,4,2,82.5,4.4,69.0,80.9,1,High,High-Achiever
1186,Female,Chennai,Tier3,CS,DataScience,No,No,5.73,5.23,5.11,5.3,5.25,4.88,5.43,5.48,5.37,58.2,0,1,1,1,0,35.6,2.0,47.2,40.3,1,Low,Below-Average
1187,Female,Jaipur,Tier2,IT,DataScience,No,No,8.36,8.85,8.39,8.55,8.61,9.21,8.94,9.09,8.82,52.0,1,3,1,2,1,71.7,4.4,68.7,60.7,1,High,Average
1188,Male,Jaipur,Tier2,Mechanical,Embedded,Yes,No,5.14,6.8,6.21,5.63,6.33,5.43,5.27,5.54,5.82,65.6,2,1,0,2,2,50.9,3.7,70.7,60.2,1,Low,Specialist
1189,Male,Delhi,Tier1,Civil,Networking,Yes,No,8.31,8.06,8.16,8.66,8.27,8.58,8.84,8.51,8.63,93.4,3,4,0,4,1,85.5,4.1,84.6,89.9,0,High,High-Achiever
1190,Female,Ahmedabad,Tier3,Mechanical,AI,Yes,Yes,5.29,5.47,5.11,5.48,5.27,5.66,5.78,4.96,5.22,43.2,0,1,1,1,0,46.1,2.2,52.8,38.7,0,Low,Below-Average
1191,Female,Bangalore,Tier2,Mechanical,Networking,No,No,7.45,7.47,7.34,6.63,7.37,7.66,7.3,7.27,7.22,75.9,1,4,1,3,1,61.5,4.0,65.4,55.9,1,Mid,Average
1192,Female,Jaipur,Tier2,EE,DataScience,No,No,7.86,7.57,7.61,8.26,8.1,7.53,7.01,7.17,7.5,87.7,1,2,0,2,0,77.9,2.9,56.2,51.0,0,Mid,Average
1193,Female,Hyderabad,Tier3,IT,AI,No,Yes,5.62,4.77,4.95,5.28,5.18,5.87,5.35,5.0,5.42,52.4,0,2,1,1,1,53.1,4.2,32.6,45.0,1,Low,Below-Average
1194,Female,Pune,Tier2,ECE,AI,Yes,Yes,7.64,7.71,7.41,7.06,7.63,7.48,7.16,7.49,7.42,70.0,2,2,2,3,0,69.7,2.8,85.6,38.1,0,Mid,Specialist
1195,Female,Jaipur,Tier3,Civil,AI,No,Yes,5.75,5.14,5.08,6.06,5.58,5.79,5.75,5.33,5.67,47.0,1,3,1,2,0,51.9,3.8,44.5,39.4,1,Low,Below-Average
1196,Female,Pune,Tier1,ECE,AI,No,No,7.91,8.65,8.06,8.94,8.92,8.81,8.38,8.9,8.64,96.1,2,3,3,4,1,77.3,4.1,82.7,71.6,1,High,High-Achiever
1197,Female,Chennai,Tier1,CS,AI,No,No,8.88,9.01,7.4,8.18,8.0,7.74,7.89,8.36,8.05,87.6,2,4,2,3,2,83.7,4.8,80.7,85.5,0,High,High-Achiever
1198,Female,Kolkata,Tier3,IT,AI,No,No,5.41,5.3,5.97,5.99,5.83,6.0,5.82,4.94,5.79,60.5,1,1,0,0,0,58.9,2.4,31.2,38.9,0,Low,Below-Average
1199,Female,Kochi,Tier1,EE,AI,No,Yes,8.18,8.84,8.31,8.19,8.57,8.62,8.31,8.45,8.43,94.8,3,4,2,4,1,80.8,4.2,85.0,80.8,1,High,High-Achiever
1200,Female,Ahmedabad,Tier3,Mechanical,DataScience,No,Yes,4.91,4.78,5.15,4.79,4.76,5.46,4.52,4.71,5.07,66.6,0,1,1,0,0,64.2,3.3,46.7,28.0,0,Low,Below-Average
1201,Female,Pune,Tier2,ECE,DataScience,No,No,7.16,6.05,6.67,6.27,6.84,6.16,6.71,6.54,6.53,68.0,2,1,0,2,0,71.8,3.8,61.8,63.1,0,Mid,Average
1202,Female,Ahmedabad,Tier2,ECE,AI,No,No,8.77,8.0,8.95,8.95,8.69,8.51,8.53,8.4,8.6,69.8,1,0,2,2,0,66.7,4.1,61.0,52.4,0,High,Average
1203,Female,Jaipur,Tier3,Mechanical,Networking,Yes,Yes,4.9,5.7,5.73,5.42,5.62,4.79,5.33,5.1,5.32,64.9,0,2,1,0,0,50.3,2.5,58.8,39.7,1,Low,Below-Average
1204,Female,Kochi,Tier3,IT,Embedded,No,No,4.33,4.96,4.61,4.97,4.0,4.0,4.79,4.73,4.48,53.8,1,1,1,1,0,49.2,2.9,35.8,66.1,1,Low,Below-Average
1205,Male,Hyderabad,Tier1,Mechanical,Embedded,No,No,8.17,7.79,7.79,7.6,8.24,7.8,8.31,9.03,8.15,77.4,2,4,3,5,1,72.5,4.7,91.0,84.5,1,High,High-Achiever
1206,Male,Ahmedabad,Tier1,IT,AI,No,Yes,8.61,8.51,7.91,8.57,8.88,8.15,8.35,8.83,8.47,87.7,3,4,3,3,1,79.5,3.9,76.9,77.1,1,High,High-Achiever
1207,Male,Delhi,Tier2,CS,Networking,No,No,7.18,7.54,7.93,7.42,7.46,7.37,6.71,6.97,7.33,63.2,0,3,0,2,0,66.8,3.8,70.0,87.6,1,Mid,Average
1208,Female,Jaipur,Tier2,CS,AI,No,No,7.43,7.62,6.56,7.7,7.13,7.1,7.25,7.39,7.33,87.9,2,3,3,4,1,61.7,3.4,71.1,54.7,1,Mid,Average
1209,Female,Mumbai,Tier1,ECE,DataScience,No,Yes,9.05,8.8,8.37,9.27,8.83,8.63,9.25,9.4,8.84,88.9,2,2,3,4,2,82.0,4.3,79.9,86.2,1,High,High-Achiever
1210,Male,Ahmedabad,Tier2,CS,Networking,Yes,No,6.11,6.76,6.61,6.28,6.74,6.84,6.82,6.42,6.61,67.8,1,3,2,1,0,65.2,3.5,74.9,49.7,1,Mid,Average
1211,Male,Pune,Tier3,IT,DataScience,No,No,5.97,6.26,5.37,5.76,5.6,6.39,6.15,6.22,5.74,53.0,0,1,0,1,0,55.0,2.3,46.7,41.6,1,Low,Below-Average
1212,Female,Mumbai,Tier3,ECE,DataScience,No,Yes,4.59,4.96,4.77,5.21,5.43,4.47,4.72,4.59,4.89,41.1,0,2,0,1,0,54.0,2.6,33.2,30.5,0,Low,Below-Average
1213,Male,Delhi,Tier2,Civil,Embedded,No,No,6.55,7.2,6.75,7.08,6.23,6.39,6.81,6.62,6.63,66.2,0,3,3,3,1,66.3,3.6,56.6,64.1,0,Mid,Average
1214,Female,Delhi,Tier2,Civil,Embedded,Yes,No,6.65,6.4,6.58,6.99,6.61,5.88,6.58,6.55,6.45,83.1,2,3,1,3,1,54.1,3.4,70.2,62.4,0,Low,Average
1215,Male,Bangalore,Tier1,Mechanical,Networking,No,Yes,8.02,7.73,8.07,8.31,7.11,7.73,7.92,8.04,7.91,99.2,4,3,2,1,3,90.7,4.8,88.5,75.8,0,Mid,High-Achiever
1216,Female,Kochi,Tier2,Civil,Networking,No,Yes,7.33,7.79,7.84,7.92,7.65,7.34,7.41,7.9,7.64,80.8,0,1,2,1,0,63.9,4.0,50.5,70.7,0,Mid,Average
1217,Male,Kochi,Tier2,EE,Networking,No,No,7.57,7.27,7.72,7.6,7.57,8.37,7.07,7.4,7.41,74.3,0,2,2,2,0,64.4,3.6,58.7,57.5,1,Mid,Average
1218,Male,Jaipur,Tier2,CS,Networking,No,No,7.93,7.57,6.91,6.96,8.23,8.02,7.51,7.79,7.59,71.5,2,0,2,1,0,62.3,3.1,61.8,64.6,1,Mid,Average
1219,Female,Kolkata,Tier3,EE,Networking,Yes,No,6.1,4.97,5.57,5.23,5.71,5.29,5.97,5.02,5.53,50.4,0,1,1,0,0,43.6,2.3,36.9,52.2,0,Low,Below-Average
1220,Male,Chennai,Tier1,EE,DataScience,Yes,No,9.27,8.3,9.02,8.82,8.68,9.37,8.58,8.5,8.89,98.3,3,2,2,2,1,89.3,5.0,98.5,67.6,1,High,High-Achiever
1221,Female,Pune,Tier1,Civil,Embedded,Yes,No,7.24,7.47,8.1,7.61,7.56,8.09,7.95,7.37,7.62,87.1,2,2,3,3,2,88.3,3.8,83.6,72.8,1,Mid,High-Achiever
1222,Male,Chennai,Tier1,ECE,DataScience,Yes,No,8.39,8.95,9.06,9.36,9.14,8.56,8.26,9.25,8.93,98.6,2,4,3,3,2,82.7,4.2,81.6,78.4,0,High,High-Achiever
1223,Male,Bangalore,Tier3,Mechanical,Networking,No,Yes,5.73,5.88,5.7,5.66,5.82,5.34,5.81,5.79,5.62,73.9,0,1,0,0,0,47.0,3.0,53.9,50.3,0,Low,Below-Average
1224,Female,Delhi,Tier2,EE,Embedded,No,No,7.33,7.67,8.16,6.68,6.9,7.55,7.16,7.43,7.38,61.1,0,2,2,2,0,70.0,3.3,56.7,73.4,1,Mid,Average
1225,Male,Pune,Tier1,Mechanical,DataScience,No,No,8.37,8.6,8.96,8.44,8.44,8.44,8.29,8.73,8.69,84.7,1,3,1,3,1,80.4,3.8,89.1,76.5,1,High,High-Achiever
1226,Male,Bangalore,Tier3,CS,DataScience,Yes,Yes,4.0,4.85,5.02,5.12,4.09,5.05,5.01,5.45,4.81,53.3,1,0,1,1,0,46.3,2.3,25.3,40.8,0,Low,Below-Average
1227,Female,Hyderabad,Tier2,Civil,AI,Yes,Yes,6.6,6.47,6.01,5.79,5.63,6.21,5.49,5.89,6.1,74.4,2,2,1,3,0,67.7,3.2,55.9,55.0,1,Low,Average
1228,Female,Mumbai,Tier2,EE,AI,No,Yes,6.06,6.29,6.48,7.04,6.39,6.94,7.43,6.24,6.57,74.5,2,1,2,2,0,61.5,3.1,69.4,64.6,1,Mid,Average
1229,Female,Mumbai,Tier2,EE,DataScience,No,Yes,6.67,6.81,6.19,5.94,6.67,5.59,6.1,6.33,6.45,97.0,1,2,2,1,2,62.5,4.1,97.6,51.4,1,Low,Specialist
1230,Female,Ahmedabad,Tier1,ECE,Networking,Yes,No,9.32,8.6,8.89,9.01,8.52,8.24,9.04,8.45,8.85,82.6,1,2,2,2,3,81.2,4.2,76.6,76.1,1,High,High-Achiever
1231,Male,Mumbai,Tier1,CS,Embedded,Yes,No,7.71,7.42,8.12,7.71,7.97,7.16,8.25,7.76,7.82,89.1,2,4,3,3,0,83.6,4.0,75.8,77.3,0,Mid,High-Achiever
1232,Female,Pune,Tier2,EE,DataScience,No,No,6.48,6.74,6.56,6.61,6.58,6.05,6.22,6.63,6.41,79.9,2,1,1,3,1,60.0,3.6,65.1,66.4,1,Low,Average
1233,Male,Hyderabad,Tier1,Mechanical,Embedded,Yes,No,8.31,7.59,8.82,7.81,7.83,7.88,7.41,8.24,8.14,88.0,3,4,3,2,1,84.3,4.5,77.6,74.1,0,High,High-Achiever
1234,Male,Hyderabad,Tier3,CS,Networking,No,No,5.41,5.0,5.16,5.49,4.47,5.47,5.24,5.4,5.25,61.1,1,2,2,1,0,39.8,2.6,39.3,36.3,1,Low,Below-Average
1235,Female,Jaipur,Tier1,ECE,AI,No,Yes,7.72,7.5,8.3,8.42,7.3,7.49,7.43,7.06,7.82,82.8,2,4,1,3,1,76.6,4.6,88.1,81.0,1,Mid,High-Achiever
1236,Male,Jaipur,Tier1,EE,Networking,Yes,No,7.64,7.15,7.51,7.12,7.44,8.15,7.83,8.43,7.79,88.5,1,4,0,5,2,76.8,3.7,78.2,56.8,1,Mid,High-Achiever
1237,Female,Hyderabad,Tier1,IT,DataScience,No,No,7.56,8.59,8.49,8.5,8.44,8.19,8.79,7.97,8.09,90.6,2,2,2,3,2,73.6,4.7,68.2,73.8,1,High,High-Achiever
1238,Female,Kochi,Tier2,IT,Embedded,No,No,7.62,7.86,6.69,6.67,7.18,7.35,6.59,7.27,7.05,77.6,1,2,1,1,1,73.1,3.5,48.3,52.8,1,Mid,Average
1239,Male,Chennai,Tier1,CS,DataScience,No,No,7.91,7.4,7.25,7.61,7.93,7.13,7.59,7.53,7.91,90.9,3,4,2,4,1,74.2,4.2,82.1,86.4,1,Mid,High-Achiever
1240,Male,Mumbai,Tier1,EE,DataScience,Yes,No,8.57,7.8,8.88,8.19,8.99,8.37,8.98,8.54,8.44,95.1,2,4,2,4,0,75.8,3.9,69.0,74.9,1,High,High-Achiever
1241,Male,Kolkata,Tier3,CS,Networking,Yes,Yes,6.46,6.3,6.75,6.3,6.7,6.26,6.35,5.89,6.24,69.4,0,2,1,1,0,59.3,2.1,39.0,38.4,1,Low,Below-Average
1242,Female,Kochi,Tier2,Civil,DataScience,No,No,6.43,6.29,6.34,6.47,6.31,6.38,6.27,5.6,6.22,75.6,1,4,1,1,0,60.4,2.7,47.5,61.6,0,Low,Average
1243,Male,Bangalore,Tier2,IT,DataScience,Yes,No,6.54,7.59,6.53,6.9,6.71,6.92,6.9,6.99,6.88,65.6,2,2,2,2,1,63.5,3.1,74.8,57.2,0,Mid,Average
1244,Female,Pune,Tier1,CS,AI,No,No,9.27,9.69,9.14,9.22,8.76,8.49,8.82,8.12,9.01,85.0,3,3,3,3,0,73.9,4.4,97.2,75.2,0,High,High-Achiever
1245,Female,Kolkata,Tier2,Civil,Networking,No,No,6.71,6.5,6.93,6.71,6.43,7.05,5.94,6.27,6.75,73.2,1,1,2,1,0,71.7,3.0,50.5,62.8,1,Mid,Average
1246,Female,Bangalore,Tier1,ECE,AI,No,No,8.7,8.44,7.72,8.0,7.84,7.99,7.75,8.36,8.21,89.3,1,3,3,3,1,85.1,3.6,83.8,75.0,1,High,High-Achiever
1247,Male,Bangalore,Tier2,IT,Embedded,No,No,8.69,8.45,7.75,8.24,7.71,7.74,8.2,7.63,7.7,71.2,2,2,2,1,0,70.9,3.0,51.4,58.6,0,Mid,Average
1248,Female,Jaipur,Tier1,EE,Embedded,No,No,8.7,8.14,8.26,7.42,8.59,9.09,8.42,8.1,8.35,83.3,1,3,3,2,1,83.2,4.0,79.8,70.9,1,High,High-Achiever
1249,Male,Ahmedabad,Tier3,CS,AI,No,Yes,6.51,6.37,6.0,6.27,6.18,5.93,6.55,6.98,6.27,48.1,1,0,0,1,0,48.7,2.6,60.0,32.5,0,Low,Below-Average
1250,Female,Hyderabad,Tier2,ECE,Networking,No,No,5.86,6.22,6.13,6.39,6.68,5.83,6.18,6.95,6.34,55.1,0,3,2,3,1,54.8,3.1,81.3,55.7,1,Low,Specialist
1251,Male,Delhi,Tier1,EE,Networking,Yes,No,7.88,8.12,9.1,8.67,8.45,8.09,8.61,8.49,8.33,86.8,2,5,3,4,2,75.1,4.6,80.0,80.1,1,High,High-Achiever
1252,Male,Delhi,Tier1,ECE,AI,Yes,No,8.67,8.82,9.07,8.92,8.12,9.13,8.63,8.86,8.74,80.7,3,4,3,4,1,87.7,4.7,75.4,68.0,0,High,High-Achiever
1253,Female,Kochi,Tier1,Civil,AI,Yes,No,7.98,9.06,8.45,8.24,9.15,8.65,8.83,9.15,8.66,83.0,2,3,1,3,3,84.6,5.0,90.0,83.3,0,High,High-Achiever
1254,Female,Pune,Tier2,Mechanical,DataScience,Yes,No,7.25,7.24,7.62,8.04,7.95,7.92,7.65,7.53,7.61,71.8,0,3,1,2,1,59.5,2.7,30.6,68.1,0,Mid,Average
1255,Female,Kochi,Tier1,EE,Embedded,No,No,8.54,7.73,8.45,8.49,8.3,8.53,7.75,8.22,8.23,81.3,2,4,2,3,1,80.2,3.9,78.9,84.8,0,High,High-Achiever
1256,Male,Bangalore,Tier3,Mechanical,Networking,No,No,6.1,5.09,5.59,5.55,6.13,5.8,6.03,5.61,5.53,63.8,0,1,1,0,0,45.3,3.2,41.5,47.0,0,Low,Below-Average
1257,Female,Ahmedabad,Tier3,Mechanical,AI,No,Yes,5.4,5.65,5.19,5.2,5.97,5.61,5.41,5.34,5.46,67.4,0,1,1,0,0,37.8,2.5,35.4,50.4,0,Low,Below-Average
1258,Female,Hyderabad,Tier3,ECE,DataScience,No,Yes,5.69,5.59,6.0,6.15,6.31,5.9,6.07,5.98,5.99,54.5,0,1,1,0,0,49.6,3.3,50.6,65.9,1,Low,Below-Average
1259,Female,Mumbai,Tier2,CS,DataScience,No,No,7.02,6.54,6.58,6.19,6.24,5.89,6.48,6.14,6.38,71.5,1,3,1,3,0,61.7,3.6,70.8,59.6,1,Low,Average
1260,Female,Ahmedabad,Tier2,IT,DataScience,No,Yes,7.47,6.58,6.74,6.76,6.81,6.25,6.64,6.9,6.81,74.8,1,3,2,3,0,50.5,4.3,73.7,42.5,0,Mid,Specialist
1261,Male,Ahmedabad,Tier1,IT,AI,No,No,8.78,8.59,8.32,8.99,8.92,8.64,8.11,8.72,8.73,84.4,4,3,2,2,0,71.1,4.6,96.7,67.3,1,High,High-Achiever
1262,Male,Chennai,Tier2,IT,Networking,No,No,5.8,6.47,6.7,5.95,6.06,6.61,5.74,5.77,6.21,68.7,1,1,2,2,0,52.5,4.0,47.2,76.0,0,Low,Average
1263,Female,Bangalore,Tier2,IT,Embedded,No,No,7.42,7.93,7.59,7.51,7.93,8.29,7.88,7.79,7.72,84.6,1,2,3,1,1,62.0,3.3,71.6,76.2,0,Mid,Average
1264,Male,Pune,Tier2,Mechanical,Networking,No,No,7.92,7.72,7.9,8.22,7.95,8.07,7.64,7.28,7.79,78.0,1,3,2,2,0,59.1,3.1,86.2,43.9,0,Mid,Specialist
1265,Female,Kochi,Tier2,Civil,DataScience,Yes,No,7.5,7.37,7.08,8.15,6.99,8.31,7.86,7.55,7.6,79.8,3,2,2,1,0,58.0,3.3,55.5,56.2,1,Mid,Average
1266,Female,Delhi,Tier3,ECE,DataScience,No,Yes,6.18,6.8,6.57,6.96,6.65,6.2,6.66,5.82,6.5,69.3,0,0,2,2,0,53.9,1.9,37.9,40.8,0,Low,Below-Average
1267,Female,Ahmedabad,Tier1,ECE,Networking,No,No,8.43,8.39,8.14,9.04,7.83,8.14,8.33,8.22,8.54,78.1,2,5,3,3,0,79.6,4.8,81.8,86.6,0,High,High-Achiever
1268,Male,Jaipur,Tier2,IT,Networking,No,No,4.8,4.95,4.84,4.64,4.66,4.31,4.45,4.02,4.67,82.2,1,4,1,2,1,65.8,3.7,86.7,39.6,0,Low,Specialist
1269,Female,Delhi,Tier2,EE,DataScience,No,No,6.18,6.43,5.56,5.78,6.05,6.32,6.22,5.8,5.89,78.1,0,0,1,2,1,63.5,3.3,51.7,46.3,1,Low,Average
1270,Female,Delhi,Tier2,Mechanical,Networking,No,Yes,6.69,7.05,7.05,7.38,7.32,6.96,7.24,7.44,7.15,83.1,1,3,1,1,1,58.7,4.2,57.9,79.3,1,Mid,Average
1271,Male,Chennai,Tier2,CS,DataScience,Yes,Yes,5.47,5.85,5.31,6.06,5.81,5.72,5.3,5.53,5.53,73.5,1,2,1,2,1,61.1,2.8,78.8,58.7,0,Low,Specialist
1272,Male,Chennai,Tier2,EE,Networking,No,Yes,6.37,6.29,6.02,6.14,6.07,6.38,5.89,6.87,6.45,75.4,1,2,2,3,1,54.9,2.6,49.1,65.6,0,Low,Average
1273,Female,Delhi,Tier2,ECE,Embedded,No,No,7.22,7.9,7.01,6.86,6.7,7.1,6.64,6.66,6.96,72.8,1,3,1,3,1,69.3,4.0,52.6,60.4,0,Mid,Average
1274,Male,Kochi,Tier2,ECE,DataScience,No,No,7.44,7.83,7.8,6.57,6.85,7.5,7.43,7.37,7.37,77.9,3,3,1,1,0,57.5,2.9,49.7,65.7,0,Mid,Average
1275,Male,Hyderabad,Tier1,EE,AI,No,No,7.83,7.93,8.25,7.35,8.25,7.46,8.28,7.74,7.77,86.4,2,4,3,2,1,85.5,4.1,79.1,67.4,1,Mid,High-Achiever
1276,Female,Jaipur,Tier2,CS,Embedded,Yes,No,6.81,6.55,6.01,6.51,6.83,6.2,6.32,6.18,6.73,81.9,0,2,2,2,1,62.3,3.6,63.9,55.3,0,Mid,Average
1277,Female,Mumbai,Tier1,Mechanical,Networking,No,No,9.47,9.36,8.97,9.28,9.52,9.53,9.13,9.56,9.25,80.1,2,2,2,4,1,86.4,4.4,82.8,78.7,0,High,High-Achiever
1278,Male,Kolkata,Tier1,Civil,Networking,Yes,No,8.22,7.57,8.79,8.72,8.14,7.6,8.67,8.48,7.96,85.3,2,2,3,3,1,73.3,4.5,95.8,62.1,0,Mid,High-Achiever
1279,Female,Pune,Tier3,CS,Embedded,No,Yes,6.36,6.59,6.33,5.8,5.86,5.91,5.88,5.69,6.11,80.4,0,2,0,1,0,41.9,3.1,19.9,41.0,1,Low,Below-Average
1280,Female,Pune,Tier2,Mechanical,AI,No,No,7.24,6.77,6.36,6.56,6.47,6.69,6.29,6.53,6.71,70.0,1,3,1,1,0,68.0,3.8,64.2,59.1,1,Mid,Average
1281,Female,Ahmedabad,Tier2,EE,Networking,No,Yes,7.28,7.15,7.29,7.54,6.56,7.17,7.07,6.93,7.33,73.1,1,1,1,1,1,74.4,3.1,60.1,59.6,1,Mid,Average
1282,Female,Delhi,Tier2,Civil,AI,Yes,No,8.41,8.43,7.81,7.56,6.98,7.71,7.26,7.65,7.66,67.9,3,2,2,0,0,78.3,3.6,67.3,57.6,1,Mid,Average
1283,Male,Jaipur,Tier2,IT,Embedded,No,No,7.05,7.41,7.81,7.03,7.54,7.21,7.76,7.85,7.44,77.7,1,1,2,2,0,65.3,2.7,66.4,54.0,1,Mid,Average
1284,Female,Pune,Tier2,IT,AI,Yes,No,7.59,7.13,6.73,7.41,6.73,7.68,7.01,7.63,7.55,69.1,0,1,1,0,0,79.7,4.3,58.5,47.4,1,Mid,Average
1285,Female,Delhi,Tier2,CS,DataScience,No,Yes,4.79,4.84,4.97,5.46,4.49,4.61,5.44,5.69,5.08,68.3,2,4,1,3,1,57.1,2.2,86.4,56.7,0,Low,Specialist
1286,Female,Bangalore,Tier2,EE,Embedded,No,Yes,6.89,7.51,7.27,6.54,7.18,6.69,6.98,6.76,6.89,77.6,2,3,2,3,1,71.0,3.0,79.0,51.4,1,Mid,Specialist
1287,Male,Hyderabad,Tier2,ECE,AI,Yes,No,6.75,6.87,6.65,5.86,6.93,6.9,6.57,5.35,6.49,69.4,1,2,2,2,1,57.5,2.8,65.5,51.0,1,Low,Average
1288,Female,Kochi,Tier2,Civil,Networking,No,No,7.49,7.61,7.48,7.42,7.15,7.54,7.08,7.37,7.16,81.3,1,4,1,1,1,68.4,3.1,43.1,62.5,0,Mid,Average
1289,Female,Chennai,Tier2,EE,AI,No,No,7.19,7.15,6.94,6.89,7.29,6.84,6.9,7.13,7.15,81.6,2,1,1,2,0,46.3,3.5,67.0,59.6,0,Mid,Average
1290,Female,Kochi,Tier2,Civil,AI,No,No,7.16,7.5,7.32,8.0,8.11,6.92,7.67,6.91,7.29,83.4,1,2,1,3,1,56.0,3.2,59.8,58.3,1,Mid,Average
1291,Female,Pune,Tier2,IT,DataScience,No,No,6.36,6.53,7.74,7.5,6.84,7.17,7.0,7.69,7.2,76.1,0,1,2,2,1,68.7,4.1,55.6,44.7,0,Mid,Average
1292,Female,Mumbai,Tier3,CS,DataScience,No,No,5.23,4.76,4.83,4.72,5.17,4.63,4.58,4.49,4.91,92.4,1,1,1,2,0,36.2,2.9,39.7,50.8,0,Low,Below-Average
1293,Female,Kolkata,Tier2,Mechanical,DataScience,Yes,Yes,6.05,6.19,6.11,6.44,6.09,6.75,6.0,6.34,6.19,83.4,2,2,2,1,1,68.4,3.3,58.6,52.1,1,Low,Average
1294,Male,Kolkata,Tier2,CS,AI,Yes,No,7.39,6.92,7.75,7.22,7.65,7.76,7.86,7.35,7.52,77.6,2,3,2,1,1,72.3,3.4,71.7,62.5,1,Mid,Average
1295,Male,Jaipur,Tier2,Civil,Embedded,Yes,No,6.72,6.82,7.14,7.27,7.37,6.72,7.4,6.71,7.11,68.0,1,2,1,2,1,61.0,4.1,89.1,55.5,0,Mid,Average
1296,Female,Kolkata,Tier2,EE,DataScience,Yes,No,8.07,7.93,7.31,7.31,7.27,7.72,7.74,7.55,7.69,74.2,1,2,1,0,0,57.2,4.0,71.0,58.9,1,Mid,Average
1297,Female,Hyderabad,Tier1,EE,Networking,Yes,No,8.25,8.57,8.46,8.96,8.32,8.75,8.45,8.29,8.48,95.1,2,3,4,5,2,77.2,3.7,78.0,86.1,1,High,High-Achiever
1298,Male,Kochi,Tier1,IT,Networking,Yes,No,7.94,7.72,8.02,7.48,7.33,7.17,8.23,8.0,7.8,96.5,2,3,2,3,0,74.2,3.9,86.4,81.7,0,Mid,High-Achiever
1299,Male,Mumbai,Tier3,IT,Networking,No,Yes,6.7,6.46,6.15,6.27,6.3,7.07,6.2,5.95,6.18,74.8,0,1,0,1,0,47.1,3.1,48.7,55.3,1,Low,Below-Average
1300,Male,Chennai,Tier2,IT,Networking,Yes,No,7.15,7.05,6.29,6.47,6.48,7.32,6.73,7.1,6.78,81.3,1,2,0,1,1,65.8,3.7,51.7,64.6,0,Mid,Average
1301,Male,Hyderabad,Tier1,Mechanical,Embedded,Yes,Yes,8.97,9.41,9.0,8.95,8.77,8.42,8.66,8.16,8.67,81.7,2,4,2,2,1,78.2,3.8,73.2,80.8,1,High,High-Achiever
1302,Male,Mumbai,Tier2,ECE,AI,No,No,6.69,7.2,6.48,6.45,6.6,6.54,6.54,6.74,6.61,78.9,2,2,2,3,1,78.4,3.9,59.4,47.8,0,Mid,Average
1303,Female,Chennai,Tier3,CS,Networking,Yes,No,6.38,7.37,6.24,6.91,7.01,6.62,7.17,7.02,6.65,47.6,1,1,0,0,0,41.5,2.3,50.1,40.8,1,Mid,Below-Average
1304,Male,Pune,Tier1,CS,Embedded,Yes,No,7.61,8.25,7.75,8.54,8.12,8.31,8.19,8.45,8.06,80.6,2,4,4,3,1,88.3,4.7,70.7,76.4,0,High,High-Achiever
1305,Male,Delhi,Tier3,Mechanical,Networking,No,Yes,4.96,4.94,4.89,5.08,5.44,4.74,5.03,4.87,5.26,62.4,0,2,1,1,0,38.6,3.1,34.8,56.2,1,Low,Below-Average
1306,Female,Kochi,Tier2,Mechanical,Embedded,No,Yes,6.12,5.76,6.01,6.29,6.11,6.15,6.06,7.01,6.09,74.7,1,4,2,2,0,60.7,2.4,89.6,48.9,0,Low,Specialist
1307,Male,Mumbai,Tier2,IT,Embedded,Yes,No,6.18,6.84,5.79,6.82,5.98,5.89,6.38,6.04,6.34,82.2,1,2,1,1,1,74.5,3.2,60.4,64.1,1,Low,Average
1308,Male,Kolkata,Tier3,ECE,AI,No,Yes,5.95,5.57,5.93,6.21,5.83,5.6,5.83,6.19,5.73,65.0,0,2,0,1,0,58.2,2.5,56.2,46.3,1,Low,Below-Average
1309,Female,Mumbai,Tier1,Mechanical,Embedded,Yes,No,9.17,9.74,9.56,8.61,9.23,10.0,8.84,9.07,9.31,90.7,2,3,3,2,0,77.5,4.3,72.1,86.1,0,High,High-Achiever
1310,Male,Hyderabad,Tier2,CS,AI,No,Yes,6.38,5.54,5.45,5.29,5.61,5.32,5.82,5.68,5.61,61.1,1,2,2,3,1,65.6,3.1,100.0,53.4,0,Low,Specialist
1311,Male,Kochi,Tier2,Civil,Embedded,Yes,No,7.14,7.13,7.44,6.8,6.84,7.55,7.87,7.36,7.24,74.2,1,3,1,2,0,68.4,2.9,46.2,68.6,0,Mid,Average
1312,Male,Delhi,Tier2,Civil,DataScience,No,No,4.36,4.0,4.11,4.28,4.0,4.0,4.87,4.0,4.0,56.4,1,3,1,2,1,54.6,2.2,68.8,34.5,1,Low,Specialist
1313,Female,Hyderabad,Tier2,CS,Embedded,No,No,6.76,6.61,7.07,7.15,6.78,6.41,7.06,6.46,6.98,59.0,2,2,2,1,0,69.9,3.8,59.5,49.1,1,Mid,Average
1314,Female,Ahmedabad,Tier1,EE,Embedded,Yes,No,8.18,8.35,7.92,8.48,8.23,7.81,8.36,8.4,8.34,91.7,3,3,1,5,2,91.2,4.3,74.1,62.0,1,High,High-Achiever
1315,Male,Jaipur,Tier1,EE,AI,No,No,8.57,8.55,7.93,8.2,8.87,8.17,8.45,8.05,8.09,84.2,2,3,2,2,1,82.8,4.2,81.7,83.5,1,High,High-Achiever
1316,Male,Pune,Tier3,Civil,DataScience,No,Yes,6.25,6.13,5.75,6.43,5.47,6.33,6.08,5.93,6.26,68.7,0,1,0,0,0,53.1,3.0,41.3,50.7,0,Low,Below-Average
1317,Male,Pune,Tier2,EE,Networking,Yes,No,6.52,7.55,6.9,6.75,6.83,7.27,7.27,6.88,6.8,83.9,1,4,1,2,1,70.4,3.2,58.2,69.2,1,Mid,Average
1318,Female,Kochi,Tier1,CS,Networking,No,No,8.2,8.35,9.01,8.76,8.48,8.51,8.95,8.01,8.41,84.9,4,4,3,3,2,71.2,4.3,76.1,73.3,0,High,High-Achiever
1319,Male,Jaipur,Tier3,IT,AI,Yes,No,5.8,5.01,5.11,5.96,4.83,5.0,5.27,4.99,5.24,65.9,0,0,0,1,0,52.1,4.3,46.3,38.4,0,Low,Below-Average
1320,Female,Ahmedabad,Tier3,EE,Networking,Yes,Yes,4.39,4.0,4.66,4.0,4.0,4.0,4.34,4.55,4.16,53.4,1,0,0,1,0,38.8,3.5,38.8,42.8,0,Low,Below-Average
1321,Male,Pune,Tier2,ECE,Networking,Yes,No,5.97,6.74,6.46,6.51,6.21,5.79,6.03,6.31,6.32,60.2,2,1,1,2,1,60.3,3.4,69.9,73.5,0,Low,Average
1322,Female,Delhi,Tier2,ECE,AI,No,No,7.3,7.57,7.23,7.94,7.4,7.68,7.06,7.17,7.58,76.0,0,1,1,2,1,82.3,3.2,58.4,75.6,0,Mid,Average
1323,Female,Jaipur,Tier1,Civil,AI,No,No,7.63,7.51,8.35,7.61,7.49,7.81,7.64,7.51,7.45,85.6,2,3,3,3,2,78.5,3.1,75.2,83.6,0,Mid,High-Achiever
1324,Male,Bangalore,Tier3,Civil,DataScience,No,No,5.14,5.19,5.6,5.55,4.5,4.84,4.33,4.83,4.96,55.6,1,2,1,2,0,41.3,3.4,25.1,47.3,0,Low,Below-Average
1325,Female,Chennai,Tier2,IT,Networking,No,No,6.62,7.21,7.29,6.86,6.86,6.68,6.86,6.65,6.76,90.8,1,1,0,2,1,74.2,3.9,58.5,72.7,0,Mid,Average
1326,Female,Pune,Tier3,IT,Networking,No,No,6.66,6.08,6.74,7.21,6.6,6.49,6.75,6.96,6.72,44.7,0,3,0,0,0,39.5,2.5,29.3,41.4,0,Mid,Below-Average
1327,Female,Kochi,Tier2,Civil,Embedded,Yes,No,7.79,7.42,7.22,7.66,7.64,8.14,7.31,6.51,7.46,78.1,1,1,2,2,0,61.4,2.8,47.9,58.9,1,Mid,Average
1328,Male,Kolkata,Tier2,EE,AI,No,No,7.38,7.13,7.03,7.01,6.29,6.77,6.95,7.28,6.67,67.0,1,1,1,0,0,75.0,2.9,64.7,61.0,0,Mid,Average
1329,Female,Kochi,Tier1,EE,DataScience,No,No,8.45,8.64,9.39,9.3,8.74,9.08,9.34,9.13,9.15,92.5,2,5,3,3,1,80.3,4.4,69.6,71.1,1,High,High-Achiever
1330,Female,Chennai,Tier1,IT,DataScience,Yes,No,7.8,8.44,8.44,7.75,7.88,8.15,8.68,8.06,8.13,89.5,2,5,3,4,1,70.6,4.2,91.9,76.8,1,High,High-Achiever
1331,Male,Mumbai,Tier3,EE,Embedded,No,Yes,6.42,6.62,6.63,6.49,6.2,6.36,6.31,6.06,6.21,63.8,0,1,1,1,0,52.9,3.2,43.6,32.8,0,Low,Below-Average
1332,Female,Jaipur,Tier2,Civil,Embedded,Yes,No,6.56,6.33,5.86,6.0,6.53,6.46,5.3,6.0,6.18,67.4,2,2,1,2,0,61.8,3.5,59.6,70.2,1,Low,Average
1333,Male,Delhi,Tier2,CS,Embedded,Yes,No,7.66,7.63,7.53,7.6,8.43,8.17,7.13,7.34,7.64,68.9,0,2,0,2,1,77.3,4.0,50.7,66.3,0,Mid,Average
1334,Female,Jaipur,Tier2,ECE,AI,No,Yes,5.64,5.74,5.68,5.32,6.05,5.79,5.62,5.95,5.68,78.3,0,3,2,3,1,53.9,3.5,91.1,72.2,0,Low,Specialist
1335,Male,Bangalore,Tier2,ECE,Embedded,No,Yes,5.27,5.52,5.45,5.7,5.67,5.11,5.65,4.43,5.18,85.9,2,1,3,3,1,70.5,3.8,85.0,35.4,1,Low,Specialist
1336,Female,Kolkata,Tier3,ECE,Networking,Yes,No,5.35,5.13,5.68,5.55,5.35,5.41,5.38,4.84,5.35,64.8,0,0,2,1,0,64.0,1.5,35.1,63.0,1,Low,Below-Average
1337,Male,Kochi,Tier1,IT,DataScience,Yes,No,8.51,8.0,9.29,8.1,8.86,8.73,8.44,8.32,8.64,83.5,2,3,2,3,2,74.9,3.7,83.4,67.0,1,High,High-Achiever
1338,Male,Kochi,Tier2,Mechanical,AI,No,No,6.91,6.89,6.86,6.54,7.05,6.62,6.33,7.11,6.7,77.7,1,4,1,0,0,63.5,3.3,44.9,52.4,1,Mid,Average
1339,Male,Mumbai,Tier3,IT,Embedded,Yes,Yes,5.5,6.26,6.41,5.89,5.83,5.66,5.76,5.52,5.89,84.3,1,2,1,1,0,51.5,3.4,25.6,37.8,0,Low,Below-Average
1340,Female,Chennai,Tier2,IT,DataScience,Yes,No,6.31,6.18,6.89,7.14,7.07,6.84,6.85,6.93,6.65,75.8,1,2,1,2,1,58.1,4.4,49.9,72.5,0,Mid,Average
1341,Female,Delhi,Tier1,EE,Networking,No,No,8.18,9.29,9.57,9.36,8.8,9.21,9.19,8.39,8.81,95.3,3,3,3,3,0,81.6,4.1,84.4,79.6,1,High,High-Achiever
1342,Male,Mumbai,Tier3,CS,DataScience,No,No,5.84,5.86,5.5,5.85,5.36,5.98,5.66,5.66,5.81,52.6,0,1,1,0,0,46.0,2.4,42.0,41.6,0,Low,Below-Average
1343,Female,Delhi,Tier2,Civil,Networking,No,No,6.74,6.79,7.31,6.09,6.6,6.66,7.16,7.62,6.96,74.7,1,2,2,3,1,63.0,2.5,69.4,55.7,0,Mid,Average
1344,Male,Kolkata,Tier2,ECE,AI,Yes,Yes,7.0,6.95,5.91,6.98,6.95,6.13,7.06,7.16,6.74,80.0,0,3,2,2,1,65.4,3.9,51.7,51.0,0,Mid,Average
1345,Female,Bangalore,Tier2,Civil,DataScience,No,No,5.8,6.01,6.51,5.95,5.96,6.6,5.75,5.74,6.12,73.6,2,0,2,2,2,60.7,2.8,89.6,68.6,0,Low,Specialist
1346,Female,Bangalore,Tier2,ECE,DataScience,No,No,7.36,7.23,7.63,7.09,7.37,7.44,7.35,7.38,7.33,68.9,1,5,1,2,0,66.3,5.0,59.0,68.4,0,Mid,Average
1347,Female,Ahmedabad,Tier2,CS,DataScience,No,No,8.58,8.32,8.04,8.48,8.75,8.44,8.44,8.09,8.24,68.5,2,3,1,2,0,60.2,3.1,51.5,72.8,0,High,Average
1348,Female,Bangalore,Tier2,ECE,Embedded,Yes,No,8.29,8.16,6.54,7.61,7.27,7.97,7.67,7.65,7.56,82.9,2,2,0,1,1,60.6,4.6,63.5,65.2,1,Mid,Average
1349,Male,Kochi,Tier2,EE,Embedded,Yes,No,7.34,7.25,7.46,7.44,7.91,7.74,7.74,7.47,7.59,84.5,2,1,1,2,1,64.1,3.9,59.4,40.9,0,Mid,Average
1350,Female,Jaipur,Tier1,CS,DataScience,No,No,9.94,10.0,9.99,9.9,10.0,9.46,10.0,9.27,10.0,95.6,2,4,2,2,0,79.7,3.8,77.6,69.3,1,High,High-Achiever
1351,Female,Kochi,Tier3,ECE,AI,Yes,No,5.93,5.89,5.85,5.8,6.06,5.79,5.86,6.05,5.86,78.0,1,1,1,0,0,44.1,2.9,42.4,48.6,1,Low,Below-Average
1352,Female,Chennai,Tier3,Mechanical,DataScience,Yes,No,5.67,6.2,5.97,6.62,5.86,5.77,5.87,5.58,5.84,61.3,0,1,0,1,0,50.9,3.3,40.7,40.3,1,Low,Below-Average
1353,Female,Hyderabad,Tier1,Civil,Networking,No,No,8.82,8.84,8.76,9.18,8.55,8.77,8.7,8.19,8.85,86.4,1,4,2,2,0,69.1,4.1,80.9,74.1,1,High,High-Achiever
1354,Female,Mumbai,Tier2,Mechanical,Embedded,No,No,6.52,6.94,6.22,6.54,6.39,6.74,6.22,6.22,6.39,85.8,1,2,2,3,0,59.2,3.9,56.3,53.2,0,Low,Average
1355,Female,Pune,Tier3,IT,Networking,No,Yes,5.39,5.75,5.32,5.35,4.61,5.74,5.01,4.91,5.19,67.1,0,1,1,1,0,45.5,3.3,29.0,53.5,1,Low,Below-Average
1356,Female,Mumbai,Tier1,Mechanical,Embedded,Yes,No,8.19,7.89,8.47,8.52,7.93,8.52,8.01,8.5,8.25,83.1,3,4,2,2,1,74.9,4.4,82.5,81.2,1,High,High-Achiever
1357,Female,Kolkata,Tier2,Mechanical,Embedded,Yes,No,7.46,7.39,7.5,6.94,7.66,7.12,7.45,7.79,7.39,66.7,2,2,3,3,1,78.0,3.5,52.8,66.0,1,Mid,Average
1358,Female,Kochi,Tier2,ECE,Embedded,Yes,No,6.37,7.34,6.19,7.48,6.4,6.53,6.86,7.0,6.9,78.9,1,2,2,2,0,65.2,2.9,50.8,56.9,0,Mid,Average
1359,Female,Mumbai,Tier3,EE,AI,Yes,Yes,5.52,6.19,5.56,5.39,5.06,5.07,4.63,4.8,5.6,58.2,0,2,0,1,0,49.6,2.8,39.6,45.8,1,Low,Below-Average
1360,Male,Hyderabad,Tier1,ECE,DataScience,Yes,No,8.67,9.26,9.38,9.32,8.75,9.14,9.18,9.06,9.04,87.9,2,2,2,4,3,77.1,4.3,87.1,68.6,0,High,High-Achiever
1361,Male,Kochi,Tier3,ECE,AI,Yes,No,5.99,5.93,6.41,5.87,5.92,6.6,5.82,6.07,6.1,70.7,0,0,1,2,0,47.9,1.7,43.9,42.7,0,Low,Below-Average
1362,Male,Mumbai,Tier2,EE,DataScience,Yes,No,7.0,7.42,7.19,7.04,6.77,7.28,6.84,7.42,6.9,81.1,1,2,2,2,0,55.3,3.6,55.2,41.8,0,Mid,Average
1363,Male,Mumbai,Tier2,Civil,AI,Yes,Yes,6.89,6.18,6.42,6.23,6.25,6.6,6.67,6.07,6.6,85.6,1,1,1,2,1,63.6,3.5,54.9,49.5,1,Mid,Average
1364,Male,Pune,Tier1,Civil,Networking,No,No,9.81,8.23,9.29,8.81,8.69,8.88,8.79,9.11,9.07,78.3,1,3,3,3,2,74.4,3.7,86.5,75.7,1,High,High-Achiever
1365,Female,Pune,Tier2,CS,DataScience,No,No,6.97,7.22,6.69,6.95,7.11,7.85,7.51,7.38,7.46,77.0,0,3,2,2,1,62.8,3.3,38.4,81.0,1,Mid,Average
1366,Male,Pune,Tier2,IT,Embedded,No,No,5.63,6.48,6.23,6.28,5.7,5.33,6.35,5.99,6.04,80.6,1,2,2,1,1,44.5,3.3,67.2,47.6,1,Low,Average
1367,Male,Kolkata,Tier1,Mechanical,Embedded,No,No,8.25,8.33,9.14,8.22,8.75,8.48,7.55,8.9,8.34,80.4,3,2,4,3,1,73.2,5.0,68.9,69.3,1,High,High-Achiever
1368,Female,Kochi,Tier1,Mechanical,AI,No,No,9.15,8.0,9.11,8.78,8.84,8.94,9.34,8.44,8.58,84.7,2,3,4,4,0,88.8,4.3,72.1,79.5,1,High,High-Achiever
1369,Male,Mumbai,Tier1,Mechanical,AI,No,No,9.57,8.35,9.59,8.89,9.75,8.66,9.15,8.53,8.89,83.8,3,4,4,3,1,85.0,4.6,78.4,90.4,0,High,High-Achiever
1370,Female,Ahmedabad,Tier2,EE,Embedded,No,No,7.33,7.8,7.75,7.22,7.28,7.53,7.44,7.3,7.55,75.2,1,2,2,1,0,75.6,3.4,79.5,63.6,1,Mid,Average
1371,Male,Kolkata,Tier1,ECE,Embedded,Yes,No,8.5,8.08,8.89,8.43,8.54,8.91,9.04,8.44,8.64,96.1,3,4,2,4,2,88.3,3.5,93.7,82.9,1,High,High-Achiever
1372,Female,Chennai,Tier2,EE,Embedded,No,No,6.58,6.49,6.57,6.34,5.48,6.62,6.1,6.26,6.47,88.2,2,3,0,2,1,66.7,3.7,90.7,50.9,0,Low,Specialist
1373,Female,Mumbai,Tier2,Mechanical,AI,Yes,Yes,7.16,7.01,7.34,6.65,7.48,6.52,7.02,6.74,7.04,68.5,2,2,2,0,0,61.4,3.2,63.2,57.9,1,Mid,Average
1374,Male,Chennai,Tier3,CS,AI,No,No,5.61,4.56,4.94,5.19,4.6,4.72,5.02,4.86,5.03,65.3,0,0,1,1,1,38.7,2.6,23.4,44.8,0,Low,Below-Average
1375,Male,Jaipur,Tier2,CS,Networking,Yes,Yes,5.67,5.34,5.88,5.27,5.75,6.2,5.5,6.05,5.79,75.0,1,2,1,1,1,71.5,2.5,86.3,47.1,1,Low,Specialist
1376,Female,Chennai,Tier1,Mechanical,Networking,Yes,No,8.72,8.53,9.17,8.58,8.63,8.2,8.22,9.27,8.51,89.9,3,3,1,4,1,80.4,4.2,78.2,83.1,1,High,High-Achiever
1377,Female,Kolkata,Tier3,CS,DataScience,No,No,5.33,5.31,5.78,5.44,5.42,5.46,5.37,5.28,5.48,64.0,1,1,1,1,0,70.4,3.4,33.8,27.9,0,Low,Below-Average
1378,Female,Chennai,Tier3,ECE,DataScience,Yes,No,4.0,4.0,4.85,4.0,4.0,4.03,4.31,4.25,4.18,63.0,1,1,1,1,1,44.7,3.4,43.5,52.9,1,Low,Below-Average
1379,Male,Ahmedabad,Tier2,CS,DataScience,No,No,7.15,6.86,6.63,6.5,6.73,6.62,7.14,6.53,6.76,88.5,0,2,1,2,0,80.8,4.3,55.8,62.3,0,Mid,Average
1380,Male,Chennai,Tier2,IT,AI,No,No,7.23,6.96,6.77,7.01,7.38,7.05,7.46,6.87,7.03,83.8,3,3,2,4,1,63.7,4.4,67.8,60.3,1,Mid,Average
1381,Male,Ahmedabad,Tier2,IT,AI,No,No,6.64,6.97,6.91,6.82,6.75,6.77,7.81,6.98,6.83,66.5,1,2,2,3,1,75.7,2.5,42.6,48.9,0,Mid,Average
1382,Male,Pune,Tier1,ECE,DataScience,Yes,No,8.68,8.58,8.89,7.6,8.56,8.03,8.67,9.02,8.38,92.0,1,5,3,3,1,90.2,3.7,82.5,71.1,0,High,High-Achiever
1383,Female,Chennai,Tier2,CS,DataScience,No,No,7.66,6.96,7.29,7.56,7.42,6.84,7.76,7.23,7.29,82.1,1,3,3,4,1,56.8,2.6,52.1,71.6,0,Mid,Average
1384,Female,Ahmedabad,Tier2,Civil,AI,Yes,No,5.02,5.61,5.31,4.68,4.45,4.94,4.79,5.04,5.14,72.8,0,3,1,2,1,55.2,3.6,81.7,52.5,1,Low,Specialist
1385,Female,Kochi,Tier2,Mechanical,Embedded,Yes,Yes,4.95,4.88,5.14,4.73,5.48,4.89,4.77,4.1,4.7,80.2,0,3,1,3,0,49.7,2.7,87.4,58.3,0,Low,Specialist
1386,Male,Kochi,Tier1,EE,DataScience,No,Yes,8.3,8.47,8.08,7.64,8.35,8.29,8.46,8.66,8.33,88.9,4,3,3,2,1,72.6,4.0,74.2,71.8,0,High,High-Achiever
1387,Female,Delhi,Tier3,Mechanical,Networking,Yes,Yes,6.0,6.11,6.0,5.92,5.55,6.22,5.8,6.34,6.03,62.0,0,0,1,0,0,54.0,2.7,43.6,43.7,1,Low,Below-Average
1388,Female,Kolkata,Tier2,CS,Networking,No,No,7.16,8.75,8.48,7.47,8.76,7.47,8.13,8.14,8.01,76.0,0,1,2,2,0,63.4,3.7,58.1,51.0,0,High,Average
1389,Male,Chennai,Tier2,EE,Networking,No,Yes,6.98,5.97,6.74,6.14,6.19,7.36,6.39,6.41,6.63,51.8,1,3,2,2,0,60.5,2.2,79.7,56.2,1,Mid,Specialist
1390,Female,Jaipur,Tier1,IT,Embedded,No,No,7.92,7.89,7.36,7.6,8.01,7.77,7.57,7.71,7.77,87.6,2,4,1,3,1,83.3,3.7,78.7,80.6,0,Mid,High-Achiever
1391,Female,Delhi,Tier2,Civil,AI,No,Yes,6.26,6.02,5.73,5.31,6.0,5.74,5.74,5.66,5.81,64.0,2,2,2,1,0,41.4,3.2,83.8,58.8,0,Low,Specialist
1392,Male,Mumbai,Tier3,Mechanical,DataScience,Yes,Yes,5.51,5.46,5.9,5.78,5.11,5.78,5.54,6.16,5.68,48.1,0,0,1,1,0,59.6,3.5,34.3,35.0,0,Low,Below-Average
1393,Male,Delhi,Tier1,CS,DataScience,No,No,8.89,8.57,7.96,8.61,8.77,9.14,8.46,9.13,8.59,95.2,2,2,2,2,1,77.9,4.2,82.0,75.6,0,High,High-Achiever
1394,Male,Jaipur,Tier1,Civil,AI,No,Yes,9.22,8.36,8.87,9.29,8.94,8.83,9.17,8.41,8.77,90.5,1,5,1,3,2,83.2,3.9,80.1,81.8,1,High,High-Achiever
1395,Male,Hyderabad,Tier3,EE,Networking,Yes,Yes,4.23,4.68,5.22,4.96,4.64,4.93,5.0,4.84,4.86,59.7,2,1,1,1,0,53.6,1.5,35.9,41.9,0,Low,Below-Average
1396,Female,Jaipur,Tier1,EE,Networking,No,No,8.73,8.6,9.1,8.54,8.51,7.51,7.98,7.93,8.53,85.2,3,3,2,3,0,88.2,4.6,93.1,76.0,1,High,High-Achiever
1397,Male,Kolkata,Tier2,CS,Embedded,No,No,7.57,7.14,7.33,6.95,7.57,7.59,7.37,5.99,7.25,77.4,1,1,3,1,1,64.2,3.1,63.7,77.2,1,Mid,Average
1398,Male,Jaipur,Tier2,EE,DataScience,Yes,Yes,5.98,7.44,6.58,6.33,6.37,6.57,6.6,7.09,6.66,78.9,1,4,2,3,1,38.8,2.4,81.9,43.6,0,Mid,Specialist
1399,Male,Bangalore,Tier2,ECE,Networking,No,No,6.49,6.24,6.54,6.71,6.92,6.32,6.98,6.5,6.52,68.4,1,3,1,2,2,65.5,2.6,61.3,70.6,0,Mid,Average
1400,Female,Pune,Tier2,IT,AI,No,No,6.54,7.23,6.23,7.21,6.16,6.57,6.87,5.94,6.79,75.0,1,1,0,2,1,66.6,2.8,50.8,52.8,0,Mid,Average
1401,Male,Delhi,Tier2,IT,Networking,No,No,4.87,5.45,5.5,6.38,5.41,5.83,5.36,4.88,5.38,81.9,1,3,2,3,0,56.7,3.0,56.1,67.2,0,Low,Average
1402,Male,Delhi,Tier1,CS,DataScience,Yes,No,8.19,8.22,8.22,8.06,8.16,8.14,8.33,8.56,8.19,78.3,3,3,3,3,2,80.9,4.1,79.8,83.0,1,High,High-Achiever
1403,Female,Delhi,Tier2,Civil,DataScience,Yes,No,5.93,5.8,6.22,5.24,5.72,5.29,6.01,5.83,5.58,69.5,1,2,1,1,1,56.4,2.4,75.0,48.9,1,Low,Specialist
1404,Male,Kochi,Tier2,ECE,Networking,No,No,6.87,5.74,6.57,6.43,6.67,6.75,6.43,5.97,6.39,71.6,0,2,2,1,0,54.3,3.6,63.5,52.3,0,Low,Average
1405,Male,Ahmedabad,Tier1,IT,AI,Yes,No,8.46,9.12,9.25,8.49,8.6,8.39,8.46,9.04,8.58,87.3,1,3,2,3,1,84.0,4.1,78.5,64.2,1,High,High-Achiever
1406,Female,Hyderabad,Tier1,EE,Embedded,Yes,Yes,8.42,8.12,7.73,8.44,8.37,8.84,8.51,8.34,8.47,85.5,3,2,3,4,3,76.6,5.0,79.5,73.7,0,High,High-Achiever
1407,Male,Kochi,Tier2,ECE,Networking,No,No,4.43,4.0,4.09,4.46,4.0,4.0,4.24,4.06,4.19,71.2,1,3,2,3,1,55.9,2.0,80.5,61.3,0,Low,Specialist
1408,Female,Kochi,Tier1,EE,AI,No,Yes,8.73,8.53,9.34,9.42,8.47,8.0,8.31,8.51,8.61,97.6,2,3,1,3,0,77.2,4.3,100.0,70.5,0,High,High-Achiever
1409,Female,Pune,Tier3,CS,AI,Yes,No,5.01,4.42,4.57,5.17,4.55,4.67,4.13,5.05,4.85,56.8,1,1,0,2,0,59.1,2.9,35.4,45.0,0,Low,Below-Average
1410,Male,Ahmedabad,Tier3,IT,Networking,No,No,5.99,5.39,5.68,6.67,5.61,5.64,5.38,5.69,5.84,62.9,0,1,2,1,0,47.6,2.2,21.3,29.2,1,Low,Below-Average
1411,Female,Jaipur,Tier3,EE,AI,Yes,No,4.67,4.7,4.59,4.03,5.42,4.17,4.94,4.65,4.6,79.9,1,1,1,0,0,48.7,2.9,26.0,41.7,0,Low,Below-Average
1412,Male,Jaipur,Tier2,CS,Networking,No,No,6.27,6.11,6.84,6.31,5.43,5.61,5.78,5.98,6.02,65.0,1,0,0,1,0,55.6,3.7,91.1,41.2,1,Low,Specialist
1413,Female,Jaipur,Tier3,Civil,Networking,No,Yes,5.6,5.19,5.22,4.97,5.58,5.59,5.13,5.44,5.3,78.1,1,0,0,0,0,52.2,2.9,55.4,43.2,1,Low,Below-Average
1414,Male,Ahmedabad,Tier2,ECE,Embedded,Yes,Yes,5.58,6.42,6.49,6.72,6.06,6.06,6.21,6.08,6.24,70.0,1,3,1,1,1,73.5,4.2,79.5,49.0,0,Low,Specialist
1415,Female,Kochi,Tier1,EE,AI,No,No,8.22,8.93,8.86,8.7,8.14,8.43,7.49,9.19,8.56,96.9,2,2,2,5,0,83.9,3.3,91.0,69.7,1,High,High-Achiever
1416,Male,Hyderabad,Tier3,Mechanical,Networking,No,Yes,6.02,4.8,4.47,5.3,5.03,5.54,5.41,5.03,5.32,67.5,1,1,1,1,0,54.2,2.3,49.4,37.4,1,Low,Below-Average
1417,Male,Jaipur,Tier2,ECE,AI,No,No,5.87,6.73,5.92,6.34,5.35,5.54,5.94,6.1,6.08,77.5,2,1,1,2,1,69.8,4.2,58.3,54.5,1,Low,Average
1418,Male,Kochi,Tier2,IT,DataScience,Yes,Yes,6.08,6.25,5.67,5.64,6.33,6.25,6.34,6.06,6.11,74.5,1,2,1,3,0,54.0,4.0,57.7,51.5,1,Low,Average
1419,Female,Bangalore,Tier3,Civil,DataScience,No,Yes,5.1,5.49,5.4,5.02,5.53,5.21,5.02,5.56,5.09,53.8,0,2,1,0,0,40.1,3.1,43.8,54.8,1,Low,Below-Average
1420,Male,Kolkata,Tier2,Mechanical,DataScience,No,No,6.2,5.77,6.6,6.29,5.99,5.9,5.95,5.59,5.99,70.7,2,3,3,2,1,58.0,4.1,92.0,50.7,0,Low,Specialist
1421,Male,Mumbai,Tier3,Mechanical,AI,Yes,Yes,5.76,5.03,5.25,5.4,6.07,4.92,4.83,5.2,5.07,69.0,1,0,0,2,0,41.5,1.7,46.0,22.0,0,Low,Below-Average
1422,Female,Chennai,Tier2,IT,DataScience,No,Yes,7.69,7.2,7.34,7.87,7.56,7.12,7.93,7.3,7.38,74.9,1,3,1,2,0,56.5,3.9,53.9,57.0,1,Mid,Average
1423,Male,Bangalore,Tier2,CS,DataScience,No,No,6.94,6.72,7.46,7.69,7.12,6.58,6.94,7.66,6.83,72.5,1,4,2,4,0,50.0,4.0,58.4,69.3,0,Mid,Average
1424,Female,Chennai,Tier2,IT,DataScience,No,No,5.91,6.2,6.23,6.22,6.15,5.93,6.69,6.54,6.42,73.0,2,5,3,2,0,54.2,3.2,77.8,55.9,0,Low,Average
1425,Male,Bangalore,Tier2,Mechanical,DataScience,Yes,Yes,6.88,7.66,6.06,7.25,6.78,6.96,6.63,6.78,6.83,82.9,1,2,1,3,0,62.9,4.8,62.3,74.0,1,Mid,Average
1426,Female,Mumbai,Tier2,IT,Networking,Yes,No,7.29,6.72,7.47,7.48,7.43,6.83,7.44,7.04,7.14,84.8,1,1,2,3,1,64.4,3.6,67.8,55.1,1,Mid,Average
1427,Female,Mumbai,Tier1,Mechanical,Embedded,No,No,8.55,8.77,8.18,8.94,8.91,8.38,8.87,8.64,8.66,84.7,2,4,2,3,2,75.2,3.3,85.8,81.5,1,High,High-Achiever
1428,Female,Pune,Tier1,ECE,AI,No,No,8.83,9.25,9.59,9.73,9.35,9.82,9.41,9.26,9.44,84.7,2,5,3,3,0,80.5,4.4,83.9,85.3,1,High,High-Achiever
1429,Female,Hyderabad,Tier3,IT,Networking,No,Yes,4.79,4.95,5.65,5.26,5.3,5.28,4.83,4.88,5.03,63.8,0,1,0,1,0,44.1,2.4,43.1,48.5,0,Low,Below-Average
1430,Female,Mumbai,Tier2,IT,Networking,Yes,Yes,7.18,7.01,6.51,6.71,6.83,7.29,7.55,7.51,6.96,87.2,2,3,2,1,1,73.7,4.1,68.1,51.0,0,Mid,Average
1431,Female,Ahmedabad,Tier2,CS,Networking,Yes,Yes,5.74,6.48,6.1,6.33,6.19,6.41,6.35,5.32,6.34,80.3,2,2,1,2,0,58.4,3.6,90.7,43.7,1,Low,Specialist
1432,Female,Jaipur,Tier2,ECE,DataScience,No,No,6.81,6.3,6.48,6.92,6.93,6.74,7.58,6.74,6.99,65.0,2,2,2,2,1,70.6,3.2,62.4,71.4,1,Mid,Average
1433,Male,Chennai,Tier1,Civil,AI,Yes,No,7.42,8.31,8.49,7.62,8.31,8.2,8.45,8.4,8.25,86.7,3,2,4,4,2,81.2,4.8,77.1,72.4,1,High,High-Achiever
1434,Female,Bangalore,Tier1,EE,Embedded,Yes,No,7.88,7.28,7.27,7.67,7.49,7.63,7.86,8.0,7.73,83.3,2,3,2,3,2,71.6,4.6,84.7,84.8,1,Mid,High-Achiever
1435,Male,Bangalore,Tier1,Mechanical,DataScience,No,Yes,8.69,8.08,7.99,8.03,8.29,8.14,8.39,8.24,8.24,86.7,3,3,1,5,1,79.5,3.9,81.5,75.0,0,High,High-Achiever
1436,Female,Kolkata,Tier2,Mechanical,DataScience,Yes,Yes,5.27,4.99,5.2,5.01,5.44,5.46,5.19,5.44,5.14,84.4,2,2,1,0,1,47.6,3.1,82.5,56.7,0,Low,Specialist
1437,Female,Kolkata,Tier1,Mechanical,Networking,No,Yes,8.4,7.69,7.3,7.86,7.68,7.81,7.83,7.56,7.64,80.9,3,2,3,2,1,79.4,4.4,100.0,68.3,1,Mid,High-Achiever
1438,Male,Kochi,Tier2,Mechanical,Networking,No,No,7.14,6.25,6.39,6.77,7.11,6.68,6.61,6.97,6.52,62.0,2,2,2,2,2,59.0,3.3,46.1,57.1,1,Mid,Average
1439,Female,Mumbai,Tier2,ECE,Networking,Yes,Yes,5.27,5.44,5.07,5.71,5.34,5.19,6.05,5.39,5.16,62.5,1,3,1,3,1,63.8,3.0,92.7,44.5,1,Low,Specialist
1440,Female,Chennai,Tier2,ECE,Networking,No,Yes,7.0,7.46,6.42,6.39,6.49,6.89,6.47,6.3,6.47,72.6,2,2,2,2,1,46.6,3.2,78.1,57.7,1,Low,Specialist
1441,Male,Ahmedabad,Tier1,ECE,AI,No,No,9.01,8.63,8.19,8.53,8.48,8.55,8.16,8.73,8.8,91.1,2,4,3,2,1,80.1,3.8,82.9,78.7,0,High,High-Achiever
1442,Female,Kolkata,Tier1,IT,Networking,No,No,8.09,7.7,8.07,8.63,7.41,7.66,8.36,8.59,8.05,90.2,2,4,2,3,2,83.4,3.3,100.0,81.2,1,High,High-Achiever
1443,Female,Mumbai,Tier1,CS,Embedded,No,No,8.35,8.59,8.61,7.88,7.71,8.55,8.44,8.63,8.37,93.9,2,3,2,2,2,85.4,4.3,75.3,74.6,0,High,High-Achiever
1444,Male,Pune,Tier1,EE,DataScience,Yes,No,7.34,7.57,7.64,7.47,7.47,7.18,7.46,7.35,7.57,79.2,2,5,1,2,0,75.4,3.4,76.9,71.5,1,Mid,High-Achiever
1445,Male,Mumbai,Tier1,EE,Networking,No,No,8.45,8.7,8.16,7.95,7.59,8.6,7.35,8.75,8.25,93.9,1,3,3,5,0,80.1,3.8,81.9,79.3,0,High,High-Achiever
1446,Male,Delhi,Tier2,ECE,Networking,No,No,7.51,7.06,7.74,7.98,7.42,7.66,6.81,7.82,7.24,72.5,2,4,2,2,0,66.5,2.6,52.4,53.8,0,Mid,Average
1447,Male,Pune,Tier2,EE,AI,Yes,Yes,7.54,6.25,6.21,6.52,6.82,6.74,6.72,6.96,6.66,76.6,0,4,0,2,1,75.5,2.0,92.1,67.9,1,Mid,Specialist
1448,Male,Delhi,Tier2,Mechanical,Embedded,No,No,6.48,6.84,6.82,7.24,6.4,6.71,7.08,6.2,6.57,64.4,1,2,1,2,0,53.1,3.7,55.2,61.1,0,Mid,Average
1449,Male,Chennai,Tier2,Civil,DataScience,No,Yes,7.7,8.38,7.6,7.67,8.02,7.4,7.45,7.31,7.63,75.0,0,2,1,2,0,57.7,3.4,65.9,59.4,0,Mid,Average
1450,Female,Hyderabad,Tier1,Civil,Embedded,Yes,No,7.57,8.35,7.1,7.82,7.3,7.47,7.96,7.6,7.74,89.2,3,4,2,2,2,96.8,4.1,72.7,81.2,0,Mid,High-Achiever
1451,Male,Hyderabad,Tier3,ECE,Networking,No,Yes,4.94,4.47,4.81,4.0,4.84,4.36,4.72,5.06,4.63,71.6,0,1,0,1,0,45.5,2.0,23.9,43.2,1,Low,Below-Average
1452,Female,Jaipur,Tier2,IT,DataScience,Yes,No,7.88,7.57,6.8,7.62,7.82,7.0,7.05,8.03,7.43,62.3,0,3,2,2,1,49.9,3.2,57.9,48.7,1,Mid,Average
1453,Male,Delhi,Tier3,ECE,AI,Yes,No,6.93,6.33,6.61,6.54,6.89,6.72,6.78,6.47,6.67,60.3,0,0,1,2,0,42.8,3.0,26.3,33.4,1,Mid,Below-Average
1454,Male,Kochi,Tier2,ECE,AI,No,Yes,6.46,6.52,6.38,6.42,6.07,6.35,6.22,6.5,6.39,60.2,1,3,1,3,0,32.3,3.2,97.1,67.7,1,Low,Specialist
1455,Male,Mumbai,Tier2,Mechanical,AI,No,No,6.61,6.92,6.9,7.39,6.92,6.04,7.18,6.47,6.98,79.0,1,0,1,1,0,66.9,3.9,46.2,62.7,1,Mid,Average
1456,Male,Ahmedabad,Tier1,CS,Embedded,No,No,6.68,7.48,8.04,7.7,7.88,7.47,7.54,7.08,7.4,91.9,2,3,2,4,3,84.9,4.6,74.7,66.2,1,Mid,High-Achiever
1457,Female,Chennai,Tier1,IT,Networking,No,No,7.49,7.33,7.69,7.33,7.68,7.87,7.58,6.91,7.49,94.4,3,5,3,3,1,74.5,4.1,84.9,80.5,0,Mid,High-Achiever
1458,Male,Delhi,Tier2,ECE,DataScience,No,No,6.99,7.17,7.33,6.64,6.95,7.03,7.06,7.57,7.08,70.7,1,1,2,1,0,61.2,2.6,54.7,57.5,0,Mid,Average
1459,Female,Hyderabad,Tier2,CS,Networking,No,Yes,5.48,5.41,5.75,5.21,5.42,5.45,5.87,5.64,5.71,78.3,0,1,1,2,0,69.2,2.7,72.9,44.5,1,Low,Specialist
1460,Female,Ahmedabad,Tier2,ECE,Networking,No,No,6.66,6.76,6.55,6.02,6.23,6.63,6.43,6.43,6.34,85.9,1,2,2,2,1,51.0,3.5,78.4,52.8,1,Low,Average
1461,Male,Pune,Tier3,CS,DataScience,Yes,No,5.75,5.67,6.2,5.51,5.03,5.65,5.52,5.55,5.55,43.6,1,2,2,1,0,36.1,2.3,32.0,54.0,1,Low,Below-Average
1462,Male,Hyderabad,Tier2,Civil,Embedded,Yes,No,7.46,6.77,6.67,7.17,8.16,7.04,6.82,7.14,7.07,79.9,2,2,2,2,1,63.2,3.0,58.2,46.3,1,Mid,Average
1463,Male,Chennai,Tier1,CS,DataScience,No,Yes,8.85,8.5,9.06,9.0,8.58,9.64,8.57,9.22,8.97,92.8,1,2,3,2,1,75.5,4.2,80.5,72.1,0,High,High-Achiever
1464,Female,Mumbai,Tier2,ECE,AI,Yes,No,7.58,6.95,6.85,7.07,7.17,7.59,6.87,6.58,7.08,72.9,1,0,2,3,0,62.6,4.7,66.4,63.0,1,Mid,Average
1465,Female,Hyderabad,Tier3,IT,AI,No,Yes,6.18,6.16,6.66,6.52,6.38,6.36,6.3,5.98,6.36,47.9,1,1,1,0,0,36.6,2.5,46.6,59.8,1,Low,Below-Average
1466,Male,Ahmedabad,Tier3,ECE,DataScience,No,No,4.98,5.5,5.84,5.76,5.12,5.42,5.0,5.19,5.51,69.4,1,0,1,1,0,49.9,2.8,33.7,49.5,1,Low,Below-Average
1467,Male,Bangalore,Tier2,Mechanical,Networking,Yes,No,6.73,6.57,7.18,6.17,6.94,7.44,6.97,6.41,6.93,65.4,0,2,1,2,0,63.8,2.8,57.1,55.2,1,Mid,Average
1468,Male,Ahmedabad,Tier1,IT,AI,Yes,Yes,9.35,9.08,9.44,9.05,9.1,9.28,9.47,8.93,9.03,87.1,2,4,1,4,0,83.3,4.7,80.4,88.7,0,High,High-Achiever
1469,Male,Hyderabad,Tier3,Mechanical,Embedded,Yes,No,5.34,4.31,4.44,4.73,5.32,5.14,4.33,4.58,4.82,59.6,1,1,1,0,1,49.8,3.3,49.5,30.4,0,Low,Below-Average
1470,Male,Kochi,Tier1,CS,AI,No,No,10.0,10.0,10.0,10.0,10.0,8.97,9.97,10.0,9.91,91.6,2,5,3,4,0,81.2,4.5,73.8,79.9,0,High,High-Achiever
1471,Male,Jaipur,Tier2,Civil,Embedded,Yes,Yes,6.22,6.25,6.23,6.26,6.92,5.95,6.66,6.09,6.3,64.4,0,3,1,2,1,45.5,4.2,100.0,60.9,0,Low,Specialist
1472,Male,Mumbai,Tier1,EE,Networking,Yes,No,8.77,8.99,8.94,8.63,8.19,9.27,8.64,8.26,8.69,84.6,2,4,3,2,0,83.0,4.0,76.7,71.8,0,High,High-Achiever
1473,Female,Delhi,Tier1,Civil,DataScience,No,No,9.04,8.86,9.28,8.61,8.76,8.8,8.35,8.99,8.76,88.5,3,4,2,2,1,78.0,4.1,81.9,82.9,1,High,High-Achiever
1474,Female,Jaipur,Tier2,IT,AI,No,No,7.77,7.66,8.44,7.85,8.17,7.81,7.59,7.48,8.13,83.1,0,2,0,2,0,63.7,4.4,49.6,57.9,0,High,Average
1475,Female,Delhi,Tier2,Mechanical,AI,Yes,No,7.12,7.63,7.38,7.48,8.11,7.13,7.33,7.39,7.48,93.3,2,2,1,1,2,73.4,3.8,48.3,67.6,0,Mid,Average
1476,Male,Pune,Tier2,EE,Networking,Yes,No,5.85,6.09,6.08,6.12,5.74,6.21,5.84,5.98,6.04,62.9,1,2,0,3,0,59.2,2.4,52.1,47.3,0,Low,Average
1477,Female,Jaipur,Tier2,IT,Networking,No,No,8.25,7.82,7.58,7.5,7.48,7.83,8.62,7.61,7.84,77.5,1,3,2,3,0,75.8,3.7,51.3,64.7,0,Mid,Average
1478,Female,Ahmedabad,Tier2,Mechanical,DataScience,Yes,No,5.43,5.88,5.58,5.77,6.19,5.12,6.39,6.15,5.73,60.2,2,2,1,4,0,74.4,2.8,81.7,50.1,1,Low,Specialist
1479,Female,Jaipur,Tier2,ECE,Embedded,Yes,No,7.42,6.77,6.49,7.27,6.81,6.79,7.04,7.22,7.06,83.2,1,4,2,3,0,71.0,3.9,51.2,71.2,0,Mid,Average
1480,Female,Kochi,Tier2,Mechanical,DataScience,No,No,6.63,6.5,6.69,5.6,6.02,6.57,7.13,5.94,6.23,67.5,1,1,2,2,0,57.2,3.7,66.3,61.6,0,Low,Average
1481,Male,Kochi,Tier2,CS,Embedded,No,No,7.33,7.2,7.06,6.71,6.96,7.13,7.52,7.93,7.32,69.6,2,2,1,1,1,47.5,2.6,53.0,72.0,0,Mid,Average
1482,Female,Ahmedabad,Tier1,CS,AI,No,No,8.36,8.32,8.13,8.37,8.15,7.89,8.48,7.73,8.17,85.1,2,3,2,1,1,86.5,4.3,75.7,81.6,0,High,High-Achiever
1483,Female,Mumbai,Tier2,Mechanical,Embedded,No,No,7.01,7.24,7.57,7.22,7.0,7.15,7.02,7.31,7.06,74.4,2,2,2,1,1,65.9,3.6,56.5,61.0,0,Mid,Average
1484,Female,Kochi,Tier1,ECE,DataScience,Yes,No,8.43,8.73,8.36,8.38,8.2,8.76,8.08,8.7,8.36,89.6,2,5,3,4,0,75.5,4.3,88.9,83.5,0,High,High-Achiever
1485,Female,Bangalore,Tier2,IT,DataScience,No,No,8.48,8.02,8.88,8.37,8.39,7.59,7.91,7.9,8.16,78.9,2,2,0,1,0,74.4,3.8,61.9,68.4,0,High,Average
1486,Male,Ahmedabad,Tier1,Mechanical,Embedded,Yes,No,9.99,9.24,9.38,9.15,9.0,9.91,9.62,9.43,9.49,88.0,1,3,3,3,1,74.8,4.8,81.3,81.3,1,High,High-Achiever
1487,Male,Pune,Tier2,CS,DataScience,Yes,Yes,6.06,6.0,6.45,5.31,6.45,6.35,6.73,6.26,6.04,58.0,0,2,0,2,0,55.8,3.5,73.5,27.5,0,Low,Specialist
1488,Female,Pune,Tier2,CS,AI,Yes,No,7.37,7.75,7.52,7.27,6.83,7.26,7.2,7.17,7.04,80.8,0,2,1,2,1,69.2,3.5,49.7,54.1,1,Mid,Average
1489,Male,Kochi,Tier3,EE,Networking,No,No,5.32,4.71,5.52,5.57,4.8,5.42,4.91,5.66,5.24,59.5,0,1,1,2,0,38.0,3.5,29.2,57.8,0,Low,Below-Average
1490,Female,Chennai,Tier2,CS,DataScience,No,No,7.54,7.95,8.36,8.25,8.1,8.11,7.75,7.67,7.66,84.3,0,1,4,1,1,64.1,4.6,71.8,52.0,0,Mid,Average
1491,Female,Chennai,Tier1,Mechanical,AI,No,No,8.15,8.18,7.32,8.01,7.9,8.61,8.23,8.13,8.34,84.5,2,3,2,2,1,86.5,4.6,85.7,84.2,1,High,High-Achiever
1492,Female,Ahmedabad,Tier3,ECE,Networking,No,Yes,5.78,5.5,5.54,5.06,4.98,5.4,5.17,4.76,5.21,44.0,0,1,0,2,0,49.9,2.9,33.4,51.1,1,Low,Below-Average
1493,Male,Delhi,Tier2,Civil,AI,Yes,No,7.41,7.96,7.44,7.06,7.41,7.88,7.88,7.62,7.59,74.7,2,3,1,2,0,75.0,3.7,54.9,56.2,0,Mid,Average
1494,Female,Bangalore,Tier3,EE,AI,No,Yes,5.09,4.29,5.14,5.1,5.45,4.57,4.93,4.72,5.12,73.0,0,1,1,1,0,58.2,3.0,33.7,24.0,1,Low,Below-Average
1495,Female,Pune,Tier2,IT,Networking,Yes,No,6.22,7.1,6.84,6.63,7.06,7.25,7.73,7.04,6.98,76.3,0,2,1,3,1,65.1,3.5,52.0,57.4,1,Mid,Average
1496,Female,Pune,Tier2,EE,Embedded,Yes,No,5.86,6.35,5.69,5.55,5.93,5.82,6.3,6.33,6.05,73.4,1,2,1,1,0,46.3,4.6,64.1,78.6,1,Low,Average
1497,Male,Kolkata,Tier3,EE,Embedded,Yes,Yes,5.74,5.9,5.45,6.45,5.48,5.87,5.93,5.86,5.99,51.3,1,1,0,1,0,38.0,2.4,39.1,35.4,1,Low,Below-Average
1498,Male,Pune,Tier2,Civil,DataScience,Yes,No,8.02,7.46,8.3,7.88,8.25,8.17,9.02,7.84,8.16,89.1,1,1,2,2,0,71.1,4.1,78.7,55.6,1,High,Average
1499,Female,Jaipur,Tier2,CS,Networking,No,No,7.29,7.94,7.83,7.79,7.15,7.07,7.32,7.83,7.43,66.8,1,1,1,2,1,52.6,3.4,71.3,54.0,1,Mid,Average
1500,Female,Mumbai,Tier3,Mechanical,AI,No,No,7.06,6.19,6.2,6.61,7.11,6.73,6.65,6.06,6.52,52.7,1,1,0,0,0,45.1,1.9,55.1,56.1,1,Mid,Below-Average
1501,Female,Kochi,Tier3,EE,AI,No,No,4.97,5.02,4.92,4.06,4.53,5.36,5.06,4.46,4.91,65.7,1,2,0,1,0,51.0,2.7,48.7,41.6,1,Low,Below-Average
1502,Female,Kolkata,Tier2,Civil,DataScience,No,Yes,6.23,6.71,6.09,5.66,5.78,5.7,5.93,6.17,6.19,53.3,1,2,1,3,2,74.7,2.8,81.6,47.5,1,Low,Specialist
1503,Female,Mumbai,Tier2,EE,AI,Yes,No,7.07,6.82,6.06,7.24,6.4,6.47,6.2,6.7,6.43,85.2,1,2,1,2,0,60.4,3.8,65.4,73.3,1,Low,Average
1504,Male,Chennai,Tier2,Civil,Networking,No,No,6.46,7.21,6.53,6.45,7.14,6.65,7.99,7.0,6.86,80.0,2,2,1,3,0,59.9,3.5,56.9,66.6,0,Mid,Average
1505,Female,Mumbai,Tier3,EE,Embedded,Yes,Yes,5.72,5.85,6.14,6.26,6.09,6.19,6.16,5.72,6.04,69.0,0,2,1,2,0,47.5,2.2,58.3,34.8,0,Low,Below-Average
1506,Male,Ahmedabad,Tier2,CS,Networking,Yes,No,7.55,7.19,7.51,6.95,6.83,7.3,7.04,6.99,7.06,79.5,1,1,1,1,1,67.8,4.2,63.6,52.2,1,Mid,Average
1507,Male,Hyderabad,Tier3,CS,DataScience,No,Yes,4.37,4.37,4.14,4.88,4.54,4.89,4.57,4.1,4.51,58.4,1,1,0,1,0,46.6,3.5,44.6,55.6,0,Low,Below-Average
1508,Male,Jaipur,Tier2,CS,DataScience,No,Yes,6.37,5.94,6.08,6.02,5.8,6.21,6.35,6.37,6.21,66.5,2,2,2,1,0,73.4,4.3,61.1,62.1,0,Low,Average
1509,Female,Delhi,Tier1,EE,DataScience,No,No,8.4,7.72,8.26,7.93,7.84,7.87,7.76,7.62,7.81,87.3,3,4,3,3,3,75.2,4.3,94.2,67.2,1,Mid,High-Achiever
1510,Female,Jaipur,Tier3,Mechanical,Networking,Yes,Yes,5.53,5.27,5.74,6.34,6.38,6.2,6.48,5.9,5.84,50.2,0,1,0,1,0,49.1,2.8,27.7,26.2,0,Low,Below-Average
1511,Female,Ahmedabad,Tier1,EE,Networking,No,Yes,9.4,10.0,9.76,9.76,9.95,9.13,9.55,8.88,9.53,90.4,1,4,2,2,2,82.7,4.5,94.9,70.2,0,High,High-Achiever
1512,Male,Kolkata,Tier1,Civil,Embedded,No,No,9.31,8.38,8.99,9.17,9.02,9.6,9.69,9.02,9.18,92.0,2,4,2,4,3,77.6,4.0,80.7,69.3,1,High,High-Achiever
1513,Male,Jaipur,Tier2,EE,Networking,Yes,No,5.45,6.18,6.62,5.62,5.9,5.35,6.0,6.47,5.86,86.8,1,2,2,1,1,71.7,3.6,47.3,45.6,1,Low,Average
1514,Male,Jaipur,Tier3,Mechanical,Embedded,Yes,Yes,6.36,6.46,6.49,5.92,6.56,6.55,6.85,6.32,6.49,63.7,0,2,0,0,0,49.3,2.7,34.5,33.0,1,Low,Below-Average
1515,Female,Hyderabad,Tier3,IT,Embedded,No,No,6.17,6.26,6.04,6.19,5.69,5.99,6.14,6.67,6.16,69.2,0,1,1,1,0,55.1,1.9,25.5,34.8,1,Low,Below-Average
1516,Female,Mumbai,Tier1,CS,DataScience,Yes,No,7.85,7.28,8.11,7.81,7.42,8.51,8.5,7.71,7.73,86.5,3,2,2,2,2,81.2,4.3,86.6,74.8,1,Mid,High-Achiever
1517,Male,Delhi,Tier1,Mechanical,Embedded,Yes,Yes,7.95,8.24,8.16,8.61,7.51,8.27,8.84,8.46,8.35,85.6,2,4,1,2,1,82.3,4.0,74.7,89.9,1,High,High-Achiever
1518,Male,Mumbai,Tier2,CS,DataScience,Yes,Yes,7.14,6.7,7.25,6.95,7.28,6.63,6.53,7.52,6.88,74.3,1,3,2,3,1,53.7,3.0,86.3,51.8,1,Mid,Specialist
1519,Female,Delhi,Tier1,Civil,Networking,Yes,No,8.52,9.1,8.92,8.78,9.36,8.53,9.11,8.82,8.78,86.1,1,4,3,3,1,76.2,4.3,89.9,76.8,0,High,High-Achiever
1520,Female,Hyderabad,Tier1,Civil,Networking,Yes,No,8.44,7.78,7.48,8.57,8.46,7.15,7.58,7.71,7.85,89.3,1,3,2,2,1,87.3,4.7,77.3,81.6,1,Mid,High-Achiever
1521,Male,Mumbai,Tier1,IT,DataScience,No,No,8.55,8.6,9.13,8.89,9.11,8.63,9.1,8.74,8.81,82.7,1,2,3,4,2,83.8,3.9,80.1,76.3,0,High,High-Achiever
1522,Female,Hyderabad,Tier2,CS,AI,No,Yes,5.59,6.03,5.67,5.99,5.48,5.86,5.61,6.27,5.72,67.9,0,0,2,1,1,56.8,3.3,48.3,65.2,1,Low,Average
1523,Female,Kochi,Tier3,Civil,Embedded,Yes,No,5.01,5.14,4.83,5.14,5.14,6.05,4.67,5.63,5.34,66.4,0,2,1,0,0,49.6,2.3,38.1,46.8,0,Low,Below-Average
1524,Female,Kochi,Tier3,Civil,Networking,No,Yes,6.51,6.13,6.19,6.09,6.53,7.05,6.32,5.92,6.3,68.9,1,1,2,0,0,26.6,2.3,67.7,45.2,1,Low,Below-Average
1525,Female,Chennai,Tier3,EE,Networking,Yes,Yes,5.77,5.5,5.53,5.66,5.64,5.36,6.26,5.56,5.51,50.1,0,2,2,1,1,42.8,2.4,49.8,71.7,0,Low,Below-Average
1526,Male,Hyderabad,Tier1,ECE,Embedded,No,No,9.24,8.79,8.25,8.38,8.41,8.06,8.45,8.31,8.25,91.4,2,2,2,2,2,85.8,4.1,80.1,84.4,0,High,High-Achiever
1527,Female,Chennai,Tier2,ECE,DataScience,No,No,7.86,7.74,7.92,7.94,7.23,7.5,8.3,8.07,7.53,70.7,2,1,1,1,0,64.0,3.8,54.5,53.3,1,Mid,Average
1528,Male,Pune,Tier2,Civil,DataScience,No,No,8.03,7.89,7.69,7.25,7.65,8.09,7.89,7.95,7.58,75.1,3,3,1,2,1,65.9,3.7,59.6,65.0,0,Mid,Average
1529,Female,Jaipur,Tier1,EE,Networking,Yes,Yes,9.97,9.9,9.13,8.96,9.44,9.02,9.18,8.85,9.16,95.1,3,3,1,4,2,61.9,3.8,82.9,72.5,0,High,High-Achiever
1530,Male,Ahmedabad,Tier1,IT,AI,No,No,8.76,8.93,8.7,8.86,8.97,9.34,9.11,8.1,8.94,92.0,2,4,3,2,0,77.6,4.7,79.1,81.1,0,High,High-Achiever
1531,Female,Pune,Tier2,Mechanical,DataScience,No,No,7.57,7.39,8.07,8.06,8.1,7.07,7.41,7.43,7.65,81.4,2,2,1,3,1,67.7,4.0,64.8,51.0,1,Mid,Average
1532,Male,Chennai,Tier1,Civil,DataScience,Yes,No,9.66,8.39,9.08,9.09,8.37,9.58,9.11,8.29,8.87,97.5,3,3,3,5,1,82.8,3.8,75.3,70.2,1,High,High-Achiever
1533,Female,Bangalore,Tier2,CS,AI,Yes,Yes,7.48,7.15,7.28,7.42,7.06,7.11,7.83,6.9,7.16,69.4,0,1,2,3,1,72.7,4.1,51.4,64.8,0,Mid,Average
1534,Female,Pune,Tier3,EE,Networking,No,No,5.16,5.52,5.48,5.62,5.57,5.71,5.36,5.6,5.56,50.1,1,0,0,2,0,46.1,3.0,45.7,54.0,1,Low,Below-Average
1535,Male,Delhi,Tier1,EE,AI,Yes,No,8.65,8.44,8.62,8.13,8.53,7.94,8.6,8.96,8.38,84.4,2,5,2,3,1,79.0,4.1,73.8,81.5,0,High,High-Achiever
1536,Male,Chennai,Tier2,Mechanical,Networking,Yes,Yes,5.92,6.2,6.28,6.51,6.0,6.29,6.32,6.08,6.27,73.0,1,3,3,1,0,54.3,3.7,66.6,68.8,1,Low,Average
1537,Female,Kolkata,Tier3,EE,DataScience,Yes,No,4.61,5.51,4.42,4.65,4.52,4.93,5.31,4.46,4.83,40.0,0,0,1,1,0,46.2,2.8,41.9,47.7,0,Low,Below-Average
1538,Female,Mumbai,Tier3,IT,Embedded,No,Yes,4.69,4.92,4.68,5.41,5.27,5.59,4.35,6.07,5.3,57.9,1,0,0,1,0,36.6,3.1,23.7,45.7,0,Low,Below-Average
1539,Male,Hyderabad,Tier3,EE,Embedded,No,Yes,5.76,5.86,6.09,5.8,6.02,5.04,5.28,6.34,5.67,54.6,0,1,0,0,0,31.4,2.9,43.1,39.0,1,Low,Below-Average
1540,Female,Delhi,Tier2,CS,AI,No,Yes,7.45,7.94,7.73,8.22,8.01,7.67,7.72,7.92,7.86,81.3,1,2,1,1,1,56.3,3.3,44.8,68.5,1,Mid,Average
1541,Female,Ahmedabad,Tier3,EE,AI,No,Yes,5.85,5.57,5.85,4.66,5.77,5.12,5.79,5.31,5.47,63.5,1,1,2,0,1,61.6,1.6,48.9,54.2,1,Low,Below-Average
1542,Male,Chennai,Tier1,IT,Networking,Yes,No,8.86,8.64,9.22,8.58,8.49,9.46,9.13,9.14,9.0,85.0,2,4,3,3,1,78.4,4.4,80.3,77.6,1,High,High-Achiever
1543,Male,Pune,Tier2,Civil,DataScience,Yes,No,6.75,7.86,7.14,7.55,8.72,7.68,8.2,7.96,7.65,79.7,2,2,2,2,1,66.8,3.3,76.7,61.1,0,Mid,Average
1544,Female,Jaipur,Tier1,Mechanical,Networking,No,No,8.61,8.35,7.77,8.4,8.26,8.63,8.72,7.65,8.38,91.6,2,3,4,2,2,76.9,4.5,89.5,89.1,1,High,High-Achiever
1545,Female,Pune,Tier2,Mechanical,DataScience,Yes,No,7.01,7.93,7.26,7.3,8.11,7.22,7.61,6.92,7.36,68.9,2,4,2,2,0,50.7,3.7,50.5,61.8,0,Mid,Average
1546,Male,Pune,Tier2,CS,Networking,No,No,6.67,7.52,6.66,6.38,7.17,6.35,7.07,6.63,6.85,71.1,2,2,2,1,1,72.5,3.3,41.8,62.6,0,Mid,Average
1547,Female,Chennai,Tier1,ECE,AI,No,No,8.58,9.32,9.01,8.95,9.18,9.93,9.37,9.26,9.16,76.9,3,5,5,2,1,67.0,4.6,76.7,81.4,1,High,High-Achiever
1548,Male,Ahmedabad,Tier3,Mechanical,AI,No,Yes,5.55,5.85,5.91,6.4,6.49,6.41,6.27,6.04,5.95,49.1,1,2,1,1,0,43.0,2.9,29.8,43.0,1,Low,Below-Average
1549,Female,Bangalore,Tier2,ECE,Networking,Yes,No,6.29,6.2,6.25,6.68,6.38,5.6,6.28,6.71,6.29,69.1,2,2,2,3,0,64.6,3.6,76.4,55.4,1,Low,Average
1550,Male,Kolkata,Tier1,CS,AI,Yes,Yes,8.86,8.43,8.25,8.1,8.61,8.62,8.42,8.74,8.58,88.4,3,2,2,2,0,81.4,4.1,81.9,80.6,1,High,High-Achiever
1551,Female,Bangalore,Tier1,EE,Embedded,No,No,8.6,9.59,9.58,8.96,9.03,9.29,9.14,9.3,9.32,83.3,4,4,3,3,2,75.6,4.9,88.5,77.7,1,High,High-Achiever
1552,Male,Mumbai,Tier2,EE,DataScience,Yes,No,6.71,7.23,7.08,7.21,7.09,6.44,6.73,7.08,6.89,70.9,2,2,1,1,1,50.3,3.1,57.4,76.7,1,Mid,Average
1553,Male,Jaipur,Tier2,Mechanical,DataScience,Yes,No,6.48,7.85,7.3,7.46,7.11,6.85,7.43,7.4,7.27,65.2,1,2,2,2,0,58.6,3.3,58.4,68.3,1,Mid,Average
1554,Female,Jaipur,Tier2,IT,Networking,Yes,No,7.34,7.25,7.55,6.81,7.46,6.45,6.87,7.26,7.33,76.4,0,1,3,2,1,59.0,2.9,59.7,57.2,0,Mid,Average
1555,Male,Mumbai,Tier1,EE,Networking,No,No,8.22,7.52,7.88,7.8,7.82,8.07,7.6,7.68,7.98,90.1,2,4,3,3,3,75.4,4.5,89.7,83.1,0,Mid,High-Achiever
1556,Male,Ahmedabad,Tier3,Civil,Networking,No,No,5.89,6.33,6.34,6.68,5.64,6.41,5.5,6.23,5.86,64.0,0,2,1,1,0,56.7,2.5,45.1,47.1,0,Low,Below-Average
1557,Female,Ahmedabad,Tier2,Civil,AI,No,Yes,4.11,4.75,5.04,4.68,4.46,4.36,4.62,4.46,4.88,70.1,1,4,1,2,0,47.9,2.9,76.5,70.7,0,Low,Specialist
1558,Male,Bangalore,Tier2,IT,Networking,Yes,No,6.71,7.3,6.34,7.14,7.5,6.72,6.77,5.98,6.62,62.7,1,2,2,1,0,67.4,3.2,74.6,57.8,0,Mid,Average
1559,Male,Mumbai,Tier2,Mechanical,DataScience,No,No,7.35,7.62,7.63,7.41,8.17,7.97,7.55,7.87,7.65,70.0,2,1,1,2,0,66.3,3.5,57.4,63.5,1,Mid,Average
1560,Female,Chennai,Tier3,Civil,Embedded,Yes,Yes,5.44,5.98,6.02,5.78,6.06,6.02,5.86,5.62,5.75,55.9,0,1,1,1,0,56.6,2.0,37.4,43.0,0,Low,Below-Average
1561,Male,Ahmedabad,Tier2,CS,Embedded,Yes,Yes,5.87,5.44,5.55,5.65,5.3,5.97,6.39,5.57,5.76,66.4,0,4,2,3,0,58.7,1.6,62.4,55.7,0,Low,Specialist
1562,Male,Bangalore,Tier2,EE,AI,No,No,7.54,7.15,7.78,7.09,7.17,7.41,6.88,7.64,7.27,75.6,1,2,1,1,0,71.3,3.7,65.7,54.9,1,Mid,Average
1563,Male,Kolkata,Tier3,Mechanical,AI,No,No,5.74,5.33,5.71,5.13,5.16,6.03,5.57,5.34,5.46,74.3,0,1,2,1,0,46.5,1.5,43.0,49.8,0,Low,Below-Average
1564,Male,Kochi,Tier2,IT,DataScience,No,Yes,5.69,5.96,5.75,5.95,6.7,5.91,6.59,6.0,6.01,77.3,0,2,2,1,1,64.3,3.8,85.8,60.0,1,Low,Specialist
1565,Female,Pune,Tier3,IT,Embedded,Yes,No,5.67,6.34,5.84,5.88,6.11,6.35,5.69,5.79,5.96,50.1,0,1,1,1,0,34.5,3.7,38.0,56.9,0,Low,Below-Average
1566,Male,Hyderabad,Tier2,Civil,DataScience,Yes,No,6.02,6.35,6.72,6.17,6.89,6.93,6.8,6.34,6.56,80.4,1,3,2,2,0,43.9,3.4,54.8,61.9,1,Mid,Average
1567,Male,Pune,Tier1,IT,Embedded,Yes,Yes,9.03,8.67,8.13,8.06,8.44,8.49,8.4,8.85,8.52,91.2,2,3,2,2,2,82.3,4.7,79.4,75.1,1,High,High-Achiever
1568,Female,Chennai,Tier1,IT,DataScience,No,No,8.77,8.81,7.82,9.02,7.87,7.24,8.38,8.21,8.34,84.0,2,4,2,3,1,82.6,4.2,85.2,83.5,0,High,High-Achiever
1569,Male,Kolkata,Tier2,Mechanical,Embedded,Yes,No,6.39,6.63,5.97,6.27,5.95,5.04,5.59,6.38,6.05,81.8,1,2,1,2,0,68.8,4.3,65.8,55.6,0,Low,Average
1570,Female,Pune,Tier2,EE,AI,No,No,6.53,6.14,6.48,6.03,6.19,6.52,5.68,6.55,6.45,73.7,1,2,1,0,0,60.8,3.3,57.9,70.7,0,Low,Average
1571,Male,Kolkata,Tier2,EE,AI,No,Yes,8.31,7.87,7.5,8.32,8.25,8.2,8.04,7.69,7.94,63.7,2,3,1,1,0,76.9,2.3,68.5,70.7,1,Mid,Average
1572,Male,Chennai,Tier2,EE,DataScience,No,No,7.01,7.09,7.49,6.76,7.06,7.1,7.53,6.9,7.23,78.6,2,1,0,0,0,61.3,3.5,59.3,72.1,1,Mid,Average
1573,Male,Bangalore,Tier2,ECE,AI,Yes,No,6.67,6.19,6.14,6.48,5.83,6.21,6.77,7.18,6.21,76.7,1,1,2,3,0,68.4,4.4,55.5,65.0,1,Low,Average
1574,Male,Hyderabad,Tier3,Mechanical,Embedded,No,Yes,4.32,4.88,4.8,4.35,4.66,4.3,4.39,4.04,4.42,57.7,1,1,1,1,0,53.4,3.1,44.0,39.1,1,Low,Below-Average
1575,Male,Delhi,Tier1,IT,Networking,No,Yes,7.73,8.67,7.96,8.17,8.51,8.41,8.11,8.09,8.44,87.8,2,3,2,3,1,90.3,4.0,72.5,78.8,1,High,High-Achiever
1576,Female,Chennai,Tier1,IT,AI,No,No,9.51,9.29,9.38,9.38,9.28,9.2,9.33,9.55,9.28,84.4,3,3,0,3,1,78.1,4.3,83.6,80.7,1,High,High-Achiever
1577,Female,Pune,Tier3,ECE,Embedded,No,Yes,4.82,5.78,5.67,5.44,4.66,5.05,5.36,4.97,5.37,66.1,1,1,1,1,1,42.1,3.4,26.6,38.4,0,Low,Below-Average
1578,Male,Kolkata,Tier3,CS,Embedded,Yes,Yes,6.4,6.08,6.45,5.96,6.4,6.68,6.04,6.39,6.41,59.6,1,2,0,1,0,34.5,2.7,31.7,57.3,1,Low,Below-Average
1579,Male,Kochi,Tier2,EE,AI,No,No,6.23,6.35,6.32,7.05,6.36,6.52,5.98,6.27,6.28,71.5,0,4,1,1,1,75.5,5.0,68.9,62.0,0,Low,Specialist
1580,Male,Delhi,Tier3,Civil,AI,No,Yes,6.45,5.7,5.19,6.3,5.97,5.26,5.77,5.23,5.83,63.6,0,2,2,2,0,51.8,2.5,40.2,35.1,1,Low,Below-Average
1581,Male,Ahmedabad,Tier3,Mechanical,Embedded,Yes,No,4.84,4.61,4.69,4.56,4.8,4.68,4.16,5.7,4.56,48.5,1,0,0,2,0,52.1,3.4,58.1,62.8,0,Low,Below-Average
1582,Female,Hyderabad,Tier2,IT,Networking,No,No,8.08,7.3,6.76,6.81,7.59,7.33,7.81,7.87,7.56,67.8,1,1,1,2,0,89.9,3.9,58.9,62.8,1,Mid,Average
1583,Male,Pune,Tier2,CS,AI,No,No,6.7,6.95,6.86,5.81,7.26,6.11,6.6,6.33,6.8,57.3,0,2,2,2,0,67.6,3.2,65.8,53.2,0,Mid,Average
1584,Female,Kolkata,Tier1,EE,Networking,No,No,9.54,9.11,9.21,9.77,8.9,9.12,8.85,8.9,8.93,90.8,1,4,2,1,2,72.2,4.0,98.5,72.2,1,High,High-Achiever
1585,Male,Chennai,Tier2,EE,AI,Yes,No,6.71,7.16,6.58,6.02,6.19,6.77,6.25,6.51,6.51,65.3,2,2,1,1,0,63.4,4.0,63.6,73.9,0,Mid,Average
1586,Male,Delhi,Tier2,Civil,AI,No,No,6.22,6.42,6.16,6.35,5.71,5.78,6.26,5.53,6.14,71.2,0,2,3,2,0,50.3,3.3,78.9,76.9,0,Low,Specialist
1587,Female,Pune,Tier2,ECE,Networking,No,No,7.05,6.93,7.28,6.96,7.63,7.51,7.58,6.99,7.21,78.0,0,2,2,3,0,61.8,3.7,54.4,70.1,1,Mid,Average
1588,Female,Jaipur,Tier2,CS,AI,Yes,No,7.23,7.23,7.06,6.72,7.11,6.91,6.61,6.77,6.91,79.8,2,2,2,2,0,61.8,2.7,60.0,72.6,0,Mid,Average
1589,Female,Kolkata,Tier1,Civil,Networking,No,No,8.33,7.77,9.36,8.62,8.97,8.28,8.85,8.12,8.7,82.0,3,2,3,3,1,76.5,4.5,77.6,86.5,0,High,High-Achiever
1590,Male,Delhi,Tier1,IT,Networking,No,No,8.25,8.4,7.86,8.52,8.32,8.96,8.21,8.54,8.37,87.7,2,5,3,5,1,71.6,4.3,78.1,81.9,1,High,High-Achiever
1591,Male,Bangalore,Tier1,Mechanical,Embedded,No,No,8.2,8.23,7.65,8.08,7.98,7.85,7.85,7.75,8.18,96.4,2,4,4,4,2,89.6,4.2,88.9,80.3,1,High,High-Achiever
1592,Male,Delhi,Tier1,CS,Embedded,No,No,9.34,9.1,9.47,9.2,9.17,9.7,9.33,9.2,9.3,96.6,2,4,4,3,3,81.8,4.3,89.2,81.8,0,High,High-Achiever
1593,Female,Ahmedabad,Tier2,Civil,Embedded,No,No,6.62,7.08,7.31,6.68,6.76,6.97,7.02,7.0,6.84,78.9,2,2,0,4,0,57.7,2.9,71.8,63.8,0,Mid,Specialist
1594,Female,Delhi,Tier2,Civil,Networking,No,No,6.25,6.26,6.34,6.48,7.04,6.32,6.63,7.05,6.54,77.7,0,3,1,1,1,71.1,3.2,52.6,56.1,0,Mid,Average
1595,Female,Pune,Tier3,CS,AI,Yes,No,5.62,6.06,5.8,5.21,4.73,5.97,6.34,5.87,5.9,49.9,0,1,1,0,0,52.2,2.7,37.4,51.3,1,Low,Below-Average
1596,Male,Delhi,Tier3,Civil,AI,No,Yes,5.33,4.83,4.34,4.72,5.3,4.64,5.7,5.26,4.98,67.2,0,2,0,1,0,50.5,2.5,48.0,58.6,0,Low,Below-Average
1597,Female,Jaipur,Tier1,Mechanical,DataScience,No,No,8.09,7.49,7.96,8.28,8.16,8.56,8.01,7.79,7.91,87.2,2,3,3,2,0,84.1,5.0,90.0,76.6,1,Mid,High-Achiever
1598,Female,Pune,Tier1,Civil,Embedded,No,No,9.3,9.17,8.78,8.98,9.09,8.95,9.75,8.73,9.02,90.8,2,5,3,3,3,80.8,4.6,100.0,75.8,1,High,High-Achiever
1599,Female,Pune,Tier3,IT,Embedded,Yes,No,4.86,4.14,4.07,5.06,4.38,4.0,5.14,4.24,4.31,53.7,1,0,2,1,0,54.0,2.2,37.3,48.8,0,Low,Below-Average
1600,Male,Delhi,Tier1,ECE,Networking,No,No,9.34,9.19,8.04,8.47,9.21,8.73,8.53,9.71,8.96,87.1,3,4,3,3,1,84.5,5.0,79.1,73.5,0,High,High-Achiever
1601,Female,Bangalore,Tier2,EE,Embedded,No,No,6.36,6.04,6.08,5.64,5.79,5.93,6.02,5.45,5.8,71.5,1,3,2,2,2,61.6,2.9,89.7,39.2,1,Low,Specialist
1602,Female,Kochi,Tier1,ECE,Networking,No,Yes,8.14,8.92,8.64,7.73,7.94,8.27,8.69,8.78,8.39,89.2,3,3,2,3,2,78.7,4.2,77.2,86.0,1,High,High-Achiever
1603,Male,Mumbai,Tier3,Mechanical,DataScience,No,No,5.38,6.17,5.94,6.08,6.2,5.72,6.05,5.94,5.79,64.9,1,2,0,0,0,61.8,3.3,40.6,39.5,1,Low,Below-Average
1604,Female,Ahmedabad,Tier3,Civil,Embedded,Yes,Yes,5.58,6.23,6.42,5.65,6.03,5.68,5.59,5.49,5.91,54.2,0,2,0,0,0,43.7,1.6,37.8,44.2,1,Low,Below-Average
1605,Female,Bangalore,Tier1,Civil,AI,No,No,7.74,7.85,8.6,8.26,7.96,8.48,7.44,8.33,8.09,81.3,1,2,4,3,1,82.3,4.1,63.6,73.7,1,High,High-Achiever
1606,Male,Chennai,Tier1,Civil,Networking,No,No,8.1,8.93,9.51,8.94,8.89,8.93,8.73,8.73,8.86,96.1,1,4,2,2,2,82.5,4.0,82.9,86.9,1,High,High-Achiever
1607,Female,Kolkata,Tier2,IT,Networking,No,No,5.69,6.2,5.35,6.24,6.77,6.2,6.88,5.67,6.09,92.4,0,3,0,2,1,53.9,3.3,83.5,65.2,0,Low,Specialist
1608,Male,Mumbai,Tier1,CS,AI,No,No,8.18,8.14,7.68,7.37,7.85,7.74,8.19,7.77,7.87,90.2,2,4,2,4,1,75.2,4.3,90.9,76.3,0,Mid,High-Achiever
1609,Female,Mumbai,Tier2,IT,AI,Yes,No,6.56,6.56,6.47,7.54,6.97,6.57,6.5,6.96,6.9,64.4,1,3,3,2,1,62.2,3.5,60.0,52.6,1,Mid,Average
1610,Female,Pune,Tier2,IT,Networking,No,No,8.23,7.9,8.14,7.59,8.16,7.91,7.71,7.91,7.83,68.8,0,3,1,1,0,61.1,3.4,48.7,59.2,1,Mid,Average
1611,Male,Kolkata,Tier1,Mechanical,AI,Yes,No,10.0,8.9,9.44,9.62,9.03,9.36,8.6,9.22,9.34,90.5,2,4,3,2,2,71.3,4.6,80.2,82.0,1,High,High-Achiever
1612,Female,Mumbai,Tier3,ECE,AI,Yes,No,5.66,6.43,6.19,6.25,6.59,6.12,6.32,5.62,6.0,73.4,0,3,0,2,0,42.1,3.0,21.1,45.9,1,Low,Below-Average
1613,Male,Bangalore,Tier3,ECE,DataScience,No,Yes,4.51,4.0,4.59,5.26,4.35,4.77,4.47,5.39,4.67,47.9,0,2,1,2,1,50.4,2.8,29.9,45.1,1,Low,Below-Average
1614,Female,Chennai,Tier2,Mechanical,AI,No,No,7.33,7.1,6.65,6.64,6.98,7.42,7.68,7.23,7.29,74.0,1,2,0,2,1,75.1,3.6,65.7,63.7,0,Mid,Average
1615,Female,Hyderabad,Tier3,CS,Networking,Yes,No,6.37,5.6,6.11,6.58,6.22,6.42,6.09,6.83,6.1,62.0,0,1,0,0,0,53.0,3.9,39.5,51.6,0,Low,Below-Average
1616,Female,Ahmedabad,Tier1,ECE,Networking,No,No,8.41,8.85,8.45,8.41,8.33,8.79,9.19,8.89,8.86,92.3,3,4,2,3,1,64.4,4.3,88.5,77.7,1,High,High-Achiever
1617,Male,Mumbai,Tier1,ECE,AI,No,Yes,9.0,9.09,9.26,9.37,9.17,8.96,8.86,9.41,8.89,86.3,2,3,3,3,1,83.8,4.0,68.2,81.2,1,High,High-Achiever
1618,Female,Chennai,Tier2,IT,Embedded,Yes,No,7.62,7.9,7.24,7.74,7.12,7.18,7.26,6.97,7.22,62.5,2,2,1,2,0,60.5,2.5,57.8,54.1,0,Mid,Average
1619,Female,Jaipur,Tier2,IT,DataScience,No,Yes,6.06,5.74,6.47,6.23,6.16,6.39,6.19,5.86,5.94,75.6,1,2,2,1,0,64.5,2.2,81.2,85.6,0,Low,Specialist
1620,Male,Pune,Tier1,Mechanical,Networking,No,No,7.5,8.35,8.22,8.09,8.44,8.21,8.18,8.24,8.2,93.6,2,4,3,3,1,79.9,4.0,88.7,76.0,1,High,High-Achiever
1621,Female,Bangalore,Tier1,Mechanical,DataScience,No,Yes,8.12,7.24,7.5,7.73,7.51,6.9,7.53,7.5,7.55,87.6,4,3,2,2,1,78.8,4.2,86.7,79.4,0,Mid,High-Achiever
1622,Male,Kolkata,Tier2,ECE,Embedded,No,Yes,6.81,7.49,7.61,7.14,7.52,7.21,6.77,7.4,7.2,78.2,0,1,2,1,0,64.2,3.2,65.8,66.5,1,Mid,Average
1623,Female,Kochi,Tier3,Civil,Embedded,No,Yes,5.87,5.05,5.66,5.47,5.94,5.5,5.75,5.67,5.63,55.3,1,2,0,2,0,47.8,3.0,57.4,39.9,0,Low,Below-Average
1624,Female,Kochi,Tier1,CS,Embedded,Yes,No,9.15,9.29,8.71,8.55,9.4,8.97,9.23,8.03,8.78,83.8,3,3,2,4,1,88.1,4.0,79.4,78.1,1,High,High-Achiever
1625,Male,Hyderabad,Tier2,Civil,AI,No,No,6.37,6.0,6.04,5.76,6.32,5.96,6.48,6.19,6.2,83.2,2,4,2,2,0,64.8,3.0,72.0,62.0,0,Low,Average
1626,Female,Kolkata,Tier3,EE,AI,No,No,6.69,5.54,5.41,5.71,5.63,6.19,5.82,5.79,5.95,63.9,0,1,0,1,1,57.8,3.2,31.6,34.9,1,Low,Below-Average
1627,Female,Kochi,Tier2,IT,AI,Yes,No,8.59,8.79,7.73,8.51,8.31,8.0,8.12,8.39,8.23,78.9,2,3,2,2,1,72.5,4.2,50.3,65.5,0,High,Average
1628,Male,Kolkata,Tier1,Civil,AI,Yes,No,8.7,8.18,8.47,8.42,8.68,8.96,8.66,8.8,8.54,95.5,2,4,2,5,3,84.0,3.8,87.3,66.5,0,High,High-Achiever
1629,Male,Bangalore,Tier1,CS,DataScience,Yes,No,8.77,8.74,8.16,8.82,8.32,8.14,8.46,8.02,8.47,82.7,2,5,2,4,1,69.3,4.3,71.5,90.3,1,High,High-Achiever
1630,Male,Pune,Tier2,EE,Networking,No,Yes,7.29,7.46,6.66,7.15,7.01,7.22,7.52,6.94,7.19,70.6,1,3,3,2,1,73.9,2.5,65.2,68.3,1,Mid,Average
1631,Male,Bangalore,Tier2,EE,DataScience,Yes,No,8.38,7.67,8.05,7.99,7.86,8.06,8.1,8.41,8.22,76.3,1,2,1,2,0,61.3,2.8,60.9,67.1,1,High,Average
1632,Male,Jaipur,Tier3,Civil,Embedded,No,Yes,4.75,5.21,4.88,4.5,4.46,4.56,4.58,4.6,4.78,54.4,0,2,1,1,0,54.4,2.4,52.7,26.6,1,Low,Below-Average
1633,Female,Chennai,Tier2,IT,DataScience,No,No,7.29,7.49,6.96,6.89,7.65,6.88,6.96,7.23,7.12,81.3,2,4,2,3,1,57.2,4.1,59.5,55.7,0,Mid,Average
1634,Female,Chennai,Tier3,Civil,AI,No,Yes,4.67,5.0,4.73,4.02,5.0,5.25,5.26,4.97,4.94,58.1,0,1,1,1,0,37.3,2.3,42.6,57.9,0,Low,Below-Average
1635,Female,Jaipur,Tier2,CS,AI,No,Yes,5.42,5.41,5.71,5.88,5.04,5.37,5.4,5.48,5.56,61.1,1,3,1,1,0,79.8,2.6,89.1,100.0,1,Low,Specialist
1636,Female,Ahmedabad,Tier2,IT,DataScience,No,No,6.32,6.94,6.36,7.46,7.05,7.22,6.91,7.36,6.97,75.5,0,2,1,2,0,57.3,3.5,54.0,71.6,1,Mid,Average
1637,Male,Kolkata,Tier2,CS,Embedded,No,No,8.02,8.26,8.24,7.39,7.64,7.83,8.11,7.48,7.81,76.4,1,2,3,2,0,74.2,3.5,53.6,70.3,1,Mid,Average
1638,Female,Delhi,Tier2,IT,DataScience,No,Yes,7.33,6.87,7.28,7.16,7.67,7.4,7.09,7.32,7.44,78.4,0,3,2,0,0,61.2,2.7,88.8,61.3,1,Mid,Specialist
1639,Female,Chennai,Tier1,Mechanical,Embedded,No,No,8.54,8.74,9.04,9.48,8.38,8.69,8.93,8.84,8.72,90.0,1,2,2,2,1,77.5,5.0,81.8,72.1,0,High,High-Achiever
1640,Female,Pune,Tier3,IT,Networking,No,No,5.44,5.54,5.79,4.86,5.16,5.13,4.4,5.61,5.24,64.6,0,1,0,1,0,47.6,2.6,37.9,54.0,0,Low,Below-Average
1641,Female,Bangalore,Tier3,CS,Networking,No,No,6.76,7.4,7.42,7.22,7.02,7.43,7.12,6.97,7.24,63.2,1,2,0,0,0,36.3,2.9,41.2,33.0,0,Mid,Below-Average
1642,Male,Chennai,Tier1,EE,AI,Yes,No,7.78,8.33,8.19,9.54,8.2,8.41,8.25,8.53,8.29,87.1,3,3,3,2,2,79.9,4.0,93.2,69.5,1,High,High-Achiever
1643,Female,Mumbai,Tier2,CS,DataScience,No,No,6.73,6.08,6.88,6.83,6.67,7.21,6.98,6.76,6.66,69.3,2,3,2,2,0,56.3,3.7,56.0,51.8,1,Mid,Average
1644,Female,Jaipur,Tier1,EE,Networking,Yes,No,8.01,8.07,7.77,7.73,7.47,7.98,7.34,7.66,7.61,89.4,2,4,3,3,1,77.6,4.7,78.7,84.8,0,Mid,High-Achiever
1645,Female,Hyderabad,Tier1,Mechanical,DataScience,No,No,9.41,9.0,8.79,9.65,9.29,8.36,9.46,9.24,9.2,86.3,2,3,1,3,1,85.6,4.9,70.0,77.6,1,High,High-Achiever
1646,Male,Ahmedabad,Tier2,Mechanical,AI,No,No,7.53,6.99,8.14,7.99,7.9,7.0,7.92,6.51,7.58,88.5,2,3,2,3,1,67.0,3.1,59.6,62.8,0,Mid,Average
1647,Female,Kolkata,Tier1,CS,Networking,No,Yes,9.5,9.12,9.29,10.0,9.79,9.84,9.38,10.0,9.71,94.7,2,4,4,3,1,71.1,4.6,86.6,77.9,1,High,High-Achiever
1648,Male,Chennai,Tier3,EE,Networking,No,Yes,4.6,4.46,4.82,4.0,4.5,4.0,4.0,4.74,4.53,66.3,1,1,1,1,0,55.7,3.1,50.4,32.7,0,Low,Below-Average
1649,Male,Bangalore,Tier2,IT,Networking,No,Yes,7.1,7.69,7.02,7.39,6.78,6.52,7.78,7.61,7.17,73.4,2,4,3,1,0,59.9,3.9,85.9,47.0,1,Mid,Specialist
1650,Female,Mumbai,Tier3,CS,AI,No,Yes,5.15,5.22,5.74,5.67,5.53,5.16,6.04,5.55,5.55,59.1,0,1,0,1,0,43.1,2.7,51.6,37.8,0,Low,Below-Average
1651,Male,Hyderabad,Tier1,CS,Embedded,Yes,No,8.96,8.95,9.09,9.22,8.67,8.97,8.86,8.64,8.9,81.7,2,2,3,4,2,84.5,4.1,87.1,68.2,0,High,High-Achiever
1652,Female,Pune,Tier1,IT,AI,Yes,No,7.8,7.79,7.87,8.2,8.32,7.67,7.75,8.02,7.68,86.9,2,3,2,4,2,79.0,4.6,89.8,74.5,0,Mid,High-Achiever
1653,Female,Bangalore,Tier1,Mechanical,Networking,No,No,8.44,9.19,9.02,9.26,9.81,8.84,9.44,9.18,9.23,88.5,1,2,3,3,2,73.0,4.6,88.9,70.4,1,High,High-Achiever
1654,Female,Bangalore,Tier1,ECE,AI,No,No,8.88,8.98,8.41,9.21,8.38,8.84,8.55,9.09,8.89,89.1,2,4,3,3,1,91.1,4.8,93.0,82.0,0,High,High-Achiever
1655,Male,Kochi,Tier2,CS,AI,No,No,6.04,5.81,5.76,5.94,6.66,5.71,6.11,5.9,5.97,74.2,2,3,3,3,1,59.8,3.3,83.6,62.9,0,Low,Specialist
1656,Female,Kochi,Tier2,IT,Networking,Yes,No,6.87,6.96,7.15,6.91,7.19,7.69,8.11,7.72,7.39,82.4,0,3,2,2,0,64.3,3.4,48.1,51.7,1,Mid,Average
1657,Male,Chennai,Tier1,IT,Embedded,Yes,No,8.13,8.22,8.01,7.92,7.99,8.1,7.96,7.37,8.12,84.5,3,4,2,4,2,77.6,3.2,86.6,75.9,1,High,High-Achiever
1658,Male,Kolkata,Tier3,CS,AI,No,No,5.16,5.24,4.45,4.61,5.08,5.35,5.59,4.91,5.09,53.2,0,2,0,0,1,58.6,1.8,49.8,62.6,0,Low,Below-Average
1659,Male,Kolkata,Tier2,Civil,DataScience,Yes,No,6.9,6.97,6.51,5.96,7.24,6.92,6.12,7.01,6.72,86.6,3,1,1,2,0,60.8,3.3,74.1,54.2,1,Mid,Average
1660,Male,Bangalore,Tier1,Civil,Networking,Yes,No,6.91,7.47,8.06,7.63,7.59,6.92,7.92,7.17,7.57,91.9,2,3,2,3,1,70.7,3.8,91.0,81.0,1,Mid,High-Achiever
1661,Female,Delhi,Tier1,CS,AI,No,No,9.02,8.81,9.28,9.35,8.99,8.69,9.15,8.5,8.93,86.0,2,2,4,4,1,75.9,4.5,95.6,78.7,1,High,High-Achiever
1662,Male,Chennai,Tier2,EE,Networking,Yes,No,7.76,7.45,7.56,7.16,8.26,8.17,7.51,8.21,7.71,74.1,0,2,2,1,1,75.6,2.8,65.6,70.7,0,Mid,Average
1663,Male,Kolkata,Tier3,Civil,Embedded,No,No,4.95,5.09,5.01,5.14,5.32,4.49,4.85,5.01,5.01,59.0,0,2,0,1,0,55.5,2.5,44.3,47.0,1,Low,Below-Average
1664,Male,Kochi,Tier1,EE,AI,Yes,No,8.8,8.69,8.32,8.67,8.74,8.62,8.53,8.67,8.67,88.2,3,4,3,2,1,78.5,4.0,72.3,75.0,0,High,High-Achiever
1665,Male,Mumbai,Tier2,ECE,Embedded,No,No,5.74,5.24,6.37,5.82,5.89,5.87,6.24,6.06,5.79,74.3,1,3,1,3,1,73.7,4.0,87.5,55.8,1,Low,Specialist
1666,Female,Bangalore,Tier3,CS,Networking,No,No,5.58,5.95,5.69,5.07,5.59,6.58,6.09,6.09,5.73,85.3,1,1,0,2,0,54.7,2.4,36.5,44.8,1,Low,Below-Average
1667,Female,Jaipur,Tier3,CS,Networking,Yes,No,4.59,5.55,4.59,5.74,4.43,4.88,5.06,4.88,5.06,61.9,0,0,1,1,0,45.6,3.1,44.1,43.1,1,Low,Below-Average
1668,Female,Ahmedabad,Tier1,Civil,Embedded,No,Yes,7.96,8.17,8.23,7.5,8.53,8.03,7.33,8.18,8.06,91.3,3,4,4,4,3,79.0,4.3,82.4,68.8,0,High,High-Achiever
1669,Female,Bangalore,Tier1,EE,Embedded,No,No,8.62,7.89,9.47,8.62,8.54,9.53,8.97,8.72,9.03,79.6,2,4,3,4,1,82.0,4.6,85.3,86.7,0,High,High-Achiever
1670,Male,Kochi,Tier3,Civil,Embedded,No,No,5.61,5.73,5.14,5.1,5.33,4.96,5.23,5.38,5.46,55.2,0,1,2,1,0,40.5,3.3,41.0,54.7,0,Low,Below-Average
1671,Female,Kochi,Tier2,Civil,Embedded,Yes,No,8.52,8.52,7.83,8.38,7.85,8.64,7.64,8.03,8.21,84.8,1,1,1,2,0,65.0,3.5,68.4,53.6,1,High,Average
1672,Female,Ahmedabad,Tier2,ECE,Embedded,No,No,6.79,7.31,6.99,7.1,6.96,6.98,6.74,6.91,7.03,78.2,1,2,2,2,0,67.5,2.7,35.5,59.6,1,Mid,Average
1673,Male,Pune,Tier3,Mechanical,Embedded,No,No,4.37,5.09,5.02,4.19,4.52,4.53,4.73,4.71,4.85,40.0,0,0,0,0,0,32.8,2.7,43.9,41.7,1,Low,Below-Average
1674,Female,Jaipur,Tier1,IT,Networking,Yes,Yes,8.66,9.19,9.08,9.16,9.4,8.9,8.86,8.64,9.11,91.4,3,4,3,3,1,78.9,4.2,90.4,69.9,0,High,High-Achiever
1675,Female,Jaipur,Tier3,Mechanical,AI,Yes,Yes,6.33,5.88,5.63,6.19,6.18,5.59,6.01,5.68,5.94,79.2,1,1,1,1,0,45.3,3.0,60.7,25.3,0,Low,Below-Average
1676,Male,Jaipur,Tier2,Mechanical,AI,No,Yes,6.8,7.15,6.42,6.27,6.79,6.8,6.65,6.85,6.58,52.0,2,1,2,2,1,70.3,2.7,90.9,47.0,0,Mid,Specialist
1677,Male,Ahmedabad,Tier3,EE,Embedded,Yes,Yes,5.96,6.75,6.17,6.48,6.67,5.51,5.99,6.08,6.33,75.2,0,2,1,0,0,31.4,3.5,58.8,40.4,1,Low,Below-Average
1678,Female,Pune,Tier2,EE,Embedded,No,No,7.49,6.65,6.48,6.48,6.79,6.44,6.82,6.81,6.61,52.8,2,3,2,1,0,61.9,3.5,61.5,50.5,1,Mid,Average
1679,Male,Ahmedabad,Tier3,ECE,Networking,No,Yes,4.85,5.55,5.61,5.31,5.54,5.55,5.94,5.42,5.41,69.4,1,1,0,1,0,43.7,2.2,42.0,45.8,0,Low,Below-Average
1680,Female,Kolkata,Tier2,Mechanical,DataScience,No,No,6.76,7.11,7.23,6.81,6.97,6.87,7.01,7.9,6.9,74.9,1,4,1,3,1,72.7,3.3,64.8,71.3,0,Mid,Average
1681,Male,Chennai,Tier3,EE,Embedded,No,Yes,4.34,4.14,4.88,5.39,4.32,4.97,4.58,4.19,4.6,40.0,0,1,1,1,0,47.6,4.0,42.0,52.4,0,Low,Below-Average
1682,Female,Mumbai,Tier3,ECE,AI,Yes,No,5.63,5.38,5.59,5.11,5.06,5.44,5.32,5.26,5.32,64.5,0,1,2,2,0,64.2,3.2,34.2,42.7,1,Low,Below-Average
1683,Female,Delhi,Tier3,ECE,Networking,Yes,No,6.26,6.53,6.43,6.13,6.84,6.01,6.45,6.3,6.44,71.5,0,1,1,0,0,54.0,3.4,36.8,25.6,1,Low,Below-Average
1684,Male,Bangalore,Tier1,Civil,DataScience,Yes,No,7.97,8.95,8.38,8.91,8.51,8.77,8.33,8.5,8.62,89.8,4,3,1,3,1,77.5,3.8,74.2,83.0,0,High,High-Achiever
1685,Male,Kochi,Tier1,CS,Embedded,No,No,8.31,7.92,7.68,7.96,7.56,8.14,7.61,7.91,7.83,90.9,2,5,4,4,2,81.4,3.9,85.7,79.0,0,Mid,High-Achiever
1686,Female,Delhi,Tier1,Mechanical,AI,No,No,7.9,7.63,7.4,7.5,7.43,7.85,8.45,7.72,7.72,85.9,2,4,3,4,2,77.9,3.9,82.1,81.0,0,Mid,High-Achiever
1687,Female,Bangalore,Tier2,ECE,AI,No,No,8.18,7.82,8.42,8.17,8.4,7.74,8.1,7.58,8.0,60.1,1,2,2,2,1,71.9,3.6,56.8,77.5,1,Mid,Average
1688,Male,Pune,Tier2,ECE,Networking,No,No,6.89,6.9,6.87,7.31,7.25,6.79,7.1,7.48,6.95,80.5,0,1,1,3,1,54.3,3.4,54.9,55.4,0,Mid,Average
1689,Male,Kochi,Tier2,ECE,Networking,Yes,No,6.97,6.72,6.69,6.79,6.44,6.13,6.91,6.51,6.61,89.0,2,2,2,2,1,58.4,3.3,64.5,39.0,1,Mid,Average
1690,Female,Chennai,Tier2,Mechanical,AI,Yes,No,7.45,6.52,6.97,6.71,6.38,7.06,6.79,6.93,6.84,84.0,1,2,2,3,1,68.6,3.3,67.0,53.6,0,Mid,Average
1691,Male,Kochi,Tier3,ECE,DataScience,No,Yes,4.78,4.31,5.07,4.14,4.16,4.7,4.89,4.66,4.47,40.1,1,0,1,2,0,59.0,2.3,30.7,48.9,1,Low,Below-Average
1692,Male,Kochi,Tier2,IT,Embedded,No,Yes,6.94,7.95,7.17,7.1,6.6,6.88,6.44,7.03,7.14,56.4,1,2,1,1,2,38.0,3.1,74.7,55.3,1,Mid,Specialist
1693,Male,Delhi,Tier1,Civil,Embedded,No,No,8.18,7.98,8.06,8.23,8.13,8.23,7.47,8.63,8.3,83.8,3,4,2,3,1,88.2,4.6,88.7,69.5,0,High,High-Achiever
1694,Male,Kolkata,Tier3,ECE,Networking,No,Yes,6.72,6.68,6.26,6.2,6.34,6.72,6.89,6.32,6.46,44.1,0,1,0,0,0,46.7,1.9,28.2,29.8,1,Low,Below-Average
1695,Female,Ahmedabad,Tier3,Mechanical,DataScience,No,No,5.1,5.36,5.7,6.29,5.78,5.1,5.39,5.53,5.54,60.4,0,0,2,2,0,31.0,3.0,47.5,40.5,0,Low,Below-Average
1696,Male,Jaipur,Tier2,ECE,Embedded,No,No,8.41,8.07,7.77,7.77,8.55,8.21,7.88,6.87,7.86,78.1,1,2,2,2,0,41.0,4.2,74.6,52.0,1,Mid,Average
1697,Female,Kolkata,Tier1,Civil,AI,No,No,8.64,8.18,8.57,8.22,7.98,8.8,8.93,8.19,8.63,80.8,1,3,2,4,0,70.8,4.1,93.3,81.6,1,High,High-Achiever
1698,Female,Kochi,Tier3,ECE,Networking,No,Yes,6.63,6.43,6.29,5.97,5.4,6.09,5.7,6.7,6.1,67.8,1,1,0,1,0,47.8,2.5,49.4,39.9,0,Low,Below-Average
1699,Male,Ahmedabad,Tier2,ECE,Networking,No,No,5.95,6.79,6.41,6.01,6.56,6.37,7.05,6.92,6.58,75.4,1,3,1,0,1,59.3,3.8,90.7,47.5,0,Mid,Specialist
1700,Male,Hyderabad,Tier3,Mechanical,Networking,Yes,Yes,5.72,4.99,6.1,5.63,5.39,6.25,5.75,6.65,5.94,54.5,1,1,0,2,0,53.7,2.2,64.5,36.4,1,Low,Below-Average
1701,Male,Kochi,Tier2,Mechanical,DataScience,No,Yes,5.99,6.43,6.27,5.45,6.32,6.62,6.5,7.01,6.28,68.4,1,2,1,2,0,54.5,3.2,66.3,58.2,1,Low,Specialist
1702,Male,Kolkata,Tier2,IT,Embedded,No,Yes,6.18,6.07,5.99,5.47,5.8,5.93,5.65,6.02,5.81,52.5,1,3,0,1,1,48.9,2.5,81.3,55.5,1,Low,Specialist
1703,Female,Hyderabad,Tier2,Civil,Networking,No,No,8.7,7.86,8.2,7.19,8.38,8.3,8.85,8.23,8.15,72.3,0,3,1,3,0,61.7,2.6,67.6,63.6,1,High,Average
1704,Female,Mumbai,Tier2,IT,Embedded,Yes,No,6.13,6.48,6.2,6.52,6.25,6.42,6.31,6.52,6.46,75.1,1,2,2,3,1,65.3,3.4,57.0,63.4,0,Low,Average
1705,Female,Pune,Tier2,Civil,DataScience,Yes,Yes,6.76,6.84,6.77,6.5,7.24,7.55,7.09,6.73,7.0,76.3,1,3,1,2,0,66.8,2.9,71.2,61.4,1,Mid,Average
1706,Female,Kochi,Tier2,EE,Networking,Yes,Yes,6.22,5.41,6.37,5.85,5.3,5.64,6.24,6.31,6.01,73.4,2,4,3,2,1,52.1,3.2,84.7,42.6,0,Low,Specialist
1707,Female,Delhi,Tier1,EE,DataScience,No,No,8.82,8.73,8.99,8.7,8.87,8.17,8.45,9.05,8.7,89.2,2,5,3,3,0,85.4,4.6,82.9,72.9,0,High,High-Achiever
1708,Female,Hyderabad,Tier2,IT,DataScience,No,No,6.98,6.74,7.0,6.92,6.82,6.15,6.19,6.83,6.74,72.9,2,3,1,1,0,60.0,4.4,57.5,58.8,0,Mid,Average
1709,Female,Kochi,Tier3,CS,Embedded,No,Yes,5.42,5.47,5.42,5.93,5.55,5.42,6.56,5.73,5.72,62.9,1,2,0,0,1,40.2,2.9,36.8,64.7,0,Low,Below-Average
1710,Female,Bangalore,Tier1,CS,DataScience,No,No,8.39,8.29,8.81,8.47,7.85,9.02,8.13,7.66,8.42,93.0,2,3,3,4,0,76.7,4.6,78.2,68.6,0,High,High-Achiever
1711,Female,Kolkata,Tier3,CS,DataScience,Yes,No,4.49,4.5,4.16,4.82,4.0,4.23,4.0,4.0,4.39,59.0,1,1,0,1,0,57.7,3.0,44.7,39.8,0,Low,Below-Average
1712,Female,Delhi,Tier2,Mechanical,DataScience,No,No,7.06,7.05,6.96,7.28,7.46,7.02,6.6,7.46,7.01,77.5,2,3,2,1,0,63.9,3.3,53.0,62.8,0,Mid,Average
1713,Male,Delhi,Tier2,EE,AI,Yes,Yes,4.53,4.59,5.4,5.3,5.53,5.43,5.46,5.48,5.12,68.3,2,4,1,2,0,53.1,1.9,92.6,51.4,0,Low,Specialist
1714,Female,Pune,Tier3,EE,DataScience,Yes,No,4.99,4.23,4.0,4.53,4.65,4.63,4.14,4.84,4.29,53.5,1,0,0,1,0,56.3,3.8,48.5,54.7,0,Low,Below-Average
1715,Female,Mumbai,Tier2,Civil,DataScience,No,No,7.12,6.59,6.94,7.88,6.9,7.03,7.48,6.77,7.08,79.2,2,3,1,0,1,82.1,3.0,69.9,59.5,0,Mid,Average
1716,Male,Bangalore,Tier3,Civil,Networking,Yes,No,5.47,5.93,5.73,5.68,5.85,5.73,5.97,6.29,5.84,54.4,0,1,0,1,0,49.9,3.6,30.7,41.7,1,Low,Below-Average
1717,Male,Mumbai,Tier2,ECE,DataScience,Yes,Yes,7.19,6.85,7.37,7.78,6.76,6.6,7.36,7.24,7.32,78.1,1,4,2,4,0,74.9,3.8,44.7,68.5,0,Mid,Average
1718,Male,Jaipur,Tier2,Mechanical,AI,No,No,7.55,7.08,7.45,7.18,7.33,7.23,7.5,7.8,7.34,75.2,0,1,1,3,0,73.3,3.0,60.0,76.5,0,Mid,Average
1719,Male,Kolkata,Tier3,CS,DataScience,No,Yes,4.35,4.41,4.21,4.07,4.06,4.05,4.0,4.0,4.15,57.0,1,0,1,1,0,42.5,3.0,71.0,58.1,0,Low,Below-Average
1720,Male,Chennai,Tier3,EE,Networking,No,Yes,4.87,4.3,4.0,4.25,6.14,4.52,4.18,5.09,4.55,56.7,0,0,0,2,0,48.2,4.1,54.7,42.6,0,Low,Below-Average
1721,Female,Ahmedabad,Tier1,ECE,AI,No,No,9.29,9.74,9.31,9.4,9.86,9.41,9.13,8.97,9.49,85.5,3,4,3,4,2,72.3,4.8,78.1,77.7,0,High,High-Achiever
1722,Female,Pune,Tier1,IT,Embedded,Yes,No,7.67,7.85,8.74,7.55,8.4,7.71,8.7,8.22,7.98,79.8,2,5,3,3,2,78.8,4.0,85.0,78.3,1,Mid,High-Achiever
1723,Male,Bangalore,Tier3,ECE,Embedded,Yes,No,6.26,6.02,5.92,5.82,5.67,5.97,5.86,6.4,5.93,63.8,1,1,2,1,0,42.4,2.4,49.3,45.5,0,Low,Below-Average
1724,Female,Bangalore,Tier2,IT,AI,No,No,5.89,6.98,6.81,6.56,6.94,6.65,6.41,7.23,6.59,76.9,1,2,2,3,1,61.8,3.6,47.7,55.2,1,Mid,Average
1725,Male,Kolkata,Tier2,EE,AI,No,No,7.52,7.36,6.27,7.33,7.53,6.96,6.26,6.97,7.05,81.8,1,2,1,1,1,59.0,3.4,72.3,69.5,1,Mid,Average
1726,Male,Hyderabad,Tier1,EE,Embedded,No,No,8.25,8.32,8.11,7.9,7.9,8.17,8.19,7.88,8.18,85.3,2,3,4,3,1,78.3,4.7,80.8,79.4,0,High,High-Achiever
1727,Female,Pune,Tier2,CS,AI,Yes,No,7.34,7.18,7.54,7.52,7.25,7.59,6.87,7.08,7.34,90.2,1,2,1,2,1,69.3,3.9,59.2,61.6,0,Mid,Average
1728,Female,Jaipur,Tier3,ECE,Embedded,Yes,No,5.23,5.2,5.7,5.6,5.99,5.93,5.0,4.99,5.6,56.2,0,1,1,1,0,46.9,1.8,42.2,31.3,0,Low,Below-Average
1729,Female,Bangalore,Tier1,IT,DataScience,Yes,No,8.28,7.91,7.85,8.45,8.12,7.88,8.32,7.83,8.28,83.6,4,3,2,3,1,68.8,4.4,90.0,78.4,0,High,High-Achiever
1730,Male,Chennai,Tier2,ECE,Networking,Yes,No,5.87,6.48,6.38,6.32,6.09,6.53,7.43,5.75,6.37,67.1,1,2,2,2,0,59.0,3.4,53.2,46.9,1,Low,Average
1731,Female,Ahmedabad,Tier2,Civil,AI,Yes,Yes,6.27,6.55,6.42,6.44,5.84,6.22,6.2,5.74,6.21,54.4,0,3,1,2,1,44.8,3.2,71.3,48.0,1,Low,Specialist
1732,Female,Bangalore,Tier1,ECE,Embedded,No,No,7.5,7.49,7.49,7.9,7.47,8.12,8.16,7.49,7.89,95.7,2,4,3,4,0,81.5,4.3,84.3,74.1,0,Mid,High-Achiever
1733,Male,Jaipur,Tier3,EE,DataScience,No,Yes,6.18,5.75,5.36,5.41,5.42,5.76,6.0,6.08,5.8,73.7,1,2,1,1,1,52.5,3.5,21.6,46.9,0,Low,Below-Average
1734,Male,Bangalore,Tier1,IT,Embedded,No,No,9.5,9.63,9.56,9.98,9.47,9.99,9.41,9.5,9.81,91.0,1,4,2,3,2,81.5,4.6,79.9,91.2,1,High,High-Achiever
1735,Female,Chennai,Tier3,Civil,Embedded,Yes,Yes,6.32,6.59,6.17,6.7,6.57,6.53,7.0,6.13,6.45,51.0,1,1,0,0,1,40.9,2.4,53.9,49.7,1,Low,Below-Average
1736,Female,Pune,Tier3,ECE,AI,Yes,No,5.86,6.47,5.53,5.76,6.4,5.8,5.6,5.76,6.0,78.1,0,2,1,1,0,50.2,2.8,47.8,58.5,1,Low,Below-Average
1737,Male,Delhi,Tier3,IT,Networking,No,No,5.72,4.67,5.87,6.31,6.12,5.41,4.81,5.38,5.44,56.5,1,1,0,1,0,43.8,2.5,52.4,50.5,0,Low,Below-Average
1738,Female,Pune,Tier1,CS,Networking,Yes,No,7.08,7.97,7.49,7.48,7.28,7.37,7.21,7.6,7.53,86.7,2,3,1,2,2,73.2,3.5,86.3,85.9,1,Mid,High-Achiever
1739,Male,Chennai,Tier2,Civil,Networking,No,No,6.14,6.34,6.41,6.22,5.79,6.2,6.3,6.23,6.21,86.5,3,2,2,3,1,70.9,3.4,81.7,76.9,0,Low,Average
1740,Male,Mumbai,Tier3,EE,Networking,No,No,6.03,6.15,5.9,6.43,6.37,6.64,6.31,5.93,6.4,66.6,0,0,1,1,0,55.4,3.9,36.1,36.7,1,Low,Below-Average
1741,Male,Delhi,Tier1,CS,Networking,No,No,8.41,8.22,8.12,7.61,8.45,7.7,8.41,8.01,8.11,99.0,2,4,2,4,0,85.7,3.5,84.8,72.4,0,High,High-Achiever
1742,Female,Ahmedabad,Tier1,EE,AI,Yes,No,8.3,8.31,8.5,8.36,8.56,8.11,8.28,7.89,8.15,89.2,2,4,3,2,0,76.3,4.2,78.9,82.7,1,High,High-Achiever
1743,Male,Chennai,Tier1,IT,Embedded,Yes,No,8.84,8.27,8.67,8.94,8.9,8.93,8.76,8.04,8.42,86.0,2,3,3,2,1,87.1,4.2,88.7,78.0,1,High,High-Achiever
1744,Male,Kochi,Tier2,Mechanical,Embedded,Yes,No,4.77,4.85,5.64,5.14,4.92,4.85,5.18,5.31,5.15,64.5,1,3,1,3,2,55.1,3.4,84.5,57.6,1,Low,Specialist
1745,Male,Chennai,Tier3,IT,Embedded,No,No,4.36,4.45,4.86,4.73,4.51,4.86,5.42,4.91,4.64,41.5,1,1,0,1,0,53.9,2.2,59.2,41.5,1,Low,Below-Average
1746,Female,Chennai,Tier2,Mechanical,DataScience,Yes,No,7.58,6.35,6.37,6.82,7.17,6.83,7.71,6.76,6.97,72.8,1,1,1,2,0,60.9,2.8,55.2,57.2,0,Mid,Average
1747,Female,Bangalore,Tier3,IT,DataScience,Yes,No,4.67,5.11,4.55,4.35,4.62,4.61,4.65,4.97,4.88,71.4,0,2,1,1,0,46.0,2.0,56.1,60.2,1,Low,Below-Average
1748,Male,Hyderabad,Tier2,Mechanical,AI,Yes,No,6.88,6.66,5.98,6.7,6.37,6.79,6.82,6.01,6.56,79.8,1,1,2,2,1,45.6,4.2,65.3,53.2,0,Mid,Average
1749,Female,Delhi,Tier2,IT,DataScience,Yes,No,6.55,6.89,6.11,6.76,6.96,6.72,6.75,6.82,6.53,75.2,2,1,1,1,2,62.6,3.0,59.7,67.5,0,Mid,Average
1750,Male,Hyderabad,Tier2,Mechanical,Embedded,No,No,7.01,7.28,7.66,6.7,7.16,7.35,7.42,6.95,7.31,67.0,1,2,1,3,1,65.7,3.3,64.9,66.2,0,Mid,Average
1751,Male,Pune,Tier2,EE,AI,No,No,6.79,6.96,6.27,6.65,6.94,6.9,7.09,6.84,6.86,76.8,2,2,2,1,1,61.7,4.6,62.4,49.4,0,Mid,Average
1752,Male,Ahmedabad,Tier1,CS,Embedded,No,No,7.99,8.67,7.66,8.24,7.42,7.94,8.42,8.56,8.41,93.1,2,4,2,4,2,90.5,3.9,84.5,72.2,1,High,High-Achiever
1753,Male,Ahmedabad,Tier3,Civil,Embedded,No,No,6.12,5.99,6.31,5.62,6.2,6.53,5.86,5.78,5.92,64.3,0,2,1,0,0,37.5,3.0,39.9,37.4,0,Low,Below-Average
1754,Female,Pune,Tier3,Civil,AI,Yes,No,5.57,5.64,5.06,5.62,5.76,5.03,4.86,4.8,5.4,61.7,1,0,1,1,0,42.9,3.4,35.0,49.6,0,Low,Below-Average
1755,Male,Kolkata,Tier2,IT,Networking,No,No,6.67,6.48,7.15,6.9,6.56,6.58,7.06,6.55,6.83,68.6,0,1,1,2,0,57.8,4.0,57.0,59.1,0,Mid,Average
1756,Female,Kochi,Tier2,ECE,Networking,No,No,7.12,7.22,6.87,7.65,7.21,7.32,7.41,7.76,7.28,81.9,1,3,2,0,0,60.5,2.8,44.9,61.3,1,Mid,Average
1757,Female,Kochi,Tier1,CS,Networking,Yes,No,9.17,8.61,8.83,9.07,8.74,8.6,8.68,8.67,8.83,72.3,3,4,3,4,2,86.2,3.9,87.9,67.8,1,High,High-Achiever
1758,Male,Pune,Tier2,Mechanical,DataScience,No,No,6.06,5.95,6.08,5.85,5.46,5.44,5.67,5.75,5.88,73.4,2,3,1,0,1,74.8,3.4,75.1,82.9,0,Low,Specialist
1759,Male,Delhi,Tier2,ECE,Networking,No,Yes,6.15,5.76,5.72,5.99,6.0,5.49,5.66,6.21,6.06,93.1,3,2,0,2,1,53.0,4.6,83.3,55.9,0,Low,Specialist
1760,Female,Hyderabad,Tier2,CS,Networking,No,No,5.52,5.18,5.35,5.68,5.88,5.27,5.49,6.45,5.37,56.4,1,4,0,3,2,52.8,2.7,90.2,61.0,1,Low,Specialist
1761,Male,Kolkata,Tier2,EE,DataScience,No,No,6.41,6.73,6.84,6.29,6.88,6.58,6.59,6.06,6.48,73.1,2,3,1,1,0,55.7,3.3,67.6,57.7,1,Low,Average
1762,Male,Jaipur,Tier1,IT,Embedded,Yes,No,8.78,8.8,8.78,8.72,8.1,8.72,8.24,9.18,8.88,88.0,3,4,2,2,0,87.8,4.4,69.6,73.4,0,High,High-Achiever
1763,Female,Jaipur,Tier1,IT,Embedded,No,No,8.83,8.39,8.85,8.32,8.46,8.8,9.79,8.74,8.72,85.7,3,3,3,4,2,86.7,4.4,81.4,91.4,0,High,High-Achiever
1764,Female,Mumbai,Tier1,Civil,Networking,No,No,9.42,8.69,8.44,9.0,8.53,8.53,8.42,8.28,8.73,93.2,2,4,3,3,2,79.4,4.5,85.2,64.6,1,High,High-Achiever
1765,Female,Ahmedabad,Tier1,Mechanical,AI,No,No,9.09,7.73,8.7,8.92,8.58,8.82,8.65,8.18,8.64,90.4,3,5,3,3,1,71.6,3.9,82.4,80.0,0,High,High-Achiever
1766,Female,Jaipur,Tier1,CS,Embedded,No,No,8.96,8.45,8.92,9.07,8.44,8.86,8.86,8.86,8.52,88.8,3,3,2,4,2,72.2,4.0,91.4,69.5,0,High,High-Achiever
1767,Female,Kochi,Tier2,EE,AI,Yes,No,6.47,6.98,7.2,6.23,6.21,6.13,7.05,6.43,6.56,77.2,1,2,2,1,1,61.7,3.4,78.4,50.1,0,Mid,Specialist
1768,Female,Ahmedabad,Tier1,ECE,DataScience,No,No,8.89,8.29,9.11,9.01,8.67,9.15,8.95,8.31,8.97,88.1,2,3,4,3,2,83.3,4.7,67.7,73.5,1,High,High-Achiever
1769,Female,Hyderabad,Tier1,CS,Embedded,Yes,No,8.66,9.1,8.97,8.67,9.17,8.81,8.76,8.6,8.96,100.0,2,3,2,4,1,67.6,4.1,87.7,71.1,0,High,High-Achiever
1770,Female,Hyderabad,Tier3,CS,Networking,Yes,No,5.59,5.91,5.62,5.18,5.52,5.86,5.32,5.54,5.43,61.5,0,1,0,0,0,45.1,2.8,36.6,44.4,1,Low,Below-Average
1771,Female,Delhi,Tier2,Civil,Networking,Yes,No,7.48,7.72,8.01,7.82,8.01,7.85,8.12,7.25,7.83,76.6,0,3,1,3,0,77.9,3.0,44.2,41.5,0,Mid,Average
1772,Male,Kochi,Tier3,CS,Networking,Yes,No,5.97,5.86,5.28,5.81,5.61,5.57,5.5,5.25,5.66,42.9,0,1,1,1,0,46.0,3.9,40.4,40.8,0,Low,Below-Average
1773,Male,Jaipur,Tier2,EE,DataScience,No,No,7.32,7.61,7.12,7.14,7.26,7.98,8.04,6.86,7.38,70.7,1,2,1,2,1,76.9,3.6,71.1,61.3,0,Mid,Average
1774,Female,Jaipur,Tier3,Civil,DataScience,No,Yes,5.77,5.24,6.06,4.99,5.15,5.57,6.02,5.22,5.7,71.5,0,1,0,1,0,53.8,3.4,29.4,30.4,1,Low,Below-Average
1775,Female,Hyderabad,Tier2,ECE,AI,Yes,No,7.05,7.0,6.83,6.8,6.37,7.65,7.76,7.03,7.15,64.3,1,3,0,2,0,56.3,3.5,81.0,74.1,0,Mid,Average
1776,Female,Bangalore,Tier2,EE,Embedded,Yes,No,7.01,6.66,6.52,6.87,6.83,7.11,6.43,6.39,6.56,57.7,2,0,2,1,2,62.7,3.5,52.5,57.2,1,Mid,Average
1777,Female,Hyderabad,Tier3,ECE,Embedded,No,Yes,6.71,6.24,5.79,5.86,5.88,6.14,6.28,6.0,5.99,60.3,0,2,1,1,0,46.8,1.9,42.9,41.6,1,Low,Below-Average
1778,Female,Ahmedabad,Tier2,EE,AI,Yes,Yes,8.73,8.47,8.79,8.17,7.86,8.35,8.25,9.26,8.71,86.0,1,1,3,2,1,57.4,2.4,49.0,57.3,1,High,Average
1779,Male,Pune,Tier2,IT,Embedded,No,No,6.49,6.83,7.7,7.14,6.67,6.6,7.05,6.55,6.78,75.3,0,2,2,1,1,57.2,4.1,60.4,61.3,0,Mid,Average
1780,Female,Hyderabad,Tier2,IT,Embedded,No,No,6.9,6.86,6.84,7.1,6.31,6.91,7.39,7.32,7.04,72.3,2,2,1,1,0,77.1,3.5,58.8,72.5,1,Mid,Average
1781,Female,Bangalore,Tier1,EE,Embedded,No,No,7.98,8.17,7.98,7.25,8.34,8.89,8.81,7.96,8.28,78.7,2,3,2,4,2,74.1,4.3,71.6,95.3,1,High,High-Achiever
1782,Female,Delhi,Tier3,CS,AI,Yes,No,5.11,5.49,4.8,5.4,5.32,4.68,5.24,5.01,5.16,64.5,0,1,0,0,0,57.7,2.1,70.3,51.5,0,Low,Below-Average
1783,Female,Delhi,Tier1,EE,Networking,Yes,No,9.51,9.18,9.55,9.5,9.45,9.58,8.34,9.47,9.27,91.3,2,4,1,3,1,77.4,3.8,78.5,85.6,0,High,High-Achiever
1784,Female,Jaipur,Tier1,EE,Embedded,No,No,8.05,7.91,7.81,7.49,7.97,7.78,7.87,7.82,8.16,79.1,2,3,3,3,2,79.8,4.6,78.5,90.0,1,High,High-Achiever
1785,Male,Chennai,Tier1,Civil,Networking,Yes,No,8.36,8.25,8.09,7.51,8.23,9.24,8.27,8.31,8.26,93.7,2,5,3,3,1,83.4,4.9,88.8,79.7,0,High,High-Achiever
1786,Female,Ahmedabad,Tier3,IT,Embedded,No,No,4.68,4.03,5.39,4.67,4.5,4.04,4.61,4.72,4.39,67.7,0,1,2,2,1,42.6,2.4,60.1,59.7,1,Low,Below-Average
1787,Male,Mumbai,Tier2,CS,AI,No,No,6.09,6.1,6.42,6.51,6.24,6.61,6.39,6.75,6.55,84.1,1,2,1,2,1,69.5,3.8,70.1,68.3,0,Mid,Average
1788,Female,Kolkata,Tier3,IT,Embedded,No,No,4.16,4.87,4.0,4.0,4.44,4.43,4.45,4.95,4.3,65.8,1,1,0,1,0,29.6,2.9,30.0,45.4,1,Low,Below-Average
1789,Male,Pune,Tier3,Mechanical,DataScience,No,Yes,6.06,6.36,6.05,5.86,5.45,5.89,5.52,5.94,5.94,66.5,1,1,1,1,0,52.0,2.7,44.1,47.5,0,Low,Below-Average
1790,Female,Ahmedabad,Tier1,ECE,Networking,No,No,9.22,9.73,10.0,9.9,9.22,9.79,10.0,9.69,9.9,90.6,3,5,2,3,0,65.2,4.9,68.8,65.3,1,High,High-Achiever
1791,Male,Hyderabad,Tier3,CS,AI,No,No,5.65,5.54,5.66,5.14,5.54,5.18,4.53,5.28,5.24,68.7,1,0,0,0,0,46.0,2.5,51.0,46.9,1,Low,Below-Average
1792,Male,Bangalore,Tier2,IT,AI,No,No,5.79,6.09,5.8,5.9,6.39,6.01,6.58,6.1,6.0,60.4,3,2,2,1,0,71.8,4.1,45.3,49.7,1,Low,Average
1793,Female,Jaipur,Tier1,Mechanical,Networking,No,No,8.77,8.82,8.99,9.18,9.12,9.15,9.32,8.42,8.95,80.5,3,3,2,4,1,83.7,4.4,76.4,66.6,1,High,High-Achiever
1794,Female,Ahmedabad,Tier3,Civil,AI,Yes,Yes,5.37,4.71,4.69,4.84,4.79,4.98,4.58,4.0,4.99,52.6,1,1,1,1,0,36.3,2.8,42.0,45.9,1,Low,Below-Average
1795,Female,Kolkata,Tier2,CS,Embedded,No,Yes,7.48,7.26,6.48,7.01,6.84,7.49,7.18,7.29,7.04,68.8,1,2,2,2,2,48.3,4.2,88.6,41.6,1,Mid,Specialist
1796,Female,Ahmedabad,Tier1,EE,Networking,No,No,8.27,8.97,8.14,8.71,8.24,7.99,8.42,8.64,8.36,89.9,3,3,4,4,1,75.9,4.3,80.2,78.0,1,High,High-Achiever
1797,Female,Delhi,Tier2,Civil,Networking,No,No,6.72,7.23,7.02,6.44,7.06,7.17,6.54,7.02,6.62,77.6,1,3,2,1,0,66.5,3.5,73.7,63.1,0,Mid,Average
1798,Female,Chennai,Tier1,CS,AI,No,No,7.91,8.14,8.31,8.1,8.89,8.08,8.15,8.36,8.41,93.6,1,3,3,4,1,67.8,4.8,87.1,79.3,0,High,High-Achiever
1799,Male,Kolkata,Tier2,CS,Networking,Yes,No,7.51,7.07,7.23,6.68,7.77,7.51,7.27,7.88,7.45,84.2,2,3,1,3,1,64.9,4.1,65.8,54.8,0,Mid,Average
1800,Male,Kolkata,Tier2,ECE,AI,No,No,6.98,7.05,6.4,7.1,7.05,6.55,6.71,7.22,6.86,68.0,0,3,1,4,0,67.5,4.1,48.9,69.2,1,Mid,Average
1801,Male,Jaipur,Tier2,CS,Networking,Yes,No,6.56,6.68,7.14,6.6,6.69,6.72,6.33,6.72,6.7,76.9,2,2,2,3,0,62.7,1.6,75.3,61.3,0,Mid,Average
1802,Male,Jaipur,Tier2,EE,AI,No,No,6.74,7.32,6.96,7.42,6.54,7.33,6.63,7.38,6.88,68.2,0,2,1,2,0,69.2,3.7,52.8,65.5,0,Mid,Average
1803,Male,Delhi,Tier1,Mechanical,Networking,Yes,No,7.42,7.75,7.93,8.57,7.44,7.79,7.72,7.82,7.86,87.1,3,3,2,4,1,81.3,4.3,94.2,69.6,1,Mid,High-Achiever
1804,Female,Jaipur,Tier3,ECE,Networking,Yes,Yes,5.79,5.76,5.63,5.68,5.82,5.35,5.77,5.26,5.78,63.2,1,0,1,0,0,43.1,2.8,62.2,42.2,1,Low,Below-Average
1805,Female,Jaipur,Tier3,Civil,DataScience,No,No,4.19,4.34,4.5,4.0,4.28,4.0,4.02,4.04,4.25,40.0,1,0,1,1,0,30.6,3.2,47.1,55.0,0,Low,Below-Average
1806,Female,Bangalore,Tier3,Civil,Embedded,Yes,Yes,4.87,5.5,5.45,5.58,5.21,4.99,4.66,5.38,5.19,84.1,1,1,1,1,0,49.2,3.0,52.3,53.7,1,Low,Below-Average
1807,Male,Chennai,Tier1,Mechanical,Embedded,Yes,No,8.9,8.78,9.14,9.33,9.53,9.0,9.53,9.18,8.88,90.8,2,4,2,4,1,74.3,4.5,60.4,72.4,1,High,High-Achiever
1808,Female,Kochi,Tier2,EE,Networking,Yes,No,6.67,7.66,7.33,6.68,7.06,7.3,7.34,6.88,7.18,70.2,3,2,2,1,0,60.4,3.4,58.2,57.6,0,Mid,Average
1809,Female,Jaipur,Tier2,CS,DataScience,Yes,No,7.36,7.86,7.22,7.77,7.45,7.1,7.22,7.34,7.35,90.4,2,2,2,1,1,68.8,4.2,69.9,54.1,1,Mid,Average
1810,Male,Kochi,Tier1,IT,Networking,No,No,8.75,8.56,8.36,8.11,8.57,8.5,8.52,8.24,8.47,86.3,2,3,3,3,3,88.5,4.5,88.5,73.4,0,High,High-Achiever
1811,Female,Kolkata,Tier1,Civil,DataScience,No,No,8.66,9.35,9.38,8.6,9.43,9.05,9.31,9.12,9.08,88.7,2,3,3,4,2,79.8,4.4,73.5,68.2,0,High,High-Achiever
1812,Male,Jaipur,Tier2,EE,Networking,Yes,No,7.67,7.47,8.41,8.05,7.74,8.0,7.79,7.76,7.55,71.1,1,0,2,1,1,69.4,3.7,57.4,60.9,0,Mid,Average
1813,Female,Kochi,Tier3,ECE,AI,Yes,Yes,4.93,5.58,4.68,6.19,5.75,5.69,6.01,5.55,5.81,76.5,0,1,1,1,0,35.0,3.5,16.6,50.3,1,Low,Below-Average
1814,Female,Kolkata,Tier1,Mechanical,Embedded,Yes,No,8.68,9.61,9.21,9.18,8.88,9.08,9.18,9.75,8.96,87.5,1,4,3,4,3,81.5,4.6,84.9,72.5,1,High,High-Achiever
1815,Female,Bangalore,Tier3,IT,Networking,Yes,No,5.24,6.47,5.62,6.1,5.77,5.99,6.22,6.19,6.03,61.5,1,1,0,2,0,47.5,2.7,23.2,43.1,1,Low,Below-Average
1816,Female,Bangalore,Tier2,IT,DataScience,Yes,Yes,7.14,6.71,6.48,6.88,6.17,6.99,7.35,6.47,6.74,84.6,0,4,3,2,1,74.8,4.0,70.2,60.2,0,Mid,Average
1817,Male,Kochi,Tier3,ECE,Embedded,Yes,No,4.84,4.99,4.37,4.92,4.58,4.37,4.39,4.78,4.56,65.9,0,0,1,1,0,43.1,2.9,53.8,54.6,0,Low,Below-Average
1818,Male,Bangalore,Tier2,Civil,Networking,No,Yes,7.06,8.19,7.43,6.93,7.19,7.53,7.38,7.37,7.25,74.6,1,1,0,3,0,63.1,4.5,55.7,57.1,0,Mid,Average
1819,Male,Bangalore,Tier2,ECE,Embedded,No,No,7.32,7.65,7.12,6.67,7.25,7.01,6.71,7.87,7.33,83.9,1,2,3,2,1,73.5,4.0,64.7,57.4,1,Mid,Average
1820,Male,Jaipur,Tier2,CS,DataScience,Yes,No,8.0,7.3,7.91,8.17,7.83,8.44,7.93,7.67,7.65,95.3,1,2,2,3,1,64.3,3.2,58.0,55.2,0,Mid,Average
1821,Male,Hyderabad,Tier2,ECE,DataScience,Yes,No,5.74,5.55,5.51,5.39,4.96,5.54,5.24,5.11,5.25,72.9,0,1,1,4,0,48.9,4.8,86.9,41.3,1,Low,Specialist
1822,Female,Hyderabad,Tier2,IT,DataScience,No,No,6.13,6.27,6.51,6.49,5.42,5.74,6.66,6.62,6.46,75.9,1,3,1,2,0,85.4,2.4,49.7,66.2,0,Low,Average
1823,Male,Kolkata,Tier2,ECE,AI,No,No,6.79,7.59,7.46,7.15,7.33,7.26,7.29,7.36,7.28,76.4,1,2,2,1,1,56.4,3.8,65.6,60.9,0,Mid,Average
1824,Male,Jaipur,Tier2,Civil,AI,No,No,6.69,7.69,6.77,7.16,6.67,6.66,7.13,7.77,6.96,85.5,1,0,1,1,1,64.5,3.2,45.2,62.4,0,Mid,Average
1825,Female,Bangalore,Tier3,IT,Networking,Yes,Yes,4.19,4.62,4.24,4.13,4.38,4.6,4.0,4.23,4.18,54.0,1,1,0,1,0,51.1,3.9,23.7,56.7,1,Low,Below-Average
1826,Male,Ahmedabad,Tier1,IT,AI,No,No,9.1,8.72,7.97,8.85,8.82,8.83,8.57,9.13,8.69,86.6,3,3,2,4,1,81.6,4.3,81.1,87.3,0,High,High-Achiever
1827,Male,Ahmedabad,Tier2,ECE,AI,Yes,Yes,5.85,5.73,6.33,5.89,6.15,6.13,5.36,6.03,5.89,62.7,2,2,1,2,1,63.5,3.1,58.1,48.8,0,Low,Average
1828,Female,Pune,Tier2,CS,Networking,Yes,No,6.14,5.87,6.42,6.61,6.54,6.63,6.66,5.93,6.43,65.5,2,1,1,4,0,63.5,3.4,62.5,67.2,1,Low,Average
1829,Female,Chennai,Tier2,IT,AI,No,No,7.95,7.18,6.44,7.31,7.32,7.32,6.65,7.23,7.08,65.3,2,3,2,2,0,57.7,2.7,79.8,57.7,1,Mid,Specialist
1830,Female,Bangalore,Tier2,CS,Embedded,Yes,No,8.16,7.81,8.16,7.83,8.34,7.76,6.94,8.41,8.09,74.6,0,4,2,2,0,56.1,3.3,77.0,58.3,1,High,Average
1831,Male,Delhi,Tier2,Civil,DataScience,No,No,5.96,6.31,5.93,6.72,6.08,6.35,6.58,6.48,6.27,89.2,2,2,2,1,1,82.2,3.3,61.4,64.6,0,Low,Average
1832,Male,Bangalore,Tier2,Mechanical,Embedded,No,Yes,5.53,5.49,5.95,5.51,6.15,5.32,5.24,5.41,5.74,74.8,2,0,2,3,1,57.8,2.7,86.9,34.3,1,Low,Specialist
1833,Male,Mumbai,Tier2,CS,Embedded,No,No,7.32,7.35,6.78,6.62,7.12,6.75,7.17,6.68,7.03,67.7,1,2,1,2,1,69.8,3.6,61.8,73.7,0,Mid,Average
1834,Female,Mumbai,Tier1,ECE,Networking,Yes,No,9.63,9.68,9.07,8.91,9.81,9.17,9.09,9.42,9.39,84.4,2,3,2,2,3,78.0,4.4,89.0,81.6,0,High,High-Achiever
1835,Female,Hyderabad,Tier1,CS,AI,Yes,No,8.46,8.22,9.08,8.77,8.07,7.8,8.29,7.81,8.25,94.9,3,3,4,3,2,77.9,3.8,86.0,71.9,0,High,High-Achiever
1836,Female,Jaipur,Tier1,Mechanical,DataScience,No,No,7.67,8.26,8.61,8.47,8.5,8.33,7.28,7.89,8.26,93.6,1,4,3,2,2,77.3,3.5,85.1,73.9,0,High,High-Achiever
1837,Female,Bangalore,Tier1,CS,Embedded,No,No,8.67,9.73,9.69,8.88,8.79,8.98,9.24,9.18,9.27,88.1,1,4,4,3,1,70.7,4.3,87.2,66.1,0,High,High-Achiever
1838,Female,Ahmedabad,Tier2,EE,DataScience,No,No,6.55,7.29,6.79,6.43,6.4,7.04,6.38,6.93,6.78,71.5,1,1,2,2,0,63.7,3.8,43.6,59.5,0,Mid,Average
1839,Female,Jaipur,Tier3,EE,DataScience,Yes,Yes,6.2,6.03,6.58,6.22,6.16,5.78,5.81,6.02,6.01,71.2,1,0,0,0,0,44.3,3.2,24.1,39.2,1,Low,Below-Average
1840,Male,Kolkata,Tier3,Mechanical,DataScience,Yes,No,4.29,4.93,4.63,5.11,4.0,4.49,4.6,4.23,4.47,50.1,1,0,0,1,0,58.5,3.1,41.2,30.7,1,Low,Below-Average
1841,Female,Hyderabad,Tier1,Civil,DataScience,No,No,8.6,9.44,8.58,8.84,8.98,8.3,8.33,8.14,8.41,90.0,3,3,2,2,0,72.8,4.8,80.6,83.4,1,High,High-Achiever
1842,Female,Kolkata,Tier2,Civil,AI,Yes,No,6.4,6.33,6.39,6.03,6.09,5.5,6.08,5.69,6.0,93.2,0,2,2,1,1,60.4,4.0,65.2,72.2,0,Low,Average
1843,Female,Kochi,Tier1,IT,DataScience,No,No,7.67,7.48,7.88,8.39,7.6,8.13,7.63,7.63,7.97,89.0,2,3,2,2,1,74.6,5.0,82.1,77.8,0,Mid,High-Achiever
1844,Male,Ahmedabad,Tier2,Mechanical,AI,Yes,Yes,6.63,6.22,6.89,6.16,6.54,6.75,6.58,6.45,6.67,63.0,1,2,1,2,0,74.4,5.0,89.7,51.3,0,Mid,Specialist
1845,Male,Ahmedabad,Tier1,IT,Embedded,Yes,No,7.95,8.77,8.45,8.95,8.55,8.93,8.13,8.56,8.48,90.1,2,4,1,2,1,74.8,3.5,73.3,81.0,0,High,High-Achiever
1846,Male,Bangalore,Tier2,CS,AI,No,No,7.04,6.7,6.87,6.62,6.4,6.85,7.47,7.65,6.81,71.2,1,2,1,2,0,69.5,2.4,59.9,61.8,1,Mid,Average
1847,Male,Hyderabad,Tier2,Civil,DataScience,Yes,No,6.95,7.16,6.12,6.88,5.91,6.69,6.94,6.66,6.55,63.8,0,2,1,2,1,72.8,3.5,47.9,53.3,0,Mid,Average
1848,Female,Bangalore,Tier2,Civil,DataScience,Yes,No,6.76,7.35,6.3,6.43,6.33,6.25,7.35,6.97,6.87,80.6,1,3,1,3,0,63.8,3.8,63.5,56.8,0,Mid,Average
1849,Female,Pune,Tier2,Mechanical,Embedded,Yes,No,7.87,7.04,6.42,7.79,6.93,6.81,7.53,6.93,7.18,83.9,2,1,2,3,0,54.0,3.5,43.1,59.6,1,Mid,Average
1850,Male,Kochi,Tier3,ECE,DataScience,No,Yes,5.78,6.0,6.18,6.92,6.52,6.55,6.36,5.66,6.19,56.9,0,0,0,1,0,35.7,3.2,45.5,46.5,1,Low,Below-Average
1851,Female,Pune,Tier1,ECE,Embedded,Yes,Yes,7.55,7.46,7.41,7.04,7.04,7.28,6.79,8.02,7.19,86.1,3,3,2,3,1,85.2,4.1,71.7,78.1,1,Mid,High-Achiever
1852,Male,Chennai,Tier2,Mechanical,DataScience,No,Yes,5.65,5.52,5.58,5.53,4.97,5.24,5.25,5.45,5.33,61.3,1,2,1,3,0,47.4,2.7,81.9,57.5,1,Low,Specialist
1853,Female,Kochi,Tier2,IT,DataScience,No,No,6.83,7.81,6.62,6.57,6.86,6.95,7.35,7.75,7.1,73.8,0,0,2,2,0,68.1,3.2,68.1,49.8,1,Mid,Average
1854,Female,Chennai,Tier3,EE,DataScience,Yes,No,5.14,5.27,5.51,5.48,5.19,6.11,5.42,5.75,5.43,54.4,0,1,0,1,0,49.0,2.7,44.3,50.7,1,Low,Below-Average
1855,Male,Kolkata,Tier3,ECE,Embedded,Yes,Yes,4.91,5.92,5.77,5.1,5.53,5.23,5.87,5.89,5.78,49.9,0,2,2,1,1,51.4,3.3,25.5,44.0,1,Low,Below-Average
1856,Male,Chennai,Tier2,IT,DataScience,Yes,Yes,6.48,6.78,6.57,6.2,5.9,6.28,6.88,6.02,6.21,87.0,1,3,0,1,1,64.7,2.9,79.6,85.6,0,Low,Specialist
1857,Male,Jaipur,Tier1,EE,Embedded,No,Yes,8.29,8.44,8.24,8.41,8.63,8.69,8.21,8.28,8.35,90.3,2,4,1,4,1,74.4,4.1,71.5,75.3,0,High,High-Achiever
1858,Female,Delhi,Tier1,Mechanical,DataScience,No,No,8.42,8.33,8.55,8.68,8.63,7.76,7.71,8.34,8.24,90.9,3,4,1,3,2,74.1,4.4,70.1,80.3,0,High,High-Achiever
1859,Female,Delhi,Tier1,IT,Networking,No,No,8.64,8.68,7.94,8.91,7.78,8.04,8.76,9.24,8.38,92.4,1,5,1,4,1,84.3,4.1,82.8,97.8,0,High,High-Achiever
1860,Female,Mumbai,Tier1,Mechanical,AI,No,No,9.49,9.74,8.72,9.45,8.64,8.77,9.39,9.33,9.07,91.9,2,3,3,4,2,76.2,4.6,85.9,79.4,1,High,High-Achiever
1861,Female,Kolkata,Tier2,Civil,DataScience,Yes,No,7.08,6.53,6.53,6.97,6.6,7.22,6.63,7.13,6.56,71.7,0,1,1,1,0,43.0,3.0,64.0,61.5,1,Mid,Average
1862,Male,Mumbai,Tier2,Civil,Networking,Yes,No,5.89,6.31,6.12,5.64,6.15,6.12,6.34,6.18,5.95,72.5,0,4,0,3,1,66.5,2.4,89.8,43.2,0,Low,Specialist
1863,Female,Ahmedabad,Tier2,Civil,Networking,Yes,No,5.75,6.08,5.84,6.1,6.09,5.66,6.14,6.21,6.15,67.6,1,3,2,0,0,49.6,3.4,84.9,73.3,1,Low,Specialist
1864,Female,Hyderabad,Tier2,ECE,AI,No,Yes,7.59,6.95,8.05,8.17,7.83,7.71,7.54,7.23,7.94,78.5,1,1,2,3,0,68.7,3.7,57.5,52.7,0,Mid,Average
1865,Male,Kolkata,Tier2,Mechanical,DataScience,Yes,No,6.62,6.49,6.66,6.64,7.68,6.48,6.44,6.99,6.82,77.7,0,2,2,1,1,76.1,3.1,50.3,65.4,0,Mid,Average
1866,Female,Delhi,Tier3,Mechanical,AI,No,Yes,6.15,6.25,6.85,6.51,5.77,5.69,6.45,6.72,6.17,56.2,0,1,1,1,1,48.2,3.6,37.6,39.3,0,Low,Below-Average
1867,Male,Kolkata,Tier2,Civil,DataScience,No,No,6.85,6.76,6.72,7.23,7.39,7.0,7.17,6.49,6.99,58.0,0,2,0,2,0,70.0,4.5,74.4,52.7,0,Mid,Specialist
1868,Female,Ahmedabad,Tier1,EE,Networking,Yes,No,8.11,8.25,8.43,8.76,8.63,8.34,8.04,8.44,8.47,88.7,2,3,3,4,1,80.9,3.9,76.1,68.0,0,High,High-Achiever
1869,Male,Mumbai,Tier2,Civil,AI,No,Yes,6.39,6.82,6.66,6.33,6.45,6.76,7.01,6.76,6.87,73.4,2,2,2,2,0,77.7,4.2,60.8,72.7,1,Mid,Average
1870,Female,Hyderabad,Tier3,EE,Networking,No,No,4.93,5.35,5.38,5.37,5.11,5.11,5.3,5.39,5.27,41.1,1,1,0,0,0,38.4,1.4,40.8,41.2,0,Low,Below-Average
1871,Male,Mumbai,Tier2,Mechanical,Networking,No,No,6.0,6.75,6.67,6.95,7.1,7.15,7.12,7.33,6.85,79.1,1,3,2,2,1,64.9,4.0,87.6,52.3,1,Mid,Average
1872,Male,Bangalore,Tier2,ECE,Networking,No,No,7.2,7.6,6.96,7.59,7.41,7.85,6.59,7.76,7.51,82.7,1,2,1,2,2,70.4,3.1,47.9,72.0,1,Mid,Average
1873,Female,Chennai,Tier2,CS,AI,No,No,5.94,6.09,5.8,6.43,6.12,5.86,5.53,6.3,6.18,92.8,1,2,1,0,0,58.1,3.9,84.0,49.0,1,Low,Specialist
1874,Female,Mumbai,Tier2,ECE,AI,Yes,Yes,5.2,6.12,6.26,5.6,6.62,5.74,6.99,6.5,6.19,66.5,1,4,1,2,2,71.5,2.5,73.6,59.0,1,Low,Specialist
1875,Male,Bangalore,Tier2,ECE,Networking,No,No,4.9,5.57,4.73,4.64,5.73,5.18,4.72,4.56,5.1,65.2,1,3,2,1,2,55.7,3.2,81.9,65.1,1,Low,Specialist
1876,Male,Jaipur,Tier3,Mechanical,Embedded,No,No,4.51,4.95,4.57,4.79,4.34,5.22,4.77,4.09,4.82,48.9,0,1,1,1,0,66.6,2.3,38.5,48.7,0,Low,Below-Average
1877,Male,Bangalore,Tier1,Mechanical,Networking,No,No,9.53,9.4,9.41,9.98,9.14,9.88,9.43,9.08,9.57,89.0,2,2,3,3,1,92.7,4.1,87.9,62.6,1,High,High-Achiever
1878,Female,Kochi,Tier2,EE,DataScience,No,No,6.31,7.68,6.81,6.63,7.42,6.91,6.92,6.02,6.89,76.6,0,1,2,3,0,67.3,4.4,56.0,67.6,1,Mid,Average
1879,Female,Kolkata,Tier2,IT,AI,No,No,6.94,6.41,6.8,6.96,6.49,6.67,6.36,6.52,6.54,68.5,1,1,1,2,0,69.4,3.4,58.3,61.2,0,Mid,Average
1880,Male,Jaipur,Tier2,Mechanical,Embedded,No,No,7.75,7.82,8.26,7.41,8.16,7.87,8.22,7.7,7.86,73.6,2,2,0,2,1,74.5,4.6,56.1,59.4,1,Mid,Average
1881,Female,Mumbai,Tier2,Mechanical,Networking,No,Yes,7.39,6.93,7.18,6.81,8.15,7.13,7.5,7.12,7.17,59.2,2,2,1,2,0,55.5,3.3,47.4,61.1,1,Mid,Average
1882,Female,Ahmedabad,Tier2,Civil,Networking,No,No,7.51,7.07,6.72,7.59,6.91,6.71,7.06,7.44,7.35,82.4,1,3,1,1,0,54.5,4.2,54.1,49.1,0,Mid,Average
1883,Male,Hyderabad,Tier2,IT,Networking,No,No,6.93,6.97,7.55,6.94,6.51,6.92,6.56,6.73,6.92,68.8,2,1,2,2,0,75.1,2.7,56.6,63.5,1,Mid,Average
1884,Female,Delhi,Tier3,Mechanical,AI,Yes,No,5.94,5.09,5.25,5.44,4.62,5.38,5.5,5.52,5.28,59.7,1,0,1,1,0,50.5,2.6,42.7,30.4,1,Low,Below-Average
1885,Male,Hyderabad,Tier2,CS,Embedded,Yes,Yes,6.96,6.42,7.09,6.73,6.54,6.99,6.88,6.68,6.9,63.6,1,2,2,2,1,63.2,3.2,65.0,59.7,0,Mid,Average
1886,Male,Kochi,Tier2,Mechanical,DataScience,Yes,Yes,6.18,5.66,6.74,6.66,6.18,6.0,6.02,5.78,6.17,70.3,0,2,2,2,1,65.1,4.3,57.9,63.3,0,Low,Average
1887,Female,Mumbai,Tier1,Mechanical,Embedded,No,No,9.42,8.33,8.85,7.39,9.05,8.27,9.0,8.85,8.46,86.6,3,1,3,2,1,65.7,4.3,80.2,85.5,1,High,High-Achiever
1888,Female,Kolkata,Tier1,Mechanical,DataScience,Yes,No,8.78,8.68,7.86,8.34,8.88,9.19,8.27,8.6,8.65,87.9,3,2,2,4,2,78.9,3.4,70.0,72.3,1,High,High-Achiever
1889,Female,Bangalore,Tier3,ECE,AI,Yes,No,6.24,6.88,6.64,6.65,6.17,6.34,6.63,7.46,6.8,64.8,1,1,1,1,0,41.2,2.0,47.4,58.5,0,Mid,Below-Average
1890,Male,Kolkata,Tier2,ECE,Networking,Yes,No,6.81,7.61,7.29,6.75,7.94,7.43,7.2,7.72,7.05,86.5,3,3,1,2,0,72.3,3.0,53.7,69.6,0,Mid,Average
1891,Male,Jaipur,Tier1,CS,AI,No,No,8.17,7.58,7.22,7.35,7.48,6.98,7.04,7.33,7.33,91.7,1,5,3,3,1,86.0,4.6,87.2,75.0,0,Mid,High-Achiever
1892,Male,Pune,Tier3,ECE,Embedded,Yes,No,4.76,5.44,5.69,5.63,5.91,5.3,5.85,5.24,5.43,69.6,0,1,0,0,0,53.2,3.3,55.2,32.9,0,Low,Below-Average
1893,Male,Kolkata,Tier2,Mechanical,Embedded,No,No,8.95,8.55,8.44,8.88,9.11,9.18,8.6,7.99,8.64,86.6,0,2,1,2,0,68.2,3.3,58.3,50.4,0,High,Average
1894,Female,Hyderabad,Tier1,Civil,Embedded,No,No,9.41,8.63,8.75,9.76,8.76,9.13,8.95,9.25,8.93,90.8,3,3,3,3,1,71.0,4.0,74.8,79.9,1,High,High-Achiever
1895,Male,Chennai,Tier2,CS,Networking,No,Yes,6.83,6.36,6.59,6.54,6.4,6.64,6.02,6.65,6.51,74.7,2,3,1,3,0,69.7,3.9,59.8,56.1,1,Mid,Average
1896,Male,Bangalore,Tier1,EE,Embedded,Yes,No,8.56,9.07,8.37,8.96,8.46,8.75,7.74,8.94,8.8,93.0,2,5,3,3,1,83.8,3.7,84.4,86.4,1,High,High-Achiever
1897,Female,Pune,Tier3,IT,Networking,No,Yes,4.99,5.09,5.24,5.11,4.42,5.03,4.81,5.3,4.98,70.7,0,2,0,1,1,59.2,3.1,38.8,37.2,0,Low,Below-Average
1898,Male,Kochi,Tier1,ECE,AI,No,No,8.13,8.18,8.01,7.97,7.57,7.77,8.21,7.45,7.82,91.2,2,3,3,3,1,92.7,4.3,78.1,71.7,0,Mid,High-Achiever
1899,Male,Jaipur,Tier1,Mechanical,Networking,No,No,8.05,8.42,7.38,9.04,7.99,8.04,7.87,8.75,8.33,80.7,2,3,2,3,3,69.8,4.1,85.9,79.6,0,High,High-Achiever
1900,Male,Bangalore,Tier1,CS,AI,Yes,No,8.33,9.21,8.47,8.76,9.17,8.07,8.49,8.41,8.55,83.8,3,4,3,2,1,77.7,4.4,85.5,73.2,1,High,High-Achiever
1901,Male,Bangalore,Tier2,CS,AI,No,No,5.8,5.62,5.79,5.42,5.93,5.83,5.57,6.0,5.88,72.8,1,3,1,2,1,59.1,3.6,56.9,62.1,0,Low,Average
1902,Male,Kolkata,Tier1,IT,Networking,No,No,7.92,7.99,7.74,8.2,8.77,8.42,8.12,7.96,7.93,91.9,3,3,1,2,2,81.0,4.4,70.4,84.9,1,Mid,High-Achiever
1903,Female,Ahmedabad,Tier3,IT,AI,No,No,6.06,5.66,5.83,5.47,5.16,6.0,5.48,5.08,5.51,59.8,0,0,1,1,0,48.1,2.0,46.6,45.2,1,Low,Below-Average
1904,Female,Chennai,Tier1,Mechanical,AI,Yes,No,8.15,8.19,8.84,8.09,8.04,8.13,8.07,7.85,8.3,93.7,3,3,2,5,2,78.6,4.4,76.6,78.8,0,High,High-Achiever
1905,Female,Ahmedabad,Tier2,IT,Embedded,No,No,7.98,7.21,6.56,7.34,7.18,7.2,7.33,7.23,7.24,85.5,2,2,1,3,1,73.2,4.0,61.9,63.6,1,Mid,Average
1906,Female,Delhi,Tier2,Civil,AI,No,No,6.21,6.59,5.79,6.54,6.22,5.82,6.44,5.83,6.27,84.6,0,0,1,2,0,56.2,3.7,61.4,48.5,0,Low,Average
1907,Female,Pune,Tier2,Civil,Networking,No,No,7.49,8.26,7.67,7.99,7.82,7.42,7.9,7.25,7.43,84.6,2,2,2,3,1,56.7,3.8,43.0,65.1,0,Mid,Average
1908,Male,Pune,Tier1,Mechanical,AI,No,No,7.39,7.92,7.69,7.66,8.61,6.93,7.62,7.96,7.91,82.8,3,4,3,2,0,73.9,4.2,82.6,79.1,0,Mid,High-Achiever
1909,Female,Chennai,Tier3,ECE,AI,Yes,Yes,7.26,6.06,6.86,6.24,6.74,7.57,6.91,6.81,6.65,64.8,1,2,1,2,0,44.8,3.3,47.1,52.9,0,Mid,Below-Average
1910,Female,Delhi,Tier3,Mechanical,AI,Yes,No,4.22,4.35,4.83,4.0,4.78,4.27,4.7,4.0,4.3,53.9,1,0,0,1,0,36.9,2.8,48.4,50.1,1,Low,Below-Average
1911,Female,Delhi,Tier1,CS,AI,Yes,No,7.2,8.09,8.57,7.75,8.49,7.96,7.92,6.86,7.95,79.8,3,4,3,5,2,79.7,3.7,82.8,76.6,1,Mid,High-Achiever
1912,Female,Pune,Tier1,Civil,Embedded,No,No,9.01,8.54,8.56,8.06,8.34,8.97,8.72,8.94,8.71,86.6,1,4,2,5,1,79.0,4.5,68.2,85.2,0,High,High-Achiever
1913,Female,Delhi,Tier2,ECE,AI,No,Yes,7.26,7.14,7.43,7.3,7.43,7.99,7.18,7.69,7.33,81.9,2,3,1,0,1,52.1,2.1,95.2,51.5,0,Mid,Specialist
1914,Female,Delhi,Tier2,ECE,DataScience,No,No,7.06,7.14,7.41,7.41,7.1,7.15,7.17,6.56,7.19,78.7,1,1,1,3,0,72.0,3.6,63.7,64.0,0,Mid,Average
1915,Male,Hyderabad,Tier1,Civil,DataScience,No,No,8.95,8.95,8.43,8.62,8.72,8.26,8.0,8.83,8.78,98.1,3,3,2,3,2,79.6,4.0,73.6,75.8,1,High,High-Achiever
1916,Female,Chennai,Tier1,CS,DataScience,No,No,8.06,8.78,8.07,8.58,8.22,9.28,8.51,8.47,8.51,88.9,2,4,3,3,1,86.4,4.0,76.5,81.2,0,High,High-Achiever
1917,Female,Mumbai,Tier3,CS,Embedded,No,No,4.45,5.39,5.01,4.55,4.85,4.45,5.42,4.87,4.78,84.5,0,1,1,1,0,46.2,2.9,44.3,40.2,1,Low,Below-Average
1918,Male,Ahmedabad,Tier3,EE,DataScience,No,Yes,5.25,4.68,4.41,4.64,5.45,5.55,5.41,5.17,5.16,61.8,0,1,0,0,0,47.8,2.4,48.8,60.5,0,Low,Below-Average
1919,Female,Ahmedabad,Tier2,Civil,Embedded,Yes,No,6.72,6.01,6.22,6.52,6.67,6.31,6.12,6.79,6.27,75.2,2,3,2,2,1,60.5,3.8,55.6,78.1,0,Low,Average
1920,Female,Delhi,Tier2,Civil,Networking,Yes,Yes,5.68,4.58,4.72,5.3,5.13,5.1,5.27,5.59,4.98,58.5,1,2,1,1,0,59.9,3.2,91.6,65.5,1,Low,Specialist
1921,Female,Chennai,Tier2,Civil,DataScience,Yes,No,7.18,7.88,7.47,7.25,7.03,6.9,7.16,7.71,7.24,83.9,1,0,2,2,1,70.7,3.2,43.9,74.3,0,Mid,Average
1922,Male,Mumbai,Tier2,ECE,AI,No,No,6.32,6.56,6.81,6.47,6.16,7.06,6.22,6.71,6.33,71.0,1,2,2,3,1,61.7,4.2,50.6,49.7,0,Low,Average
1923,Male,Ahmedabad,Tier2,EE,Embedded,No,No,7.91,6.73,7.57,7.39,7.0,7.02,7.48,6.61,7.19,69.8,2,2,1,2,1,69.1,3.6,41.4,50.6,0,Mid,Average
1924,Female,Jaipur,Tier2,Mechanical,AI,No,No,6.26,5.94,6.06,5.85,6.24,5.65,6.18,6.23,6.22,85.2,3,2,2,2,0,58.5,3.8,51.9,59.4,0,Low,Average
1925,Male,Chennai,Tier1,IT,Embedded,Yes,No,8.78,8.5,7.95,9.36,8.58,9.09,8.59,9.0,8.65,93.8,1,4,1,3,0,84.6,4.8,92.6,78.3,0,High,High-Achiever
1926,Male,Pune,Tier1,Civil,AI,Yes,No,8.12,8.22,8.29,8.46,8.23,7.83,8.47,8.74,8.26,93.7,4,5,3,2,3,76.5,4.8,96.4,76.6,0,High,High-Achiever
1927,Female,Delhi,Tier2,Civil,AI,No,Yes,8.34,8.35,7.65,8.21,7.88,8.29,8.18,7.78,7.84,72.1,1,1,1,1,0,71.8,3.8,62.1,48.9,1,Mid,Average
1928,Female,Kochi,Tier3,CS,DataScience,No,Yes,5.43,6.2,5.72,5.6,5.92,5.3,5.55,5.88,5.73,59.5,1,1,1,1,0,48.5,2.6,35.6,55.5,0,Low,Below-Average
1929,Male,Hyderabad,Tier1,ECE,Networking,Yes,No,8.87,9.4,9.25,9.49,8.91,9.41,9.18,8.79,9.12,87.7,2,5,1,4,1,89.1,3.6,80.4,93.1,1,High,High-Achiever
1930,Male,Jaipur,Tier2,ECE,Embedded,No,No,6.75,6.28,6.35,6.07,6.11,6.57,6.46,6.95,6.55,81.3,1,0,3,2,0,55.8,3.6,64.3,72.2,0,Mid,Average
1931,Female,Ahmedabad,Tier2,Mechanical,Networking,Yes,No,7.17,6.5,6.78,6.86,7.68,6.99,7.03,6.93,7.03,87.4,1,2,0,2,1,53.2,4.0,45.9,70.7,0,Mid,Average
1932,Female,Bangalore,Tier2,ECE,DataScience,No,No,6.48,6.37,5.99,6.45,6.1,6.14,6.33,5.66,6.41,77.9,0,3,1,2,0,60.1,3.7,54.8,63.8,0,Low,Average
1933,Female,Chennai,Tier3,Civil,AI,Yes,Yes,5.49,5.2,5.34,4.97,5.87,5.24,4.76,5.52,5.21,79.7,0,2,1,0,0,35.5,1.0,56.3,35.6,0,Low,Below-Average
1934,Male,Jaipur,Tier3,ECE,Networking,No,Yes,6.0,5.47,4.81,5.52,5.73,5.18,5.27,5.22,5.32,69.0,1,1,1,2,0,35.6,3.3,31.5,44.7,1,Low,Below-Average
1935,Female,Delhi,Tier3,ECE,DataScience,No,Yes,5.84,5.05,5.11,5.45,4.6,4.87,5.17,4.75,4.99,57.7,0,1,1,0,0,53.6,3.4,34.5,65.1,0,Low,Below-Average
1936,Female,Kolkata,Tier1,IT,Networking,Yes,No,7.96,7.24,8.25,8.15,7.54,8.0,7.76,8.32,7.89,92.1,3,3,3,3,1,80.0,4.1,82.1,75.5,0,Mid,High-Achiever
1937,Male,Delhi,Tier2,Civil,Embedded,No,No,6.17,5.75,5.84,5.91,6.27,6.25,6.16,5.54,6.15,88.6,1,3,1,2,0,61.2,4.0,62.5,58.4,0,Low,Average
1938,Female,Pune,Tier2,ECE,AI,No,Yes,4.99,5.48,5.65,5.63,5.6,5.26,5.49,5.65,5.6,91.0,0,1,1,2,1,61.9,3.8,54.4,70.9,0,Low,Average
1939,Female,Kolkata,Tier1,ECE,AI,No,No,8.56,8.06,7.74,8.67,8.12,7.45,8.15,7.72,7.97,93.9,4,3,2,3,0,76.4,3.9,82.5,86.2,0,Mid,High-Achiever
1940,Male,Ahmedabad,Tier1,Mechanical,Networking,No,Yes,8.6,8.96,8.9,9.25,9.55,8.48,9.23,7.95,8.81,88.1,2,4,2,4,2,89.9,4.7,86.3,72.1,1,High,High-Achiever
1941,Female,Ahmedabad,Tier1,Mechanical,Networking,No,No,8.29,7.71,7.91,8.03,7.65,7.66,8.34,7.62,7.7,86.9,1,3,1,4,1,75.6,3.7,95.7,76.2,0,Mid,High-Achiever
1942,Male,Bangalore,Tier2,Mechanical,DataScience,Yes,No,6.23,6.28,6.22,6.05,6.63,6.34,6.55,5.75,6.18,79.6,1,2,1,3,0,54.4,3.5,58.9,58.0,1,Low,Average
1943,Female,Ahmedabad,Tier2,CS,AI,Yes,No,8.61,7.98,8.16,7.9,8.8,7.32,7.89,8.57,8.07,88.4,1,2,1,2,0,71.4,3.4,59.6,62.6,0,High,Average
1944,Female,Pune,Tier1,Civil,Networking,Yes,No,8.11,8.37,8.19,8.35,8.42,7.94,8.34,8.16,8.18,90.2,2,5,3,3,1,78.7,3.9,92.7,85.7,1,High,High-Achiever
1945,Female,Mumbai,Tier3,Mechanical,Embedded,Yes,Yes,5.14,5.74,6.17,6.12,5.24,5.86,5.0,5.7,5.72,64.5,0,1,0,2,0,66.3,3.0,36.5,36.0,0,Low,Below-Average
1946,Female,Delhi,Tier2,Mechanical,Networking,No,No,7.15,6.79,6.36,5.83,6.77,6.84,6.84,6.15,6.51,70.5,1,2,1,1,1,54.7,4.1,74.4,68.1,1,Mid,Specialist
1947,Female,Jaipur,Tier1,EE,DataScience,Yes,Yes,8.68,8.57,9.06,9.1,8.78,9.26,9.02,8.65,8.83,86.4,2,4,3,4,1,85.1,4.7,83.8,78.7,1,High,High-Achiever
1948,Female,Chennai,Tier2,Mechanical,DataScience,No,No,4.68,4.54,4.35,4.59,5.62,4.27,5.07,4.6,4.78,68.5,1,2,1,2,1,70.8,3.7,93.6,82.9,0,Low,Specialist
1949,Male,Ahmedabad,Tier1,Mechanical,Embedded,No,No,8.88,9.1,8.28,8.44,8.45,8.88,8.64,8.75,8.38,88.7,3,4,3,3,2,76.9,3.5,84.5,80.2,0,High,High-Achiever
1950,Female,Pune,Tier2,IT,Networking,Yes,No,4.61,4.79,4.47,4.31,5.36,5.22,5.09,4.8,4.71,85.5,1,3,2,2,1,52.6,2.3,84.2,53.8,0,Low,Specialist
1951,Male,Pune,Tier2,ECE,Embedded,Yes,No,8.69,8.76,8.6,8.65,7.95,7.99,7.75,7.95,7.96,67.8,1,3,2,2,1,67.4,3.3,73.4,61.9,1,Mid,Specialist
1952,Female,Pune,Tier1,CS,DataScience,No,No,7.79,7.1,7.93,7.31,7.41,7.31,8.09,7.97,7.7,88.3,3,2,4,3,2,83.4,4.2,81.6,75.6,0,Mid,High-Achiever
1953,Male,Kolkata,Tier3,CS,Networking,No,Yes,5.26,4.69,4.5,5.08,4.77,4.81,4.62,5.15,4.77,51.3,0,0,1,1,1,35.3,2.5,54.3,26.0,0,Low,Below-Average
1954,Male,Kolkata,Tier2,EE,DataScience,No,Yes,5.4,5.46,5.72,5.28,5.28,5.48,5.07,5.31,5.17,76.4,2,1,0,4,1,48.7,4.5,75.1,52.1,0,Low,Specialist
1955,Female,Kochi,Tier2,Mechanical,AI,No,No,4.7,5.07,4.67,4.89,4.96,4.64,5.27,5.2,4.8,82.3,2,4,2,3,1,34.6,3.3,83.0,51.9,0,Low,Specialist
1956,Female,Chennai,Tier2,Mechanical,AI,No,No,6.82,7.25,7.46,7.8,6.82,7.12,6.98,6.82,7.08,84.6,2,1,1,2,0,66.0,3.6,81.9,35.9,1,Mid,Specialist
1957,Female,Pune,Tier2,Mechanical,AI,No,No,8.52,8.51,8.19,8.27,8.3,8.2,8.89,8.9,8.45,76.6,2,3,1,2,0,62.9,4.0,53.7,61.4,0,High,Average
1958,Female,Bangalore,Tier1,ECE,DataScience,No,Yes,8.43,7.75,8.67,8.28,8.66,8.44,8.01,8.1,8.26,90.9,2,3,3,4,2,79.0,4.2,83.7,63.5,1,High,High-Achiever
1959,Male,Ahmedabad,Tier3,EE,DataScience,No,Yes,4.86,4.93,4.11,5.0,4.15,4.64,4.38,4.54,4.58,58.5,0,1,0,0,0,32.8,4.4,46.4,40.5,1,Low,Below-Average
1960,Female,Hyderabad,Tier2,Mechanical,DataScience,Yes,No,5.95,5.81,5.43,5.69,6.12,5.22,5.64,5.87,5.66,79.2,1,2,1,2,1,56.2,3.0,63.9,63.9,1,Low,Average
1961,Female,Delhi,Tier2,CS,Networking,Yes,No,6.89,6.96,7.03,6.8,7.23,6.72,6.96,6.83,6.85,77.5,0,3,2,0,0,61.2,3.2,51.2,62.8,1,Mid,Average
1962,Female,Ahmedabad,Tier2,EE,AI,Yes,No,6.93,5.95,6.67,6.77,7.07,6.44,7.53,6.37,6.81,75.5,2,3,1,2,1,59.6,3.0,45.2,58.7,1,Mid,Average
1963,Male,Chennai,Tier2,ECE,AI,Yes,No,6.76,6.59,6.37,6.95,6.68,6.21,6.78,6.44,6.61,76.1,1,2,2,2,0,65.9,4.3,62.4,61.3,1,Mid,Average
1964,Male,Chennai,Tier1,IT,Embedded,Yes,No,8.67,8.9,9.69,8.65,8.62,8.12,8.85,8.22,8.61,90.3,3,5,2,2,1,83.5,4.5,78.5,72.5,1,High,High-Achiever
1965,Male,Hyderabad,Tier3,EE,AI,Yes,No,5.96,6.25,4.92,5.77,5.78,5.41,5.68,5.43,5.78,57.1,0,1,0,2,0,68.4,2.5,60.4,44.1,0,Low,Below-Average
1966,Female,Delhi,Tier1,ECE,Embedded,No,No,8.13,8.1,8.74,8.73,9.35,8.46,9.14,8.68,8.66,86.8,3,4,4,2,2,79.9,3.9,95.2,78.4,0,High,High-Achiever
1967,Female,Kochi,Tier3,EE,Networking,Yes,No,5.0,5.35,5.07,5.47,5.16,5.51,5.47,4.82,5.28,77.1,0,2,0,1,0,58.0,3.6,61.9,35.0,1,Low,Below-Average
1968,Female,Jaipur,Tier3,Mechanical,Embedded,No,No,4.06,5.12,4.52,5.09,4.87,4.37,4.82,4.24,4.73,87.1,0,2,1,1,0,40.5,3.0,32.6,46.7,1,Low,Below-Average
1969,Female,Kolkata,Tier2,EE,Networking,Yes,No,7.2,8.02,7.03,7.22,6.87,6.93,7.28,7.11,7.4,65.4,0,2,3,3,2,51.6,4.2,65.1,64.1,0,Mid,Average
1970,Male,Pune,Tier2,EE,Embedded,No,No,6.67,6.99,7.04,7.44,6.8,6.88,6.81,6.86,7.01,64.9,1,2,1,1,1,62.2,3.5,67.8,60.7,0,Mid,Average
1971,Female,Kochi,Tier2,ECE,Networking,No,No,7.22,8.18,7.22,7.16,7.57,7.23,7.07,7.52,7.53,67.3,1,1,2,2,0,52.2,3.8,66.8,81.4,1,Mid,Average
1972,Female,Pune,Tier2,CS,Networking,No,Yes,7.61,6.77,7.42,6.3,6.54,6.15,6.74,6.38,6.63,69.1,0,2,2,3,0,60.1,3.4,82.2,53.3,0,Mid,Specialist
1973,Male,Kochi,Tier3,ECE,AI,Yes,Yes,4.63,5.11,4.33,4.76,4.0,5.08,4.0,4.49,4.5,69.0,1,0,1,1,0,41.0,2.4,54.8,41.2,0,Low,Below-Average
1974,Female,Chennai,Tier2,EE,Networking,No,No,6.82,6.45,6.0,5.8,5.73,6.38,5.67,6.67,6.14,79.7,1,2,1,2,0,49.4,3.4,60.0,58.6,1,Low,Average
1975,Female,Mumbai,Tier1,ECE,AI,No,No,7.82,8.32,7.66,8.25,7.93,8.41,8.54,8.08,8.12,88.9,1,3,1,4,2,90.4,3.7,82.9,71.2,0,High,High-Achiever
1976,Female,Delhi,Tier1,CS,AI,No,No,8.18,7.69,7.78,7.84,8.27,8.33,8.35,8.09,7.97,90.6,4,4,2,3,2,76.8,4.4,71.2,82.8,1,Mid,High-Achiever
1977,Female,Bangalore,Tier2,EE,DataScience,Yes,No,6.91,7.63,7.44,7.45,7.24,7.01,6.82,7.25,7.45,69.5,1,2,2,3,0,51.9,3.9,65.8,56.5,0,Mid,Average
1978,Female,Hyderabad,Tier2,EE,Embedded,No,No,5.93,5.74,6.34,6.38,6.45,5.84,6.29,6.22,6.28,67.8,0,1,1,2,0,69.0,3.9,82.9,48.2,1,Low,Specialist
1979,Female,Jaipur,Tier3,Civil,AI,Yes,No,5.72,6.6,5.95,7.11,5.4,6.2,6.02,6.69,6.27,59.8,0,0,2,1,0,41.4,3.2,46.6,38.6,0,Low,Below-Average
1980,Male,Bangalore,Tier1,Civil,AI,No,No,9.38,8.68,8.25,8.86,8.86,9.16,8.94,8.87,8.7,80.1,2,3,3,4,3,86.5,4.1,83.6,71.1,0,High,High-Achiever
1981,Male,Ahmedabad,Tier3,EE,Embedded,Yes,No,5.6,5.43,5.59,5.84,6.38,6.06,6.08,5.48,5.65,48.4,0,0,1,0,0,41.4,3.7,43.8,26.5,1,Low,Below-Average
1982,Female,Bangalore,Tier2,CS,Networking,No,No,8.0,7.42,8.0,7.51,7.55,7.77,7.67,7.54,7.72,66.0,2,1,2,2,1,60.7,3.9,59.6,58.3,1,Mid,Average
1983,Male,Ahmedabad,Tier3,Mechanical,Networking,No,No,5.83,5.85,5.75,5.37,5.63,5.39,6.2,5.63,5.83,67.6,0,2,1,0,0,51.1,3.6,49.9,52.7,1,Low,Below-Average
1984,Male,Ahmedabad,Tier1,ECE,Embedded,Yes,No,8.64,8.94,8.42,7.75,8.76,7.78,8.69,8.02,8.53,89.2,3,2,2,5,0,83.6,4.8,80.6,79.4,0,High,High-Achiever
1985,Female,Hyderabad,Tier2,EE,Embedded,Yes,No,7.91,8.26,7.47,8.04,8.17,8.03,8.0,7.72,7.89,79.9,1,4,1,4,0,71.1,3.4,46.9,74.5,1,Mid,Average
1986,Female,Ahmedabad,Tier2,Mechanical,Embedded,No,Yes,6.5,6.12,6.16,6.23,6.25,6.5,6.27,6.04,6.09,53.4,1,3,1,2,1,59.1,3.5,89.6,64.0,1,Low,Specialist
1987,Male,Chennai,Tier1,EE,AI,No,No,8.33,7.79,8.35,8.37,8.66,8.53,8.65,7.86,8.35,80.6,3,4,3,3,1,83.2,4.5,76.3,81.7,1,High,High-Achiever
1988,Female,Pune,Tier3,ECE,DataScience,Yes,Yes,5.18,4.39,4.94,5.36,5.49,4.81,4.98,4.25,4.91,66.6,1,2,1,1,0,54.7,2.1,28.8,62.8,0,Low,Below-Average
1989,Female,Chennai,Tier2,Civil,DataScience,No,Yes,6.72,6.55,6.78,7.3,6.14,6.92,6.22,6.96,6.56,45.0,2,3,2,2,0,62.0,2.4,76.8,53.8,0,Mid,Specialist
1990,Male,Chennai,Tier1,ECE,AI,No,No,9.83,8.68,8.47,8.95,9.3,8.68,8.7,9.77,9.12,94.1,2,5,2,3,0,79.1,3.7,84.0,78.4,0,High,High-Achiever
1991,Female,Chennai,Tier1,EE,Networking,No,No,8.11,9.16,8.62,9.26,8.32,8.57,8.32,9.15,8.47,78.9,2,3,3,3,2,71.3,4.2,81.3,77.9,1,High,High-Achiever
1992,Male,Mumbai,Tier3,EE,AI,Yes,Yes,5.89,6.69,7.11,6.13,5.8,7.3,6.55,5.75,6.42,68.4,0,1,2,0,0,53.4,2.6,20.7,59.4,0,Low,Below-Average
1993,Female,Bangalore,Tier2,Mechanical,Networking,No,No,5.6,5.63,5.91,6.31,5.69,6.44,5.02,6.35,5.82,67.9,1,1,1,2,0,65.3,2.8,56.5,62.0,1,Low,Average
1994,Female,Bangalore,Tier1,Civil,Embedded,No,No,7.76,8.8,8.73,8.89,8.28,8.01,8.46,8.81,8.47,93.2,3,2,4,3,1,77.5,4.3,90.2,73.5,1,High,High-Achiever
1995,Male,Hyderabad,Tier2,IT,Networking,Yes,No,6.95,7.32,7.43,6.98,6.74,6.91,7.4,6.8,6.98,100.0,2,1,2,2,1,75.2,3.5,55.9,66.7,0,Mid,Average
1996,Female,Mumbai,Tier3,Civil,Networking,Yes,No,4.49,4.28,5.06,4.98,5.02,5.22,4.93,5.17,4.99,40.0,0,2,1,1,0,35.1,3.5,40.3,35.8,1,Low,Below-Average
1997,Male,Chennai,Tier1,EE,Embedded,Yes,No,9.73,9.67,9.83,9.28,9.79,9.65,9.82,9.59,9.69,91.5,3,3,3,3,2,89.9,5.0,89.3,81.7,1,High,High-Achiever
1998,Female,Delhi,Tier2,IT,DataScience,Yes,No,7.39,6.32,6.35,7.37,7.46,6.95,7.06,7.11,6.96,60.5,1,4,1,2,0,64.8,3.7,67.2,65.3,0,Mid,Average
1999,Male,Mumbai,Tier3,EE,AI,No,No,5.48,4.88,5.0,5.09,4.99,4.54,5.33,5.3,5.21,64.3,0,2,0,1,0,50.9,2.4,52.2,42.1,0,Low,Below-Average
2000,Female,Bangalore,Tier2,Civil,Embedded,Yes,No,6.5,6.7,6.68,6.87,6.41,6.68,7.06,7.32,7.02,73.3,1,5,2,3,1,61.8,3.8,35.0,66.5,0,Mid,Average
